"current_file","current_title","recommended_title","main_keyword","secondary_keywords","recommended_h1","meta_description","step_by_step_recommended","seo_priority"
"en/add-carry.html","Addition With Regrouping Worksheets | Googoodan","2 Digit Addition With Regrouping Worksheets | Googoodan","2 digit addition with regrouping worksheets","free printable 2 digit addition with regrouping worksheets; 2 digit addition with regrouping practice sheets with answer key; 2 digit addition with regrouping printable math practice","2 Digit Addition With Regrouping Worksheets","Free printable 2 digit addition with regrouping worksheets with a matching answer key. Generate a fresh practice set for home, tutoring, or classroom use.","Yes","High"
"en/add-small.html","Addition Within 20 Worksheets | Googoodan","Addition Within 20 Worksheets | Googoodan","addition within 20 worksheets","free printable addition within 20 worksheets; addition within 20 practice sheets with answer key; addition within 20 printable math practice","Addition Within 20 Worksheets","Use free printable addition within 20 worksheets for focused practice. Create another set with its matching answer key whenever more practice is needed.","No","Medium"
"en/add-two.html","Two Digit Addition Without Regrouping Worksheets | Googoodan","2 Digit Addition Without Regrouping Worksheets | Googoodan","2 digit addition no regrouping worksheets","free printable 2 digit addition without regrouping worksheets; 2 digit addition no regrouping practice sheets with answer key; 2 digit addition no regrouping printable math practice","2 Digit Addition Without Regrouping Worksheets","Free printable 2 digit addition without regrouping worksheets with a matching answer key. Generate a fresh practice set for home, tutoring, or classroom use.","Yes","High"
"en/addition-maze.html","Addition Maze Worksheets Within 20 | Googoodan","Addition Maze Worksheets Within 20 | Googoodan","addition maze worksheets within 20","free printable addition maze worksheets within 20; addition maze within 20 practice sheets with answer key; addition maze within 20 printable math practice","Addition Maze Worksheets Within 20","Free printable addition maze within 20 worksheets with a matching answer key. Generate a fresh practice set for home, tutoring, or classroom use.","No","Medium"
"en/addition-worksheets.html","Addition Worksheets - Free Printable | Googoodan","Addition Worksheets - Free Printable | Googoodan","addition worksheets","free printable addition worksheets - free printable; addition practice sheets with answer key; addition printable math practice","Addition Worksheets - Free Printable","Use free printable addition worksheets for focused practice. Create another set with its matching answer key whenever more practice is needed.","No","High"
"en/angles.html","Angles Worksheets | Googoodan","Angles Worksheets | Googoodan","angles worksheets","free printable angles worksheets; angles practice sheets with answer key; angles printable math practice","Angles Worksheets","Build skills with free printable angles worksheets. Generate new practice questions and a matching answer key for lessons or home.","No","Low"
"en/area-and-perimeter.html","Area and Perimeter Worksheets | Googoodan","Area and Perimeter Worksheets | Googoodan","area and perimeter worksheets","free printable area and perimeter worksheets; area and perimeter practice sheets with answer key; area and perimeter printable math practice","Area and Perimeter Worksheets","Build skills with free printable area and perimeter worksheets. Generate new practice questions and a matching answer key for lessons or home.","Yes","Medium"
"en/average.html","Mean and Average Worksheets | Googoodan","Mean and Average Worksheets | Googoodan","mean and average worksheets","free printable mean and average worksheets; mean and average practice sheets with answer key; mean and average printable math practice","Mean and Average Worksheets","Build skills with free printable mean and average worksheets. Generate new practice questions and a matching answer key for lessons or home.","No","Low"
"en/balance-the-equation.html","Balance the Equation Worksheets | Googoodan","Balance the Equation Worksheets | Googoodan","balance the equation worksheets","free printable balance the equation worksheets; balance the equation practice sheets with answer key; balance the equation printable math practice","Balance the Equation Worksheets","Build skills with free printable balance the equation worksheets. Generate new practice questions and a matching answer key for lessons or home.","Yes","Medium"
"en/bar-graph.html","Bar Graph Worksheets | Googoodan","Bar Graph Worksheets | Googoodan","bar graph worksheets","free printable bar graph worksheets; bar graph practice sheets with answer key; bar graph printable math practice","Bar Graph Worksheets","Free printable bar graph worksheets with a matching answer key. Generate a fresh practice set for home, tutoring, or classroom use.","No","Low"
"en/choose-operation-word-problems.html","Choose the Operation Word Problems Worksheets | Googoodan","Choose the Operation Word Problem Worksheets | Googoodan","choose the operation word problem worksheets","free printable choose the operation word problem worksheets; choose the operation word problem practice sheets with answer key; choose the operation word problem printable math practice","Choose the Operation Word Problem Worksheets","Build reasoning with free printable choose the operation word problem worksheets. The included answer key helps check practice during lessons, tutoring, or homework.","Yes","High"
"en/circle-area.html","Circle Area and Circumference Worksheets | Googoodan","Circle Area and Circumference Worksheets | Googoodan","circle area and circumference worksheets","free printable circle area and circumference worksheets; circle area and circumference practice sheets with answer key; circle area and circumference printable math practice","Circle Area and Circumference Worksheets","Free printable circle area and circumference worksheets with a matching answer key. Generate a fresh practice set for home, tutoring, or classroom use.","Yes","Medium"
"en/color-by-number.html","Color by Number Math Worksheets | Googoodan","Color by Number Math Worksheets | Googoodan","color by number math worksheets","free printable color by number math worksheets; color by number math practice sheets with answer key; color by number math printable math practice","Color by Number Math Worksheets","Free printable color by number math worksheets with a matching answer key. Generate a fresh practice set for home, tutoring, or classroom use.","No","Medium"
"en/common-denominators.html","Common Denominator Worksheets | Googoodan","Common Denominator Worksheets | Googoodan","common denominator worksheets","free printable common denominator worksheets; common denominator practice sheets with answer key; common denominator printable math practice","Common Denominator Worksheets","Use free printable common denominator worksheets for focused practice. Create another set with its matching answer key whenever more practice is needed.","No","Low"
"en/compare-ten.html","Comparing Numbers Within 10 Worksheets | Googoodan","Comparing Numbers Within 10 Worksheets | Googoodan","comparing numbers within 10 worksheets","free printable comparing numbers within 10 worksheets; comparing numbers within 10 practice sheets with answer key; comparing numbers within 10 printable math practice","Comparing Numbers Within 10 Worksheets","Free printable comparing numbers within 10 worksheets with a matching answer key. Generate a fresh practice set for home, tutoring, or classroom use.","No","Medium"
"en/compare-three-digit-symbols.html","3-Digit Number Comparison Worksheets | Googoodan","3 Digit Number Comparison Worksheets | Googoodan","3 digit number comparison worksheets","free printable 3 digit number comparison worksheets; 3 digit number comparison practice sheets with answer key; 3 digit number comparison printable math practice","3 Digit Number Comparison Worksheets","Use free printable 3 digit number comparison worksheets for focused practice. Create another set with its matching answer key whenever more practice is needed.","No","Medium"
"en/compare-two-digit-symbols.html","2-Digit Number Comparison Worksheets | Googoodan","2 Digit Number Comparison Worksheets | Googoodan","2 digit number comparison worksheets","free printable 2 digit number comparison worksheets; 2 digit number comparison practice sheets with answer key; 2 digit number comparison printable math practice","2 Digit Number Comparison Worksheets","Free printable 2 digit number comparison worksheets with a matching answer key. Generate a fresh practice set for home, tutoring, or classroom use.","No","Medium"
"en/compare-word-problems-more-fewer.html","Compare Word Problems: More and Fewer Worksheets | Googoodan","Compare Word Problems: More and Fewer Worksheets | Googoodan","compare word problems more and fewer worksheets","free printable compare word problems: more and fewer worksheets; compare word problems more and fewer practice sheets with answer key; compare word problems more and fewer printable math practice","Compare Word Problems: More and Fewer Worksheets","Free printable compare word problems: more and fewer worksheets. Get fresh practice and a matching answer key for home or class.","Yes","High"
"en/compare.html","Comparing Numbers Worksheets | Googoodan","Comparing Numbers Worksheets | Googoodan","comparing numbers worksheets","free printable comparing numbers worksheets; comparing numbers practice sheets with answer key; comparing numbers printable math practice","Comparing Numbers Worksheets","Free printable comparing numbers worksheets with a matching answer key. Generate a fresh practice set for home, tutoring, or classroom use.","No","Medium"
"en/comparing-fractions.html","Comparing Fractions Worksheets | Googoodan","Comparing Fractions Worksheets | Googoodan","comparing fractions worksheets","free printable comparing fractions worksheets; comparing fractions practice sheets with answer key; comparing fractions printable math practice","Comparing Fractions Worksheets","Use free printable comparing fractions worksheets for focused practice. Create another set with its matching answer key whenever more practice is needed.","No","Medium"
"en/compose-shapes.html","Compose Shapes Worksheets for Kindergarten | Googoodan","Compose Shapes Worksheets for Kindergarten | Googoodan","compose shapes worksheets for kindergarten","free printable compose shapes worksheets for kindergarten; compose shapes for kindergarten practice sheets with answer key; compose shapes for kindergarten printable math practice","Compose Shapes Worksheets for Kindergarten","Build skills with free printable compose shapes for kindergarten worksheets. Generate new practice questions and a matching answer key for lessons or home.","No","Low"
"en/count-and-circle.html","Count and Circle Worksheets | Googoodan","Count and Circle Worksheets | Googoodan","count and circle worksheets","free printable count and circle worksheets; count and circle practice sheets with answer key; count and circle printable math practice","Count and Circle Worksheets","Use free printable count and circle worksheets for focused practice. Create another set with its matching answer key whenever more practice is needed.","No","Low"
"en/count-and-color.html","Count and Color Worksheets | Googoodan","Count and Color Worksheets | Googoodan","count and color worksheets","free printable count and color worksheets; count and color practice sheets with answer key; count and color printable math practice","Count and Color Worksheets","Free printable count and color worksheets with a matching answer key. Generate a fresh practice set for home, tutoring, or classroom use.","No","Low"
"en/counting-coins.html","Counting US Coins Worksheets | Googoodan","Counting US Coins Worksheets | Googoodan","counting us coins worksheets","free printable counting us coins worksheets; counting us coins practice sheets with answer key; counting us coins printable math practice","Counting US Coins Worksheets","Use free printable counting us coins worksheets for focused practice. Create another set with its matching answer key whenever more practice is needed.","No","High"
"en/counting-cubes.html","Counting Cubes Worksheets | Googoodan","Counting Cubes Worksheets | Googoodan","counting cubes worksheets","free printable counting cubes worksheets; counting cubes practice sheets with answer key; counting cubes printable math practice","Counting Cubes Worksheets","Use free printable counting cubes worksheets for focused practice. Create another set with its matching answer key whenever more practice is needed.","No","Low"
"en/cut-and-paste-counting.html","Cut and Paste Counting Worksheets | Googoodan","Cut and Paste Counting Worksheets | Googoodan","cut and paste counting worksheets","free printable cut and paste counting worksheets; cut and paste counting practice sheets with answer key; cut and paste counting printable math practice","Cut and Paste Counting Worksheets","Use free printable cut and paste counting worksheets for focused practice. Create another set with its matching answer key whenever more practice is needed.","No","Medium"
"en/cut-and-paste-make-10.html","Cut and Paste Make 10 Worksheets | Googoodan","Cut and Paste Make 10 Worksheets | Googoodan","cut and paste make 10 worksheets","free printable cut and paste make 10 worksheets; cut and paste make 10 practice sheets with answer key; cut and paste make 10 printable math practice","Cut and Paste Make 10 Worksheets","Free printable cut and paste make 10 worksheets with a matching answer key. Generate a fresh practice set for home, tutoring, or classroom use.","No","Medium"
"en/cut-and-paste-math-worksheets.html","Cut and Paste Math Worksheets for Kindergarten | Googoodan","Cut and Paste Math Worksheets for Kindergarten | Googoodan","cut and paste math worksheets for kindergarten","free printable cut and paste math worksheets for kindergarten; cut and paste math for kindergarten practice sheets with answer key; cut and paste math for kindergarten printable math practice","Cut and Paste Math Worksheets for Kindergarten","Free printable cut and paste math for kindergarten worksheets with a matching answer key. Generate a fresh practice set for home, tutoring, or classroom use.","No","Medium"
"en/cut-and-paste-number-order.html","Cut and Paste Number Order Worksheets | Googoodan","Cut and Paste Number Order Worksheets | Googoodan","cut and paste number order worksheets","free printable cut and paste number order worksheets; cut and paste number order practice sheets with answer key; cut and paste number order printable math practice","Cut and Paste Number Order Worksheets","Free printable cut and paste number order worksheets with a matching answer key. Generate a fresh practice set for home, tutoring, or classroom use.","No","Medium"
"en/cut-and-paste-number-patterns.html","Cut and Paste Number Pattern Worksheets | Googoodan","Cut and Paste Number Pattern Worksheets | Googoodan","cut and paste number pattern worksheets","free printable cut and paste number pattern worksheets; cut and paste number pattern practice sheets with answer key; cut and paste number pattern printable math practice","Cut and Paste Number Pattern Worksheets","Free printable cut and paste number pattern worksheets with a matching answer key. Generate a fresh practice set for home, tutoring, or classroom use.","No","Medium"
"en/cut-and-paste-number-words.html","Cut and Paste Number Words Worksheets | Googoodan","Cut and Paste Number Words Worksheets | Googoodan","cut and paste number words worksheets","free printable cut and paste number words worksheets; cut and paste number words practice sheets with answer key; cut and paste number words printable math practice","Cut and Paste Number Words Worksheets","Build skills with free printable cut and paste number words worksheets. Generate new practice questions and a matching answer key for lessons or home.","No","Medium"
"en/decimal-add-0dp-1dp.html","Whole number + 1 decimal place Worksheets | Googoodan","Decimal Addition: Whole Numbers and Tenths Worksheets | Googoodan","decimal addition whole numbers and tenths worksheets","free printable decimal addition: whole numbers and tenths worksheets; decimal addition whole numbers and tenths practice sheets with answer key; decimal addition whole numbers and tenths printable math practice","Decimal Addition: Whole Numbers and Tenths Worksheets","Free printable decimal addition: whole numbers and tenths worksheets with a matching answer key. Generate a fresh practice set for home, tutoring, or classroom use.","Yes","Low"
"en/decimal-add-0dp-2dp.html","Whole number + 2 decimal places Worksheets | Googoodan","Decimal Addition: Whole Numbers and Hundredths Worksheets | Googoodan","decimal addition whole numbers and hundredths worksheets","free printable decimal addition: whole numbers and hundredths worksheets; decimal addition whole numbers and hundredths practice sheets with answer key; decimal addition whole numbers and hundredths printable math practice","Decimal Addition: Whole Numbers and Hundredths Worksheets","Free printable decimal addition: whole numbers and hundredths worksheets. Get fresh practice and a matching answer key for home or class.","Yes","Low"
"en/decimal-add-1.html","Adding Decimals Worksheets - 1 Decimal Place | Googoodan","Adding Decimals to 1 Decimal Place Worksheets | Googoodan","adding decimals to 1 decimal place worksheets","free printable adding decimals to 1 decimal place worksheets; adding decimals to 1 decimal place practice sheets with answer key; adding decimals to 1 decimal place printable math practice","Adding Decimals to 1 Decimal Place Worksheets","Free printable adding decimals to 1 decimal place worksheets with a matching answer key. Generate a fresh practice set for home, tutoring, or classroom use.","Yes","Medium"
"en/decimal-add-1dp-0dp.html","1 decimal place + whole number Worksheets | Googoodan","Decimal Addition: Tenths and Whole Numbers Worksheets | Googoodan","decimal addition tenths and whole numbers worksheets","free printable decimal addition: tenths and whole numbers worksheets; decimal addition tenths and whole numbers practice sheets with answer key; decimal addition tenths and whole numbers printable math practice","Decimal Addition: Tenths and Whole Numbers Worksheets","Free printable decimal addition: tenths and whole numbers worksheets with a matching answer key. Generate a fresh practice set for home, tutoring, or classroom use.","Yes","Low"
"en/decimal-add-1dp-2dp.html","1 decimal place + 2 decimal places Worksheets | Googoodan","Decimal Addition: Tenths and Hundredths Worksheets | Googoodan","decimal addition tenths and hundredths worksheets","free printable decimal addition: tenths and hundredths worksheets; decimal addition tenths and hundredths practice sheets with answer key; decimal addition tenths and hundredths printable math practice","Decimal Addition: Tenths and Hundredths Worksheets","Free printable decimal addition: tenths and hundredths worksheets with a matching answer key. Generate a fresh practice set for home, tutoring, or classroom use.","Yes","Low"
"en/decimal-add-2.html","Adding Decimals Worksheets - 2 Decimal Places | Googoodan","Adding Decimals to 2 Decimal Places Worksheets | Googoodan","adding decimals to 2 decimal places worksheets","free printable adding decimals to 2 decimal places worksheets; adding decimals to 2 decimal places practice sheets with answer key; adding decimals to 2 decimal places printable math practice","Adding Decimals to 2 Decimal Places Worksheets","Build skills with free printable adding decimals to 2 decimal places worksheets. Generate new practice questions and a matching answer key for lessons or home.","Yes","Medium"
"en/decimal-add-2dp-0dp.html","2 decimal places + whole number Worksheets | Googoodan","Decimal Addition: Hundredths and Whole Numbers Worksheets | Googoodan","decimal addition hundredths and whole numbers worksheets","free printable decimal addition: hundredths and whole numbers worksheets; decimal addition hundredths and whole numbers practice sheets with answer key; decimal addition hundredths and whole numbers printable math practice","Decimal Addition: Hundredths and Whole Numbers Worksheets","Free printable decimal addition: hundredths and whole numbers worksheets. Get fresh practice and a matching answer key for home or class.","Yes","Low"
"en/decimal-add-2dp-1dp.html","2 decimal places + 1 decimal place Worksheets | Googoodan","Decimal Addition: Hundredths and Tenths Worksheets | Googoodan","decimal addition hundredths and tenths worksheets","free printable decimal addition: hundredths and tenths worksheets; decimal addition hundredths and tenths practice sheets with answer key; decimal addition hundredths and tenths printable math practice","Decimal Addition: Hundredths and Tenths Worksheets","Free printable decimal addition: hundredths and tenths worksheets with a matching answer key. Generate a fresh practice set for home, tutoring, or classroom use.","Yes","Low"
"en/decimal-div-0dp-1dp.html","Whole number ÷ 1 decimal place Worksheets | Googoodan","Decimal Division: Whole Numbers by Tenths Worksheets | Googoodan","decimal division whole numbers by tenths worksheets","free printable decimal division: whole numbers by tenths worksheets; decimal division whole numbers by tenths practice sheets with answer key; decimal division whole numbers by tenths printable math practice","Decimal Division: Whole Numbers by Tenths Worksheets","Free printable decimal division: whole numbers by tenths worksheets with a matching answer key. Generate a fresh practice set for home, tutoring, or classroom use.","Yes","Low"
"en/decimal-div-0dp-2dp.html","Whole number ÷ 2 decimal places Worksheets | Googoodan","Decimal Division: Whole Numbers by Hundredths Worksheets | Googoodan","decimal division whole numbers by hundredths worksheets","free printable decimal division: whole numbers by hundredths worksheets; decimal division whole numbers by hundredths practice sheets with answer key; decimal division whole numbers by hundredths printable math practice","Decimal Division: Whole Numbers by Hundredths Worksheets","Free printable decimal division: whole numbers by hundredths worksheets. Get fresh practice and a matching answer key for home or class.","Yes","Low"
"en/decimal-div-1.html","Dividing Decimals Worksheets - 1 Decimal Place | Googoodan","Dividing Decimals to 1 Decimal Place Worksheets | Googoodan","dividing decimals to 1 decimal place worksheets","free printable dividing decimals to 1 decimal place worksheets; dividing decimals to 1 decimal place practice sheets with answer key; dividing decimals to 1 decimal place printable math practice","Dividing Decimals to 1 Decimal Place Worksheets","Build skills with free printable dividing decimals to 1 decimal place worksheets. Generate new practice questions and a matching answer key for lessons or home.","Yes","Medium"
"en/decimal-div-1dp-0dp.html","1 decimal place ÷ whole number Worksheets | Googoodan","Decimal Division: Tenths by Whole Numbers Worksheets | Googoodan","decimal division tenths by whole numbers worksheets","free printable decimal division: tenths by whole numbers worksheets; decimal division tenths by whole numbers practice sheets with answer key; decimal division tenths by whole numbers printable math practice","Decimal Division: Tenths by Whole Numbers Worksheets","Free printable decimal division: tenths by whole numbers worksheets with a matching answer key. Generate a fresh practice set for home, tutoring, or classroom use.","Yes","Low"
"en/decimal-div-1dp-2dp.html","1 decimal place ÷ 2 decimal places Worksheets | Googoodan","Decimal Division: Tenths by Hundredths Worksheets | Googoodan","decimal division tenths by hundredths worksheets","free printable decimal division: tenths by hundredths worksheets; decimal division tenths by hundredths practice sheets with answer key; decimal division tenths by hundredths printable math practice","Decimal Division: Tenths by Hundredths Worksheets","Build skills with free printable decimal division: tenths by hundredths worksheets. Generate new practice questions and a matching answer key for lessons or home.","Yes","Low"
"en/decimal-div-2.html","Dividing Decimals Worksheets - 2 Decimal Places | Googoodan","Dividing Decimals to 2 Decimal Places Worksheets | Googoodan","dividing decimals to 2 decimal places worksheets","free printable dividing decimals to 2 decimal places worksheets; dividing decimals to 2 decimal places practice sheets with answer key; dividing decimals to 2 decimal places printable math practice","Dividing Decimals to 2 Decimal Places Worksheets","Free printable dividing decimals to 2 decimal places worksheets with a matching answer key. Generate a fresh practice set for home, tutoring, or classroom use.","Yes","Medium"
"en/decimal-div-2dp-0dp.html","2 decimal places ÷ whole number Worksheets | Googoodan","Dividing Decimals by Whole Numbers Worksheets | Googoodan","dividing decimals by whole numbers worksheets","free printable dividing decimals by whole numbers worksheets; dividing decimals by whole numbers practice sheets with answer key; dividing decimals by whole numbers printable math practice","Dividing Decimals by Whole Numbers Worksheets","Free printable dividing decimals by whole numbers worksheets with a matching answer key. Generate a fresh practice set for home, tutoring, or classroom use.","Yes","Low"
"en/decimal-div-2dp-1dp.html","2 decimal places ÷ 1 decimal place Worksheets | Googoodan","Decimal Division: Hundredths by Tenths Worksheets | Googoodan","decimal division hundredths by tenths worksheets","free printable decimal division: hundredths by tenths worksheets; decimal division hundredths by tenths practice sheets with answer key; decimal division hundredths by tenths printable math practice","Decimal Division: Hundredths by Tenths Worksheets","Free printable decimal division: hundredths by tenths worksheets with a matching answer key. Generate a fresh practice set for home, tutoring, or classroom use.","Yes","Low"
"en/decimal-models.html","Decimal Models Worksheets | Googoodan","Decimal Models Worksheets | Googoodan","decimal models worksheets","free printable decimal models worksheets; decimal models practice sheets with answer key; decimal models printable math practice","Decimal Models Worksheets","Build skills with free printable decimal models worksheets. Generate new practice questions and a matching answer key for lessons or home.","No","Medium"
"en/decimal-mul-0dp-1dp.html","Whole number × 1 decimal place Worksheets | Googoodan","Multiplying Whole Numbers by Decimals to Tenths Worksheets | Googoodan","whole by decimal multiplication to tenths worksheets","free printable multiplying whole numbers by decimals to tenths worksheets; whole by decimal multiplication to tenths practice sheets with answer key; whole by decimal multiplication to tenths printable math practice","Multiplying Whole Numbers by Decimals to Tenths Worksheets","Free printable multiplying whole numbers by decimals to tenths worksheets. Get fresh practice and a matching answer key for home or class.","Yes","Low"
"en/decimal-mul-0dp-2dp.html","Whole number × 2 decimal places Worksheets | Googoodan","Multiplying Whole Numbers by Decimals to Hundredths Worksheets | Googoodan","whole by decimal multiplication to hundredths worksheets","free printable multiplying whole numbers by decimals to hundredths worksheets; whole by decimal multiplication to hundredths practice sheets with answer key; whole by decimal multiplication to hundredths printable math practice","Multiplying Whole Numbers by Decimals to Hundredths Worksheets","Free printable multiplying whole numbers by decimals to hundredths worksheets. Get fresh practice and a matching answer key for home or class.","Yes","Low"
"en/decimal-mul-1.html","Multiplying Decimals Worksheets - 1 Decimal Place | Googoodan","Multiplying Decimals to 1 Decimal Place Worksheets | Googoodan","multiplying decimals to 1 decimal place worksheets","free printable multiplying decimals to 1 decimal place worksheets; multiplying decimals to 1 decimal place practice sheets with answer key; multiplying decimals to 1 decimal place printable math practice","Multiplying Decimals to 1 Decimal Place Worksheets","Free printable multiplying decimals to 1 decimal place worksheets with a matching answer key. Generate a fresh practice set for home, tutoring, or classroom use.","Yes","Medium"
"en/decimal-mul-1dp-0dp.html","1 decimal place × whole number Worksheets | Googoodan","Multiplying Decimals to Tenths by Whole Numbers Worksheets | Googoodan","decimal by whole multiplication to tenths worksheets","free printable multiplying decimals to tenths by whole numbers worksheets; decimal by whole multiplication to tenths practice sheets with answer key; decimal by whole multiplication to tenths printable math practice","Multiplying Decimals to Tenths by Whole Numbers Worksheets","Free printable multiplying decimals to tenths by whole numbers worksheets. Get fresh practice and a matching answer key for home or class.","Yes","Low"
"en/decimal-mul-1dp-2dp.html","1 decimal place × 2 decimal places Worksheets | Googoodan","Decimal Multiplication: Tenths by Hundredths Worksheets | Googoodan","decimal multiplication tenths by hundredths worksheets","free printable decimal multiplication: tenths by hundredths worksheets; decimal multiplication tenths by hundredths practice sheets with answer key; decimal multiplication tenths by hundredths printable math practice","Decimal Multiplication: Tenths by Hundredths Worksheets","Free printable decimal multiplication: tenths by hundredths worksheets. Get fresh practice and a matching answer key for home or class.","Yes","Low"
"en/decimal-mul-2.html","Multiplying Decimals Worksheets - 2 Decimal Places | Googoodan","Multiplying Decimals to 2 Decimal Places Worksheets | Googoodan","multiplying decimals to 2 decimal places worksheets","free printable multiplying decimals to 2 decimal places worksheets; multiplying decimals to 2 decimal places practice sheets with answer key; multiplying decimals to 2 decimal places printable math practice","Multiplying Decimals to 2 Decimal Places Worksheets","Build skills with free printable multiplying decimals to 2 decimal places worksheets. Generate new practice questions and a matching answer key for lessons or home.","Yes","Medium"
"en/decimal-mul-2dp-0dp.html","2 decimal places × whole number Worksheets | Googoodan","Multiplying Decimals to Hundredths by Whole Numbers Worksheets | Googoodan","decimal by whole multiplication to hundredths worksheets","free printable multiplying decimals to hundredths by whole numbers worksheets; decimal by whole multiplication to hundredths practice sheets with answer key; decimal by whole multiplication to hundredths printable math practice","Multiplying Decimals to Hundredths by Whole Numbers Worksheets","Free printable multiplying decimals to hundredths by whole numbers worksheets. Get fresh practice and a matching answer key for home or class.","Yes","Low"
"en/decimal-mul-2dp-1dp.html","2 decimal places × 1 decimal place Worksheets | Googoodan","Decimal Multiplication: Hundredths by Tenths Worksheets | Googoodan","decimal multiplication hundredths by tenths worksheets","free printable decimal multiplication: hundredths by tenths worksheets; decimal multiplication hundredths by tenths practice sheets with answer key; decimal multiplication hundredths by tenths printable math practice","Decimal Multiplication: Hundredths by Tenths Worksheets","Free printable decimal multiplication: hundredths by tenths worksheets. Get fresh practice and a matching answer key for home or class.","Yes","Low"
"en/decimal-sub-0dp-1dp.html","Whole number − 1 decimal place Worksheets | Googoodan","Decimal Subtraction: Whole Numbers Minus Tenths Worksheets | Googoodan","decimal subtraction whole minus tenths worksheets","free printable decimal subtraction: whole numbers minus tenths worksheets; decimal subtraction whole minus tenths practice sheets with answer key; decimal subtraction whole minus tenths printable math practice","Decimal Subtraction: Whole Numbers Minus Tenths Worksheets","Free printable decimal subtraction: whole numbers minus tenths worksheets. Get fresh practice and a matching answer key for home or class.","Yes","Low"
"en/decimal-sub-0dp-2dp.html","Whole number − 2 decimal places Worksheets | Googoodan","Decimal Subtraction: Whole Numbers Minus Hundredths Worksheets | Googoodan","decimal subtraction whole minus hundredths worksheets","free printable decimal subtraction: whole numbers minus hundredths worksheets; decimal subtraction whole minus hundredths practice sheets with answer key; decimal subtraction whole minus hundredths printable math practice","Decimal Subtraction: Whole Numbers Minus Hundredths Worksheets","Free printable decimal subtraction: whole numbers minus hundredths worksheets. Get fresh practice and a matching answer key for home or class.","Yes","Low"
"en/decimal-sub-1.html","Subtracting Decimals Worksheets - 1 Decimal Place | Googoodan","Subtracting Decimals to 1 Decimal Place Worksheets | Googoodan","subtracting decimals to 1 decimal place worksheets","free printable subtracting decimals to 1 decimal place worksheets; subtracting decimals to 1 decimal place practice sheets with answer key; subtracting decimals to 1 decimal place printable math practice","Subtracting Decimals to 1 Decimal Place Worksheets","Build skills with free printable subtracting decimals to 1 decimal place worksheets. Generate new practice questions and a matching answer key for lessons or home.","Yes","Medium"
"en/decimal-sub-1dp-0dp.html","1 decimal place − whole number Worksheets | Googoodan","Decimal Subtraction: Tenths Minus Whole Numbers Worksheets | Googoodan","tenths minus whole decimal subtraction worksheets","free printable decimal subtraction: tenths minus whole numbers worksheets; tenths minus whole decimal subtraction practice sheets with answer key; tenths minus whole decimal subtraction printable math practice","Decimal Subtraction: Tenths Minus Whole Numbers Worksheets","Free printable decimal subtraction: tenths minus whole numbers worksheets. Get fresh practice and a matching answer key for home or class.","Yes","Low"
"en/decimal-sub-1dp-2dp.html","1 decimal place − 2 decimal places Worksheets | Googoodan","Decimal Subtraction: Tenths Minus Hundredths Worksheets | Googoodan","decimal subtraction tenths minus hundredths worksheets","free printable decimal subtraction: tenths minus hundredths worksheets; decimal subtraction tenths minus hundredths practice sheets with answer key; decimal subtraction tenths minus hundredths printable math practice","Decimal Subtraction: Tenths Minus Hundredths Worksheets","Free printable decimal subtraction: tenths minus hundredths worksheets. Get fresh practice and a matching answer key for home or class.","Yes","Low"
"en/decimal-sub-2.html","Subtracting Decimals Worksheets - 2 Decimal Places | Googoodan","Subtracting Decimals to 2 Decimal Places Worksheets | Googoodan","subtracting decimals to 2 decimal places worksheets","free printable subtracting decimals to 2 decimal places worksheets; subtracting decimals to 2 decimal places practice sheets with answer key; subtracting decimals to 2 decimal places printable math practice","Subtracting Decimals to 2 Decimal Places Worksheets","Free printable subtracting decimals to 2 decimal places worksheets with a matching answer key. Generate a fresh practice set for home, tutoring, or classroom use.","Yes","Medium"
"en/decimal-sub-2dp-0dp.html","2 decimal places − whole number Worksheets | Googoodan","Decimal Subtraction: Hundredths Minus Whole Numbers Worksheets | Googoodan","hundredths minus whole decimal subtraction worksheets","free printable decimal subtraction: hundredths minus whole numbers worksheets; hundredths minus whole decimal subtraction practice sheets with answer key; hundredths minus whole decimal subtraction printable math practice","Decimal Subtraction: Hundredths Minus Whole Numbers Worksheets","Free printable decimal subtraction: hundredths minus whole numbers worksheets. Get fresh practice and a matching answer key for home or class.","Yes","Low"
"en/decimal-sub-2dp-1dp.html","2 decimal places − 1 decimal place Worksheets | Googoodan","Decimal Subtraction: Hundredths Minus Tenths Worksheets | Googoodan","decimal subtraction hundredths minus tenths worksheets","free printable decimal subtraction: hundredths minus tenths worksheets; decimal subtraction hundredths minus tenths practice sheets with answer key; decimal subtraction hundredths minus tenths printable math practice","Decimal Subtraction: Hundredths Minus Tenths Worksheets","Free printable decimal subtraction: hundredths minus tenths worksheets. Get fresh practice and a matching answer key for home or class.","Yes","Low"
"en/decimal-worksheets.html","Decimal Worksheets - Free Printable | Googoodan","Decimal Worksheets - Free Printable | Googoodan","decimal worksheets","free printable decimal worksheets - free printable; decimal practice sheets with answer key; decimal printable math practice","Decimal Worksheets - Free Printable","Use free printable decimal worksheets for focused practice. Create another set with its matching answer key whenever more practice is needed.","No","High"
"en/divide.html","Division Facts Worksheets | Googoodan","Division Without Remainders Worksheets | Googoodan","division without remainders worksheets","free printable division without remainders worksheets; division without remainders practice sheets with answer key; division without remainders printable math practice","Division Without Remainders Worksheets","Use free printable division without remainders worksheets for focused practice. Create another set with its matching answer key whenever more practice is needed.","No","Medium"
"en/division-worksheets.html","Division Worksheets - Free Printable | Googoodan","Division Worksheets - Free Printable | Googoodan","division worksheets","free printable division worksheets - free printable; division practice sheets with answer key; division printable math practice","Division Worksheets - Free Printable","Free printable division worksheets with a matching answer key. Generate a fresh practice set for home, tutoring, or classroom use.","No","High"
"en/dot-to-dot-numbers.html","Dot-to-Dot Number Order Worksheets | Googoodan","Dot-to-Dot Number Order Worksheets | Googoodan","dot-to-dot number order worksheets","free printable dot-to-dot number order worksheets; dot-to-dot number order practice sheets with answer key; dot-to-dot number order printable math practice","Dot-to-Dot Number Order Worksheets","Build skills with free printable dot-to-dot number order worksheets. Generate new practice questions and a matching answer key for lessons or home.","No","Medium"
"en/draw-multiplication-groups.html","Draw Equal Groups Multiplication Worksheets | Googoodan","Draw Equal Groups Multiplication Worksheets | Googoodan","draw equal groups multiplication worksheets","free printable draw equal groups multiplication worksheets; draw equal groups multiplication practice sheets with answer key; draw equal groups multiplication printable math practice","Draw Equal Groups Multiplication Worksheets","Free printable draw equal groups multiplication worksheets with a matching answer key. Generate a fresh practice set for home, tutoring, or classroom use.","No","Medium"
"en/early-math-activities.html","Hands-On Math Worksheets for Kids K–2 | Googoodan","Hands-On Math Worksheets for Kids K–2 | Googoodan","hands-on math worksheets for kids k 2","free printable hands-on math worksheets for kids k–2; hands-on math for kids k 2 practice sheets with answer key; hands-on math for kids k 2 printable math practice","Hands-On Math Worksheets for Kids K–2","Use free printable hands-on math for kids k–2 worksheets for focused practice. Create another set with its matching answer key whenever more practice is needed.","No","Low"
"en/equal-groups-arrays.html","Equal Groups and Arrays Worksheets | Googoodan","Equal Groups and Arrays Worksheets | Googoodan","equal groups and arrays worksheets","free printable equal groups and arrays worksheets; equal groups and arrays practice sheets with answer key; equal groups and arrays printable math practice","Equal Groups and Arrays Worksheets","Build skills with free printable equal groups and arrays worksheets. Generate new practice questions and a matching answer key for lessons or home.","No","Low"
"en/equivalent-fraction-puzzles.html","Equivalent Fraction Puzzles Worksheets | Googoodan","Equivalent Fraction Puzzles Worksheets | Googoodan","equivalent fraction puzzles worksheets","free printable equivalent fraction puzzles worksheets; equivalent fraction puzzles practice sheets with answer key; equivalent fraction puzzles printable math practice","Equivalent Fraction Puzzles Worksheets","Build skills with free printable equivalent fraction puzzles worksheets. Generate new practice questions and a matching answer key for lessons or home.","No","Medium"
"en/faces-edges-vertices.html","Faces, Edges and Vertices Worksheets | Googoodan","Faces, Edges and Vertices Worksheets | Googoodan","faces edges and vertices worksheets","free printable faces edges and vertices worksheets; faces edges and vertices practice sheets with answer key; faces edges and vertices printable math practice","Faces, Edges and Vertices Worksheets","Use free printable faces, edges and vertices worksheets for focused practice. Create another set with its matching answer key whenever more practice is needed.","No","Low"
"en/fact-family-houses.html","Fact Family Houses Worksheets | Googoodan","Fact Family Houses Worksheets | Googoodan","fact family houses worksheets","free printable fact family houses worksheets; fact family houses practice sheets with answer key; fact family houses printable math practice","Fact Family Houses Worksheets","Use free printable fact family houses worksheets for focused practice. Create another set with its matching answer key whenever more practice is needed.","No","Low"
"en/factors-and-multiples.html","Factors and Multiples Worksheets | Googoodan","Factors and Multiples Worksheets | Googoodan","factors multiples worksheets","free printable factors and multiples worksheets; factors multiples practice sheets with answer key; factors multiples printable math practice","Factors and Multiples Worksheets","Build skills with free printable factors and multiples worksheets. Generate new practice questions and a matching answer key for lessons or home.","No","Low"
"en/find-the-unknown-word-problems.html","Find the Unknown Word Problems Worksheets | Googoodan","Find the Unknown Word Problem Worksheets | Googoodan","find the unknown word problem worksheets","free printable find the unknown word problem worksheets; find the unknown word problem practice sheets with answer key; find the unknown word problem printable math practice","Find the Unknown Word Problem Worksheets","Use these free printable find the unknown word problem worksheets for problem-solving practice. A matching answer key supports quick review in class or at home.","Yes","High"
"en/fraction-add-different.html","Adding Fractions With Unlike Denominators Worksheets | Googoodan","Adding Fractions With Unlike Denominators Worksheets | Googoodan","adding fractions with unlike denominators worksheets","free printable adding fractions with unlike denominators worksheets; adding fractions with unlike denominators practice sheets with answer key; adding fractions with unlike denominators printable math practice","Adding Fractions With Unlike Denominators Worksheets","Free printable adding fractions with unlike denominators worksheets with a matching answer key. Generate a fresh practice set for home, tutoring, or classroom use.","Yes","Medium"
"en/fraction-add-improper-improper.html","Adding Two Improper Fractions Worksheets | Googoodan","Adding Two Improper Fractions Worksheets | Googoodan","adding two improper fractions worksheets","free printable adding two improper fractions worksheets; adding two improper fractions practice sheets with answer key; adding two improper fractions printable math practice","Adding Two Improper Fractions Worksheets","Build skills with free printable adding two improper fractions worksheets. Generate new practice questions and a matching answer key for lessons or home.","Yes","Medium"
"en/fraction-add-improper-mixed.html","Adding Improper Fractions and Mixed Numbers Worksheets | Googoodan","Adding Improper Fractions and Mixed Numbers Worksheets | Googoodan","adding improper fractions and mixed numbers worksheets","free printable adding improper fractions and mixed numbers worksheets; adding improper fractions and mixed numbers practice sheets with answer key; adding improper fractions and mixed numbers printable math practice","Adding Improper Fractions and Mixed Numbers Worksheets","Free printable adding improper fractions and mixed numbers worksheets with a matching answer key. Generate a fresh practice set for home, tutoring, or classroom use.","Yes","Medium"
"en/fraction-add-improper-proper.html","Adding Improper Fractions and Proper Fractions Worksheets | Googoodan","Adding Improper Fractions and Proper Fractions Worksheets | Googoodan","adding improper fractions and proper fractions worksheets","free printable adding improper fractions and proper fractions worksheets; adding improper fractions and proper fractions practice sheets with answer key; adding improper fractions and proper fractions printable math practice","Adding Improper Fractions and Proper Fractions Worksheets","Free printable adding improper fractions and proper fractions worksheets. Get fresh practice and a matching answer key for home or class.","Yes","Medium"
"en/fraction-add-improper-whole.html","Adding Improper Fractions and Whole Numbers Worksheets | Googoodan","Adding Improper Fractions and Whole Numbers Worksheets | Googoodan","adding improper fractions and whole numbers worksheets","free printable adding improper fractions and whole numbers worksheets; adding improper fractions and whole numbers practice sheets with answer key; adding improper fractions and whole numbers printable math practice","Adding Improper Fractions and Whole Numbers Worksheets","Free printable adding improper fractions and whole numbers worksheets with a matching answer key. Generate a fresh practice set for home, tutoring, or classroom use.","Yes","Medium"
"en/fraction-add-mixed-improper.html","Adding Mixed Numbers and Improper Fractions Worksheets | Googoodan","Adding Mixed Numbers and Improper Fractions Worksheets | Googoodan","adding mixed numbers and improper fractions worksheets","free printable adding mixed numbers and improper fractions worksheets; adding mixed numbers and improper fractions practice sheets with answer key; adding mixed numbers and improper fractions printable math practice","Adding Mixed Numbers and Improper Fractions Worksheets","Free printable adding mixed numbers and improper fractions worksheets with a matching answer key. Generate a fresh practice set for home, tutoring, or classroom use.","Yes","Medium"
"en/fraction-add-mixed-mixed.html","Adding Two Mixed Numbers Worksheets | Googoodan","Adding Two Mixed Numbers Worksheets | Googoodan","adding two mixed numbers worksheets","free printable adding two mixed numbers worksheets; adding two mixed numbers practice sheets with answer key; adding two mixed numbers printable math practice","Adding Two Mixed Numbers Worksheets","Free printable adding two mixed numbers worksheets with a matching answer key. Generate a fresh practice set for home, tutoring, or classroom use.","Yes","Medium"
"en/fraction-add-mixed-proper.html","Adding Mixed Numbers and Proper Fractions Worksheets | Googoodan","Adding Mixed Numbers and Proper Fractions Worksheets | Googoodan","adding mixed numbers and proper fractions worksheets","free printable adding mixed numbers and proper fractions worksheets; adding mixed numbers and proper fractions practice sheets with answer key; adding mixed numbers and proper fractions printable math practice","Adding Mixed Numbers and Proper Fractions Worksheets","Free printable adding mixed numbers and proper fractions worksheets with a matching answer key. Generate a fresh practice set for home, tutoring, or classroom use.","Yes","Medium"
"en/fraction-add-mixed-whole.html","Adding Mixed Numbers and Whole Numbers Worksheets | Googoodan","Adding Mixed Numbers and Whole Numbers Worksheets | Googoodan","adding mixed numbers and whole numbers worksheets","free printable adding mixed numbers and whole numbers worksheets; adding mixed numbers and whole numbers practice sheets with answer key; adding mixed numbers and whole numbers printable math practice","Adding Mixed Numbers and Whole Numbers Worksheets","Free printable adding mixed numbers and whole numbers worksheets with a matching answer key. Generate a fresh practice set for home, tutoring, or classroom use.","Yes","Medium"
"en/fraction-add-proper-improper.html","Adding Proper Fractions and Improper Fractions Worksheets | Googoodan","Adding Proper Fractions and Improper Fractions Worksheets | Googoodan","adding proper fractions and improper fractions worksheets","free printable adding proper fractions and improper fractions worksheets; adding proper fractions and improper fractions practice sheets with answer key; adding proper fractions and improper fractions printable math practice","Adding Proper Fractions and Improper Fractions Worksheets","Free printable adding proper fractions and improper fractions worksheets. Get fresh practice and a matching answer key for home or class.","Yes","Medium"
"en/fraction-add-proper-mixed.html","Adding Proper Fractions and Mixed Numbers Worksheets | Googoodan","Adding Proper Fractions and Mixed Numbers Worksheets | Googoodan","adding proper fractions and mixed numbers worksheets","free printable adding proper fractions and mixed numbers worksheets; adding proper fractions and mixed numbers practice sheets with answer key; adding proper fractions and mixed numbers printable math practice","Adding Proper Fractions and Mixed Numbers Worksheets","Free printable adding proper fractions and mixed numbers worksheets with a matching answer key. Generate a fresh practice set for home, tutoring, or classroom use.","Yes","Medium"
"en/fraction-add-proper-whole.html","Adding Proper Fractions and Whole Numbers Worksheets | Googoodan","Adding Proper Fractions and Whole Numbers Worksheets | Googoodan","adding proper fractions and whole numbers worksheets","free printable adding proper fractions and whole numbers worksheets; adding proper fractions and whole numbers practice sheets with answer key; adding proper fractions and whole numbers printable math practice","Adding Proper Fractions and Whole Numbers Worksheets","Free printable adding proper fractions and whole numbers worksheets with a matching answer key. Generate a fresh practice set for home, tutoring, or classroom use.","Yes","Medium"
"en/fraction-add-same.html","Adding Fractions With Like Denominators Worksheets | Googoodan","Adding Fractions With Like Denominators Worksheets | Googoodan","adding fractions with like denominators worksheets","free printable adding fractions with like denominators worksheets; adding fractions with like denominators practice sheets with answer key; adding fractions with like denominators printable math practice","Adding Fractions With Like Denominators Worksheets","Free printable adding fractions with like denominators worksheets with a matching answer key. Generate a fresh practice set for home, tutoring, or classroom use.","Yes","Medium"
"en/fraction-add-whole-improper.html","Adding Whole Numbers and Improper Fractions Worksheets | Googoodan","Adding Whole Numbers and Improper Fractions Worksheets | Googoodan","adding whole numbers and improper fractions worksheets","free printable adding whole numbers and improper fractions worksheets; adding whole numbers and improper fractions practice sheets with answer key; adding whole numbers and improper fractions printable math practice","Adding Whole Numbers and Improper Fractions Worksheets","Free printable adding whole numbers and improper fractions worksheets with a matching answer key. Generate a fresh practice set for home, tutoring, or classroom use.","Yes","Medium"
"en/fraction-add-whole-mixed.html","Adding Whole Numbers and Mixed Numbers Worksheets | Googoodan","Adding Whole Numbers and Mixed Numbers Worksheets | Googoodan","adding whole numbers and mixed numbers worksheets","free printable adding whole numbers and mixed numbers worksheets; adding whole numbers and mixed numbers practice sheets with answer key; adding whole numbers and mixed numbers printable math practice","Adding Whole Numbers and Mixed Numbers Worksheets","Build skills with free printable adding whole numbers and mixed numbers worksheets. Generate new practice questions and a matching answer key for lessons or home.","Yes","Medium"
"en/fraction-add-whole-proper.html","Adding Whole Numbers and Proper Fractions Worksheets | Googoodan","Adding Whole Numbers and Proper Fractions Worksheets | Googoodan","adding whole numbers and proper fractions worksheets","free printable adding whole numbers and proper fractions worksheets; adding whole numbers and proper fractions practice sheets with answer key; adding whole numbers and proper fractions printable math practice","Adding Whole Numbers and Proper Fractions Worksheets","Free printable adding whole numbers and proper fractions worksheets with a matching answer key. Generate a fresh practice set for home, tutoring, or classroom use.","Yes","Medium"
"en/fraction-coloring.html","Fraction Coloring Worksheets | Googoodan","Fraction Coloring Worksheets | Googoodan","fraction coloring worksheets","free printable fraction coloring worksheets; fraction coloring practice sheets with answer key; fraction coloring printable math practice","Fraction Coloring Worksheets","Free printable fraction coloring worksheets with a matching answer key. Generate a fresh practice set for home, tutoring, or classroom use.","No","Medium"
"en/fraction-div-different.html","Dividing Fractions With Unlike Denominators Worksheets | Googoodan","Dividing Fractions With Unlike Denominators Worksheets | Googoodan","dividing fractions with unlike denominators worksheets","free printable dividing fractions with unlike denominators worksheets; dividing fractions with unlike denominators practice sheets with answer key; dividing fractions with unlike denominators printable math practice","Dividing Fractions With Unlike Denominators Worksheets","Free printable dividing fractions with unlike denominators worksheets with a matching answer key. Generate a fresh practice set for home, tutoring, or classroom use.","Yes","Medium"
"en/fraction-div-improper-improper.html","Dividing Improper Fractions by Improper Fractions Worksheets | Googoodan","Dividing Improper Fractions by Improper Fractions Worksheets | Googoodan","dividing improper fractions by improper fractions worksheets","free printable dividing improper fractions by improper fractions worksheets; dividing improper fractions by improper fractions practice sheets with answer key; dividing improper fractions by improper fractions printable math practice","Dividing Improper Fractions by Improper Fractions Worksheets","Free printable dividing improper fractions by improper fractions worksheets. Get fresh practice and a matching answer key for home or class.","Yes","Medium"
"en/fraction-div-improper-mixed.html","Dividing Improper Fractions by Mixed Numbers Worksheets | Googoodan","Dividing Improper Fractions by Mixed Numbers Worksheets | Googoodan","dividing improper fractions by mixed numbers worksheets","free printable dividing improper fractions by mixed numbers worksheets; dividing improper fractions by mixed numbers practice sheets with answer key; dividing improper fractions by mixed numbers printable math practice","Dividing Improper Fractions by Mixed Numbers Worksheets","Free printable dividing improper fractions by mixed numbers worksheets. Get fresh practice and a matching answer key for home or class.","Yes","Medium"
"en/fraction-div-improper-proper.html","Dividing Improper Fractions by Proper Fractions Worksheets | Googoodan","Dividing Improper Fractions by Proper Fractions Worksheets | Googoodan","dividing improper fractions by proper fractions worksheets","free printable dividing improper fractions by proper fractions worksheets; dividing improper fractions by proper fractions practice sheets with answer key; dividing improper fractions by proper fractions printable math practice","Dividing Improper Fractions by Proper Fractions Worksheets","Free printable dividing improper fractions by proper fractions worksheets. Get fresh practice and a matching answer key for home or class.","Yes","Medium"
"en/fraction-div-improper-whole.html","Dividing Improper Fractions by Whole Numbers Worksheets | Googoodan","Dividing Improper Fractions by Whole Numbers Worksheets | Googoodan","dividing improper fractions by whole numbers worksheets","free printable dividing improper fractions by whole numbers worksheets; dividing improper fractions by whole numbers practice sheets with answer key; dividing improper fractions by whole numbers printable math practice","Dividing Improper Fractions by Whole Numbers Worksheets","Free printable dividing improper fractions by whole numbers worksheets. Get fresh practice and a matching answer key for home or class.","Yes","Medium"
"en/fraction-div-mixed-improper.html","Dividing Mixed Numbers by Improper Fractions Worksheets | Googoodan","Dividing Mixed Numbers by Improper Fractions Worksheets | Googoodan","dividing mixed numbers by improper fractions worksheets","free printable dividing mixed numbers by improper fractions worksheets; dividing mixed numbers by improper fractions practice sheets with answer key; dividing mixed numbers by improper fractions printable math practice","Dividing Mixed Numbers by Improper Fractions Worksheets","Free printable dividing mixed numbers by improper fractions worksheets. Get fresh practice and a matching answer key for home or class.","Yes","Medium"
"en/fraction-div-mixed-mixed.html","Dividing Mixed Numbers by Mixed Numbers Worksheets | Googoodan","Dividing Mixed Numbers by Mixed Numbers Worksheets | Googoodan","dividing mixed numbers by mixed numbers worksheets","free printable dividing mixed numbers by mixed numbers worksheets; dividing mixed numbers by mixed numbers practice sheets with answer key; dividing mixed numbers by mixed numbers printable math practice","Dividing Mixed Numbers by Mixed Numbers Worksheets","Build skills with free printable dividing mixed numbers by mixed numbers worksheets. Generate new practice questions and a matching answer key for lessons or home.","Yes","Medium"
"en/fraction-div-mixed-proper.html","Dividing Mixed Numbers by Proper Fractions Worksheets | Googoodan","Dividing Mixed Numbers by Proper Fractions Worksheets | Googoodan","dividing mixed numbers by proper fractions worksheets","free printable dividing mixed numbers by proper fractions worksheets; dividing mixed numbers by proper fractions practice sheets with answer key; dividing mixed numbers by proper fractions printable math practice","Dividing Mixed Numbers by Proper Fractions Worksheets","Free printable dividing mixed numbers by proper fractions worksheets with a matching answer key. Generate a fresh practice set for home, tutoring, or classroom use.","Yes","Medium"
"en/fraction-div-mixed-whole.html","Dividing Mixed Numbers by Whole Numbers Worksheets | Googoodan","Dividing Mixed Numbers by Whole Numbers Worksheets | Googoodan","dividing mixed numbers by whole numbers worksheets","free printable dividing mixed numbers by whole numbers worksheets; dividing mixed numbers by whole numbers practice sheets with answer key; dividing mixed numbers by whole numbers printable math practice","Dividing Mixed Numbers by Whole Numbers Worksheets","Build skills with free printable dividing mixed numbers by whole numbers worksheets. Generate new practice questions and a matching answer key for lessons or home.","Yes","Medium"
"en/fraction-div-proper-improper.html","Dividing Proper Fractions by Improper Fractions Worksheets | Googoodan","Dividing Proper Fractions by Improper Fractions Worksheets | Googoodan","dividing proper fractions by improper fractions worksheets","free printable dividing proper fractions by improper fractions worksheets; dividing proper fractions by improper fractions practice sheets with answer key; dividing proper fractions by improper fractions printable math practice","Dividing Proper Fractions by Improper Fractions Worksheets","Free printable dividing proper fractions by improper fractions worksheets. Get fresh practice and a matching answer key for home or class.","Yes","Medium"
"en/fraction-div-proper-mixed.html","Dividing Proper Fractions by Mixed Numbers Worksheets | Googoodan","Dividing Proper Fractions by Mixed Numbers Worksheets | Googoodan","dividing proper fractions by mixed numbers worksheets","free printable dividing proper fractions by mixed numbers worksheets; dividing proper fractions by mixed numbers practice sheets with answer key; dividing proper fractions by mixed numbers printable math practice","Dividing Proper Fractions by Mixed Numbers Worksheets","Free printable dividing proper fractions by mixed numbers worksheets with a matching answer key. Generate a fresh practice set for home, tutoring, or classroom use.","Yes","Medium"
"en/fraction-div-proper-whole.html","Dividing Proper Fractions by Whole Numbers Worksheets | Googoodan","Dividing Proper Fractions by Whole Numbers Worksheets | Googoodan","dividing proper fractions by whole numbers worksheets","free printable dividing proper fractions by whole numbers worksheets; dividing proper fractions by whole numbers practice sheets with answer key; dividing proper fractions by whole numbers printable math practice","Dividing Proper Fractions by Whole Numbers Worksheets","Free printable dividing proper fractions by whole numbers worksheets with a matching answer key. Generate a fresh practice set for home, tutoring, or classroom use.","Yes","Medium"
"en/fraction-div-same.html","Dividing Fractions With Like Denominators Worksheets | Googoodan","Dividing Fractions With Like Denominators Worksheets | Googoodan","dividing fractions with like denominators worksheets","free printable dividing fractions with like denominators worksheets; dividing fractions with like denominators practice sheets with answer key; dividing fractions with like denominators printable math practice","Dividing Fractions With Like Denominators Worksheets","Free printable dividing fractions with like denominators worksheets with a matching answer key. Generate a fresh practice set for home, tutoring, or classroom use.","Yes","Medium"
"en/fraction-div-whole-improper.html","Dividing Whole Numbers by Improper Fractions Worksheets | Googoodan","Dividing Whole Numbers by Improper Fractions Worksheets | Googoodan","dividing whole numbers by improper fractions worksheets","free printable dividing whole numbers by improper fractions worksheets; dividing whole numbers by improper fractions practice sheets with answer key; dividing whole numbers by improper fractions printable math practice","Dividing Whole Numbers by Improper Fractions Worksheets","Free printable dividing whole numbers by improper fractions worksheets. Get fresh practice and a matching answer key for home or class.","Yes","Medium"
"en/fraction-div-whole-mixed.html","Dividing Whole Numbers by Mixed Numbers Worksheets | Googoodan","Dividing Whole Numbers by Mixed Numbers Worksheets | Googoodan","dividing whole numbers by mixed numbers worksheets","free printable dividing whole numbers by mixed numbers worksheets; dividing whole numbers by mixed numbers practice sheets with answer key; dividing whole numbers by mixed numbers printable math practice","Dividing Whole Numbers by Mixed Numbers Worksheets","Free printable dividing whole numbers by mixed numbers worksheets with a matching answer key. Generate a fresh practice set for home, tutoring, or classroom use.","Yes","Medium"
"en/fraction-div-whole-proper.html","Dividing Whole Numbers by Proper Fractions Worksheets | Googoodan","Dividing Whole Numbers by Proper Fractions Worksheets | Googoodan","dividing whole numbers by proper fractions worksheets","free printable dividing whole numbers by proper fractions worksheets; dividing whole numbers by proper fractions practice sheets with answer key; dividing whole numbers by proper fractions printable math practice","Dividing Whole Numbers by Proper Fractions Worksheets","Free printable dividing whole numbers by proper fractions worksheets with a matching answer key. Generate a fresh practice set for home, tutoring, or classroom use.","Yes","Medium"
"en/fraction-error-analysis.html","Fraction Error Analysis Worksheets | Googoodan","Fraction Error Analysis Worksheets | Googoodan","fraction error analysis worksheets","free printable fraction error analysis worksheets; fraction error analysis practice sheets with answer key; fraction error analysis printable math practice","Fraction Error Analysis Worksheets","Free printable fraction error analysis worksheets with a matching answer key. Generate a fresh practice set for home, tutoring, or classroom use.","No","Low"
"en/fraction-missing-numbers.html","Missing Number Fraction Worksheets | Googoodan","Missing Number Fraction Worksheets | Googoodan","missing number fraction worksheets","free printable missing number fraction worksheets; missing number fraction practice sheets with answer key; missing number fraction printable math practice","Missing Number Fraction Worksheets","Practice missing number fraction with free printable worksheets. Each page includes a matching answer key for independent work, small groups, or homework.","No","Medium"
"en/fraction-models.html","Fraction Models Worksheets | Googoodan","Fraction Models Worksheets | Googoodan","fraction models worksheets","free printable fraction models worksheets; fraction models practice sheets with answer key; fraction models printable math practice","Fraction Models Worksheets","Build skills with free printable fraction models worksheets. Generate new practice questions and a matching answer key for lessons or home.","No","Medium"
"en/fraction-mul-different.html","Multiplying Fractions With Unlike Denominators Worksheets | Googoodan","Multiplying Fractions With Unlike Denominators Worksheets | Googoodan","multiplying fractions with unlike denominators worksheets","free printable multiplying fractions with unlike denominators worksheets; multiplying fractions with unlike denominators practice sheets with answer key; multiplying fractions with unlike denominators printable math practice","Multiplying Fractions With Unlike Denominators Worksheets","Free printable multiplying fractions with unlike denominators worksheets. Get fresh practice and a matching answer key for home or class.","Yes","Medium"
"en/fraction-mul-improper-improper.html","Multiplying Improper Fractions by Improper Fractions Worksheets | Googoodan","Multiplying Two Improper Fractions Worksheets | Googoodan","multiplying two improper fractions worksheets","free printable multiplying two improper fractions worksheets; multiplying two improper fractions practice sheets with answer key; multiplying two improper fractions printable math practice","Multiplying Two Improper Fractions Worksheets","Free printable multiplying two improper fractions worksheets with a matching answer key. Generate a fresh practice set for home, tutoring, or classroom use.","Yes","Medium"
"en/fraction-mul-improper-mixed.html","Multiplying Improper Fractions by Mixed Numbers Worksheets | Googoodan","Improper Fraction & Mixed Number Multiplication Worksheets | Googoodan","improper fraction and mixed number multiplication worksheets","free printable improper fraction and mixed number multiplication worksheets; improper fraction and mixed number multiplication practice sheets with answer key; improper fraction and mixed number multiplication printable math practice","Improper Fraction & Mixed Number Multiplication Worksheets","Free printable improper fraction & mixed number multiplication worksheets. Get fresh practice and a matching answer key for home or class.","Yes","Medium"
"en/fraction-mul-improper-proper.html","Multiplying Improper Fractions by Proper Fractions Worksheets | Googoodan","Improper and Proper Fraction Multiplication Worksheets | Googoodan","improper and proper fraction multiplication worksheets","free printable improper and proper fraction multiplication worksheets; improper and proper fraction multiplication practice sheets with answer key; improper and proper fraction multiplication printable math practice","Improper and Proper Fraction Multiplication Worksheets","Free printable improper and proper fraction multiplication worksheets with a matching answer key. Generate a fresh practice set for home, tutoring, or classroom use.","Yes","Medium"
"en/fraction-mul-improper-whole.html","Multiplying Improper Fractions by Whole Numbers Worksheets | Googoodan","Improper Fraction & Whole Number Multiplication Worksheets | Googoodan","improper fraction and whole number multiplication worksheets","free printable improper fraction and whole number multiplication worksheets; improper fraction and whole number multiplication practice sheets with answer key; improper fraction and whole number multiplication printable math practice","Improper Fraction & Whole Number Multiplication Worksheets","Free printable improper fraction & whole number multiplication worksheets. Get fresh practice and a matching answer key for home or class.","Yes","Medium"
"en/fraction-mul-mixed-improper.html","Multiplying Mixed Numbers by Improper Fractions Worksheets | Googoodan","Mixed Number & Improper Fraction Multiplication Worksheets | Googoodan","mixed number and improper fraction multiplication worksheets","free printable mixed number and improper fraction multiplication worksheets; mixed number and improper fraction multiplication practice sheets with answer key; mixed number and improper fraction multiplication printable math practice","Mixed Number & Improper Fraction Multiplication Worksheets","Free printable mixed number & improper fraction multiplication worksheets. Get fresh practice and a matching answer key for home or class.","Yes","Medium"
"en/fraction-mul-mixed-mixed.html","Multiplying Mixed Numbers by Mixed Numbers Worksheets | Googoodan","Multiplying Two Mixed Numbers Worksheets | Googoodan","multiplying two mixed numbers worksheets","free printable multiplying two mixed numbers worksheets; multiplying two mixed numbers practice sheets with answer key; multiplying two mixed numbers printable math practice","Multiplying Two Mixed Numbers Worksheets","Use free printable multiplying two mixed numbers worksheets for focused practice. Create another set with its matching answer key whenever more practice is needed.","Yes","Medium"
"en/fraction-mul-mixed-proper.html","Multiplying Mixed Numbers by Proper Fractions Worksheets | Googoodan","Mixed Number & Proper Fraction Multiplication Worksheets | Googoodan","mixed number and proper fraction multiplication worksheets","free printable mixed number and proper fraction multiplication worksheets; mixed number and proper fraction multiplication practice sheets with answer key; mixed number and proper fraction multiplication printable math practice","Mixed Number & Proper Fraction Multiplication Worksheets","Free printable mixed number & proper fraction multiplication worksheets. Get fresh practice and a matching answer key for home or class.","Yes","Medium"
"en/fraction-mul-mixed-whole.html","Multiplying Mixed Numbers by Whole Numbers Worksheets | Googoodan","Mixed Number & Whole Number Multiplication Worksheets | Googoodan","mixed number and whole number multiplication worksheets","free printable mixed number and whole number multiplication worksheets; mixed number and whole number multiplication practice sheets with answer key; mixed number and whole number multiplication printable math practice","Mixed Number & Whole Number Multiplication Worksheets","Free printable mixed number & whole number multiplication worksheets with a matching answer key. Generate a fresh practice set for home, tutoring, or classroom use.","Yes","Medium"
"en/fraction-mul-proper-improper.html","Multiplying Proper Fractions by Improper Fractions Worksheets | Googoodan","Multiplying Proper and Improper Fractions Worksheets | Googoodan","multiplying proper and improper fractions worksheets","free printable multiplying proper and improper fractions worksheets; multiplying proper and improper fractions practice sheets with answer key; multiplying proper and improper fractions printable math practice","Multiplying Proper and Improper Fractions Worksheets","Build skills with free printable multiplying proper and improper fractions worksheets. Generate new practice questions and a matching answer key for lessons or home.","Yes","Medium"
"en/fraction-mul-proper-mixed.html","Multiplying Proper Fractions by Mixed Numbers Worksheets | Googoodan","Proper Fraction & Mixed Number Multiplication Worksheets | Googoodan","proper fraction and mixed number multiplication worksheets","free printable proper fraction and mixed number multiplication worksheets; proper fraction and mixed number multiplication practice sheets with answer key; proper fraction and mixed number multiplication printable math practice","Proper Fraction & Mixed Number Multiplication Worksheets","Free printable proper fraction & mixed number multiplication worksheets. Get fresh practice and a matching answer key for home or class.","Yes","Medium"
"en/fraction-mul-proper-whole.html","Multiplying Proper Fractions by Whole Numbers Worksheets | Googoodan","Proper Fraction & Whole Number Multiplication Worksheets | Googoodan","proper fraction and whole number multiplication worksheets","free printable proper fraction and whole number multiplication worksheets; proper fraction and whole number multiplication practice sheets with answer key; proper fraction and whole number multiplication printable math practice","Proper Fraction & Whole Number Multiplication Worksheets","Free printable proper fraction & whole number multiplication worksheets. Get fresh practice and a matching answer key for home or class.","Yes","Medium"
"en/fraction-mul-same.html","Multiplying Fractions With Like Denominators Worksheets | Googoodan","Multiplying Fractions With Like Denominators Worksheets | Googoodan","multiplying fractions with like denominators worksheets","free printable multiplying fractions with like denominators worksheets; multiplying fractions with like denominators practice sheets with answer key; multiplying fractions with like denominators printable math practice","Multiplying Fractions With Like Denominators Worksheets","Free printable multiplying fractions with like denominators worksheets. Get fresh practice and a matching answer key for home or class.","Yes","Medium"
"en/fraction-mul-whole-improper.html","Multiplying Whole Numbers by Improper Fractions Worksheets | Googoodan","Whole Number & Improper Fraction Multiplication Worksheets | Googoodan","whole number and improper fraction multiplication worksheets","free printable whole number and improper fraction multiplication worksheets; whole number and improper fraction multiplication practice sheets with answer key; whole number and improper fraction multiplication printable math practice","Whole Number & Improper Fraction Multiplication Worksheets","Free printable whole number & improper fraction multiplication worksheets. Get fresh practice and a matching answer key for home or class.","Yes","Medium"
"en/fraction-mul-whole-mixed.html","Multiplying Whole Numbers by Mixed Numbers Worksheets | Googoodan","Whole Number & Mixed Number Multiplication Worksheets | Googoodan","whole number and mixed number multiplication worksheets","free printable whole number and mixed number multiplication worksheets; whole number and mixed number multiplication practice sheets with answer key; whole number and mixed number multiplication printable math practice","Whole Number & Mixed Number Multiplication Worksheets","Free printable whole number & mixed number multiplication worksheets with a matching answer key. Generate a fresh practice set for home, tutoring, or classroom use.","Yes","Medium"
"en/fraction-mul-whole-proper.html","Multiplying Whole Numbers by Proper Fractions Worksheets | Googoodan","Whole Number & Proper Fraction Multiplication Worksheets | Googoodan","whole number and proper fraction multiplication worksheets","free printable whole number and proper fraction multiplication worksheets; whole number and proper fraction multiplication practice sheets with answer key; whole number and proper fraction multiplication printable math practice","Whole Number & Proper Fraction Multiplication Worksheets","Free printable whole number & proper fraction multiplication worksheets. Get fresh practice and a matching answer key for home or class.","Yes","Medium"
"en/fraction-number-puzzles.html","Fraction Number Puzzles Worksheets | Googoodan","Fraction Number Puzzles Worksheets | Googoodan","fraction number puzzles worksheets","free printable fraction number puzzles worksheets; fraction number puzzles practice sheets with answer key; fraction number puzzles printable math practice","Fraction Number Puzzles Worksheets","Build skills with free printable fraction number puzzles worksheets. Generate new practice questions and a matching answer key for lessons or home.","No","Medium"
"en/fraction-sub-different.html","Subtracting Fractions With Unlike Denominators Worksheets | Googoodan","Subtracting Fractions With Unlike Denominators Worksheets | Googoodan","subtracting fractions with unlike denominators worksheets","free printable subtracting fractions with unlike denominators worksheets; subtracting fractions with unlike denominators practice sheets with answer key; subtracting fractions with unlike denominators printable math practice","Subtracting Fractions With Unlike Denominators Worksheets","Free printable subtracting fractions with unlike denominators worksheets. Get fresh practice and a matching answer key for home or class.","Yes","Medium"
"en/fraction-sub-improper-improper.html","Subtracting Improper Fractions from Improper Fractions Worksheets | Googoodan","Improper Fraction Minus Improper Fraction Worksheets | Googoodan","improper fraction minus improper fraction worksheets","free printable improper fraction minus improper fraction worksheets; improper fraction minus improper fraction practice sheets with answer key; improper fraction minus improper fraction printable math practice","Improper Fraction Minus Improper Fraction Worksheets","Free printable improper fraction minus improper fraction worksheets with a matching answer key. Generate a fresh practice set for home, tutoring, or classroom use.","Yes","Medium"
"en/fraction-sub-improper-mixed.html","Subtracting Mixed Numbers from Improper Fractions Worksheets | Googoodan","Improper Fraction Minus Mixed Number Worksheets | Googoodan","improper fraction minus mixed number worksheets","free printable improper fraction minus mixed number worksheets; improper fraction minus mixed number practice sheets with answer key; improper fraction minus mixed number printable math practice","Improper Fraction Minus Mixed Number Worksheets","Build skills with free printable improper fraction minus mixed number worksheets. Generate new practice questions and a matching answer key for lessons or home.","Yes","Medium"
"en/fraction-sub-improper-proper.html","Subtracting Proper Fractions from Improper Fractions Worksheets | Googoodan","Improper Fraction Minus Proper Fraction Worksheets | Googoodan","improper fraction minus proper fraction worksheets","free printable improper fraction minus proper fraction worksheets; improper fraction minus proper fraction practice sheets with answer key; improper fraction minus proper fraction printable math practice","Improper Fraction Minus Proper Fraction Worksheets","Free printable improper fraction minus proper fraction worksheets with a matching answer key. Generate a fresh practice set for home, tutoring, or classroom use.","Yes","Medium"
"en/fraction-sub-improper-whole.html","Subtracting Whole Numbers from Improper Fractions Worksheets | Googoodan","Improper Fraction Minus Whole Number Worksheets | Googoodan","improper fraction minus whole number worksheets","free printable improper fraction minus whole number worksheets; improper fraction minus whole number practice sheets with answer key; improper fraction minus whole number printable math practice","Improper Fraction Minus Whole Number Worksheets","Free printable improper fraction minus whole number worksheets with a matching answer key. Generate a fresh practice set for home, tutoring, or classroom use.","Yes","Medium"
"en/fraction-sub-mixed-improper.html","Subtracting Improper Fractions from Mixed Numbers Worksheets | Googoodan","Mixed Number Minus Improper Fraction Worksheets | Googoodan","mixed number minus improper fraction worksheets","free printable mixed number minus improper fraction worksheets; mixed number minus improper fraction practice sheets with answer key; mixed number minus improper fraction printable math practice","Mixed Number Minus Improper Fraction Worksheets","Build skills with free printable mixed number minus improper fraction worksheets. Generate new practice questions and a matching answer key for lessons or home.","Yes","Medium"
"en/fraction-sub-mixed-mixed.html","Subtracting Mixed Numbers from Mixed Numbers Worksheets | Googoodan","Mixed Number Minus Mixed Number Worksheets | Googoodan","mixed number minus mixed number worksheets","free printable mixed number minus mixed number worksheets; mixed number minus mixed number practice sheets with answer key; mixed number minus mixed number printable math practice","Mixed Number Minus Mixed Number Worksheets","Free printable mixed number minus mixed number worksheets with a matching answer key. Generate a fresh practice set for home, tutoring, or classroom use.","Yes","Medium"
"en/fraction-sub-mixed-proper.html","Subtracting Proper Fractions from Mixed Numbers Worksheets | Googoodan","Mixed Number Minus Proper Fraction Worksheets | Googoodan","mixed number minus proper fraction worksheets","free printable mixed number minus proper fraction worksheets; mixed number minus proper fraction practice sheets with answer key; mixed number minus proper fraction printable math practice","Mixed Number Minus Proper Fraction Worksheets","Free printable mixed number minus proper fraction worksheets with a matching answer key. Generate a fresh practice set for home, tutoring, or classroom use.","Yes","Medium"
"en/fraction-sub-mixed-whole.html","Subtracting Whole Numbers from Mixed Numbers Worksheets | Googoodan","Mixed Number Minus Whole Number Worksheets | Googoodan","mixed number minus whole number worksheets","free printable mixed number minus whole number worksheets; mixed number minus whole number practice sheets with answer key; mixed number minus whole number printable math practice","Mixed Number Minus Whole Number Worksheets","Free printable mixed number minus whole number worksheets with a matching answer key. Generate a fresh practice set for home, tutoring, or classroom use.","Yes","Medium"
"en/fraction-sub-same.html","Subtracting Fractions With Like Denominators Worksheets | Googoodan","Subtracting Fractions With Like Denominators Worksheets | Googoodan","subtracting fractions with like denominators worksheets","free printable subtracting fractions with like denominators worksheets; subtracting fractions with like denominators practice sheets with answer key; subtracting fractions with like denominators printable math practice","Subtracting Fractions With Like Denominators Worksheets","Free printable subtracting fractions with like denominators worksheets. Get fresh practice and a matching answer key for home or class.","Yes","Medium"
"en/fraction-sub-whole-improper.html","Subtracting Improper Fractions from Whole Numbers Worksheets | Googoodan","Whole Number Minus Improper Fraction Worksheets | Googoodan","whole number minus improper fraction worksheets","free printable whole number minus improper fraction worksheets; whole number minus improper fraction practice sheets with answer key; whole number minus improper fraction printable math practice","Whole Number Minus Improper Fraction Worksheets","Free printable whole number minus improper fraction worksheets with a matching answer key. Generate a fresh practice set for home, tutoring, or classroom use.","Yes","Medium"
"en/fraction-sub-whole-mixed.html","Subtracting Mixed Numbers from Whole Numbers Worksheets | Googoodan","Whole Number Minus Mixed Number Worksheets | Googoodan","whole number minus mixed number worksheets","free printable whole number minus mixed number worksheets; whole number minus mixed number practice sheets with answer key; whole number minus mixed number printable math practice","Whole Number Minus Mixed Number Worksheets","Build skills with free printable whole number minus mixed number worksheets. Generate new practice questions and a matching answer key for lessons or home.","Yes","Medium"
"en/fraction-sub-whole-proper.html","Subtracting Proper Fractions from Whole Numbers Worksheets | Googoodan","Whole Number Minus Proper Fraction Worksheets | Googoodan","whole number minus proper fraction worksheets","free printable whole number minus proper fraction worksheets; whole number minus proper fraction practice sheets with answer key; whole number minus proper fraction printable math practice","Whole Number Minus Proper Fraction Worksheets","Build skills with free printable whole number minus proper fraction worksheets. Generate new practice questions and a matching answer key for lessons or home.","Yes","Medium"
"en/fraction-worksheets.html","Fraction Worksheets - Free Printable | Googoodan","Fraction Worksheets - Free Printable | Googoodan","fraction worksheets","free printable fraction worksheets - free printable; fraction practice sheets with answer key; fraction printable math practice","Fraction Worksheets - Free Printable","Use free printable fraction worksheets for focused practice. Create another set with its matching answer key whenever more practice is needed.","No","High"
"en/front-top-side-views-cubes.html","Front Top and Side Views of Cubes Worksheets | Googoodan","Front Top and Side Views of Cubes Worksheets | Googoodan","front top and side views of cubes worksheets","free printable front top and side views of cubes worksheets; front top and side views of cubes practice sheets with answer key; front top and side views of cubes printable math practice","Front Top and Side Views of Cubes Worksheets","Free printable front top and side views of cubes worksheets with a matching answer key. Generate a fresh practice set for home, tutoring, or classroom use.","No","Low"
"en/gcf-and-lcm.html","GCF and LCM Worksheets | Googoodan","GCF and LCM Worksheets | Googoodan","gcf and lcm worksheets","free printable gcf and lcm worksheets; gcf and lcm practice sheets with answer key; gcf and lcm printable math practice","GCF and LCM Worksheets","Use free printable gcf and lcm worksheets for focused practice. Create another set with its matching answer key whenever more practice is needed.","No","Low"
"en/grade-1.html","1st Grade Math Worksheets & Answer Keys | Googoodan","1st Grade Math Worksheets | Googoodan","1st grade math worksheets","first grade math worksheets; free printable 1st grade math worksheets; grade 1 worksheets with answers","1st Grade Math Worksheets","Free printable 1st grade math worksheets with a matching answer key. Generate a fresh practice set for home, tutoring, or classroom use.","No","High"
"en/grade-2-two-digit-addition-one-regrouping.html","2-Digit Addition: 1 Regrouping | Googoodan","2 Digit Addition With 1 Regrouping Worksheets | Googoodan","2 digit addition 1 regrouping worksheets","free printable 2 digit addition with 1 regrouping worksheets; 2 digit addition 1 regrouping practice sheets with answer key; 2 digit addition 1 regrouping printable math practice","2 Digit Addition With 1 Regrouping Worksheets","Free printable grade 2 2 digit addition with 1 regrouping worksheets with a matching answer key. Generate a fresh practice set for home, tutoring, or classroom use.","Yes","High"
"en/grade-2-two-digit-addition-two-regroupings.html","2-Digit Addition: 2 Regroupings | Googoodan","2 Digit Addition With 2 Regroupings Worksheets | Googoodan","2 digit addition 2 regrouping worksheets","free printable 2 digit addition with 2 regroupings worksheets; 2 digit addition 2 regrouping practice sheets with answer key; 2 digit addition 2 regrouping printable math practice","2 Digit Addition With 2 Regroupings Worksheets","Free printable grade 2 2 digit addition with 2 regroupings worksheets with a matching answer key. Generate a fresh practice set for home, tutoring, or classroom use.","Yes","High"
"en/grade-2-two-digit-subtraction-one-regrouping.html","2-Digit Subtraction: 1 Regrouping | Googoodan","2 Digit Subtraction With 1 Regrouping Worksheets | Googoodan","2 digit subtraction 1 regrouping worksheets","free printable 2 digit subtraction with 1 regrouping worksheets; 2 digit subtraction 1 regrouping practice sheets with answer key; 2 digit subtraction 1 regrouping printable math practice","2 Digit Subtraction With 1 Regrouping Worksheets","Free printable grade 2 2 digit subtraction with 1 regrouping worksheets. Get fresh practice and a matching answer key for home or class.","Yes","High"
"en/grade-2.html","2nd Grade Math Worksheets & Answer Keys | Googoodan","2nd Grade Math Worksheets | Googoodan","2nd grade math worksheets","second grade math worksheets; free printable 2nd grade math worksheets; grade 2 worksheets with answers","2nd Grade Math Worksheets","Build skills with free printable 2nd grade math worksheets. Generate new practice questions and a matching answer key for lessons or home.","No","High"
"en/grade-3-three-digit-addition-no-regrouping.html","3-Digit Addition: No Regrouping | Googoodan","3 Digit Addition Without Regrouping Worksheets | Googoodan","3 digit addition no regrouping worksheets","free printable 3 digit addition without regrouping worksheets; 3 digit addition no regrouping practice sheets with answer key; 3 digit addition no regrouping printable math practice","3 Digit Addition Without Regrouping Worksheets","Free printable grade 3 3 digit addition without regrouping worksheets with a matching answer key. Generate a fresh practice set for home, tutoring, or classroom use.","Yes","High"
"en/grade-3-three-digit-addition-one-regrouping.html","3-Digit Addition: 1 Regrouping | Googoodan","3 Digit Addition With 1 Regrouping Worksheets | Googoodan","3 digit addition 1 regrouping worksheets","free printable 3 digit addition with 1 regrouping worksheets; 3 digit addition 1 regrouping practice sheets with answer key; 3 digit addition 1 regrouping printable math practice","3 Digit Addition With 1 Regrouping Worksheets","Free printable grade 3 3 digit addition with 1 regrouping worksheets with a matching answer key. Generate a fresh practice set for home, tutoring, or classroom use.","Yes","High"
"en/grade-3-three-digit-addition-three-regroupings.html","3-Digit Addition: 3 Regroupings | Googoodan","3 Digit Addition With 3 Regroupings Worksheets | Googoodan","3 digit addition 3 regrouping worksheets","free printable 3 digit addition with 3 regroupings worksheets; 3 digit addition 3 regrouping practice sheets with answer key; 3 digit addition 3 regrouping printable math practice","3 Digit Addition With 3 Regroupings Worksheets","Free printable grade 3 3 digit addition with 3 regroupings worksheets with a matching answer key. Generate a fresh practice set for home, tutoring, or classroom use.","Yes","High"
"en/grade-3-three-digit-addition-two-regroupings.html","3-Digit Addition: 2 Regroupings | Googoodan","3 Digit Addition With 2 Regroupings Worksheets | Googoodan","3 digit addition 2 regrouping worksheets","free printable 3 digit addition with 2 regroupings worksheets; 3 digit addition 2 regrouping practice sheets with answer key; 3 digit addition 2 regrouping printable math practice","3 Digit Addition With 2 Regroupings Worksheets","Free printable grade 3 3 digit addition with 2 regroupings worksheets with a matching answer key. Generate a fresh practice set for home, tutoring, or classroom use.","Yes","High"
"en/grade-3-three-digit-subtraction-no-regrouping.html","3-Digit Subtraction: No Regrouping | Googoodan","3 Digit Subtraction Without Regrouping Worksheets | Googoodan","3 digit subtraction no regrouping worksheets","free printable 3 digit subtraction without regrouping worksheets; 3 digit subtraction no regrouping practice sheets with answer key; 3 digit subtraction no regrouping printable math practice","3 Digit Subtraction Without Regrouping Worksheets","Free printable grade 3 3 digit subtraction without regrouping worksheets. Get fresh practice and a matching answer key for home or class.","Yes","High"
"en/grade-3-three-digit-subtraction-one-regrouping.html","3-Digit Subtraction: 1 Regrouping | Googoodan","3 Digit Subtraction With 1 Regrouping Worksheets | Googoodan","3 digit subtraction 1 regrouping worksheets","free printable 3 digit subtraction with 1 regrouping worksheets; 3 digit subtraction 1 regrouping practice sheets with answer key; 3 digit subtraction 1 regrouping printable math practice","3 Digit Subtraction With 1 Regrouping Worksheets","Free printable grade 3 3 digit subtraction with 1 regrouping worksheets. Get fresh practice and a matching answer key for home or class.","Yes","High"
"en/grade-3-three-digit-subtraction-two-regroupings.html","3-Digit Subtraction: 2 Regroupings | Googoodan","3 Digit Subtraction With 2 Regroupings Worksheets | Googoodan","3 digit subtraction 2 regrouping worksheets","free printable 3 digit subtraction with 2 regroupings worksheets; 3 digit subtraction 2 regrouping practice sheets with answer key; 3 digit subtraction 2 regrouping printable math practice","3 Digit Subtraction With 2 Regroupings Worksheets","Free printable grade 3 3 digit subtraction with 2 regroupings worksheets. Get fresh practice and a matching answer key for home or class.","Yes","High"
"en/grade-3.html","3rd Grade Math Worksheets - Free Printable | Googoodan","3rd Grade Math Worksheets - Free Printable | Googoodan","3rd grade math worksheets","third grade math worksheets; free printable 3rd grade math worksheets; grade 3 worksheets with answers","3rd Grade Math Worksheets - Free Printable","Use free printable 3rd grade math worksheets for focused practice. Create another set with its matching answer key whenever more practice is needed.","No","High"
"en/grade-4-three-digit-by-one-digit-multiplication-no-regrouping.html","3-Digit × 1-Digit: No Regrouping | Googoodan","3 Digit by 1 Digit Multiplication Without Regrouping Worksheets | Googoodan","3 digit multiplication without regrouping worksheets","free printable 3 digit by 1 digit multiplication without regrouping worksheets; 3 digit multiplication without regrouping practice sheets with answer key; 3 digit multiplication without regrouping printable math practice","3 Digit by 1 Digit Multiplication Without Regrouping Worksheets","Free printable grade 4 3 digit by 1 digit multiplication without regrouping worksheets. Get fresh practice and a matching answer key for home or class.","Yes","High"
"en/grade-4-three-digit-by-one-digit-multiplication-one-regrouping.html","3-Digit × 1-Digit: 1 Regrouping | Googoodan","3 Digit by 1 Digit Multiplication With 1 Regrouping Worksheets | Googoodan","3 digit multiplication with 1 regrouping worksheets","free printable 3 digit by 1 digit multiplication with 1 regrouping worksheets; 3 digit multiplication with 1 regrouping practice sheets with answer key; 3 digit multiplication with 1 regrouping printable math practice","3 Digit by 1 Digit Multiplication With 1 Regrouping Worksheets","Free printable grade 4 3 digit by 1 digit multiplication with 1 regrouping worksheets. Get fresh practice and a matching answer key for home or class.","Yes","High"
"en/grade-4-three-digit-by-one-digit-multiplication-three-regroupings.html","3-Digit × 1-Digit: 3 Regroupings | Googoodan","3 Digit by 1 Digit Multiplication With 3 Regroupings Worksheets | Googoodan","3 digit multiplication with 3 regroupings worksheets","free printable 3 digit by 1 digit multiplication with 3 regroupings worksheets; 3 digit multiplication with 3 regroupings practice sheets with answer key; 3 digit multiplication with 3 regroupings printable math practice","3 Digit by 1 Digit Multiplication With 3 Regroupings Worksheets","Free printable grade 4 3 digit by 1 digit multiplication with 3 regroupings worksheets. Get fresh practice and a matching answer key for home or class.","Yes","High"
"en/grade-4-three-digit-by-one-digit-multiplication-two-regroupings.html","3-Digit × 1-Digit: 2 Regroupings | Googoodan","3 Digit by 1 Digit Multiplication With 2 Regroupings Worksheets | Googoodan","3 digit multiplication with 2 regroupings worksheets","free printable 3 digit by 1 digit multiplication with 2 regroupings worksheets; 3 digit multiplication with 2 regroupings practice sheets with answer key; 3 digit multiplication with 2 regroupings printable math practice","3 Digit by 1 Digit Multiplication With 2 Regroupings Worksheets","Free printable grade 4 3 digit by 1 digit multiplication with 2 regroupings worksheets. Get fresh practice and a matching answer key for home or class.","Yes","High"
"en/grade-4-two-digit-by-one-digit-multiplication-no-regrouping.html","2-Digit × 1-Digit: No Regrouping | Googoodan","2 Digit by 1 Digit Multiplication Without Regrouping Worksheets | Googoodan","2 digit multiplication without regrouping worksheets","free printable 2 digit by 1 digit multiplication without regrouping worksheets; 2 digit multiplication without regrouping practice sheets with answer key; 2 digit multiplication without regrouping printable math practice","2 Digit by 1 Digit Multiplication Without Regrouping Worksheets","Free printable grade 4 2 digit by 1 digit multiplication without regrouping worksheets. Get fresh practice and a matching answer key for home or class.","Yes","High"
"en/grade-4-two-digit-by-one-digit-multiplication-one-regrouping.html","2-Digit × 1-Digit: 1 Regrouping | Googoodan","2 Digit by 1 Digit Multiplication With 1 Regrouping Worksheets | Googoodan","2 digit multiplication with 1 regrouping worksheets","free printable 2 digit by 1 digit multiplication with 1 regrouping worksheets; 2 digit multiplication with 1 regrouping practice sheets with answer key; 2 digit multiplication with 1 regrouping printable math practice","2 Digit by 1 Digit Multiplication With 1 Regrouping Worksheets","Free printable grade 4 2 digit by 1 digit multiplication with 1 regrouping worksheets. Get fresh practice and a matching answer key for home or class.","Yes","High"
"en/grade-4-two-digit-by-one-digit-multiplication-two-regroupings.html","2-Digit × 1-Digit: 2 Regroupings | Googoodan","2 Digit by 1 Digit Multiplication With 2 Regroupings Worksheets | Googoodan","2 digit multiplication with 2 regroupings worksheets","free printable 2 digit by 1 digit multiplication with 2 regroupings worksheets; 2 digit multiplication with 2 regroupings practice sheets with answer key; 2 digit multiplication with 2 regroupings printable math practice","2 Digit by 1 Digit Multiplication With 2 Regroupings Worksheets","Free printable grade 4 2 digit by 1 digit multiplication with 2 regroupings worksheets. Get fresh practice and a matching answer key for home or class.","Yes","High"
"en/grade-4.html","4th Grade Math Worksheets - Free Printable | Googoodan","4th Grade Math Worksheets - Free Printable | Googoodan","4th grade math worksheets","fourth grade math worksheets; free printable 4th grade math worksheets; grade 4 worksheets with answers","4th Grade Math Worksheets - Free Printable","Free printable 4th grade math worksheets with a matching answer key. Generate a fresh practice set for home, tutoring, or classroom use.","No","High"
"en/grade-5.html","5th Grade Math Worksheets - Free Printable | Googoodan","5th Grade Math Worksheets - Free Printable | Googoodan","5th grade math worksheets","fifth grade math worksheets; free printable 5th grade math worksheets; grade 5 worksheets with answers","5th Grade Math Worksheets - Free Printable","Build skills with free printable 5th grade math worksheets. Generate new practice questions and a matching answer key for lessons or home.","No","High"
"en/grade-6.html","6th Grade Math Worksheets - Free Printable | Googoodan","6th Grade Math Worksheets - Free Printable | Googoodan","6th grade math worksheets","sixth grade math worksheets; free printable 6th grade math worksheets; grade 6 worksheets with answers","6th Grade Math Worksheets - Free Printable","Use free printable 6th grade math worksheets for focused practice. Create another set with its matching answer key whenever more practice is needed.","No","High"
"en/grades.html","Grade 1–5 Math Journals | Googoodan","Common Core Math Worksheets by Grade | Googoodan","common core math worksheets by grade","free printable common core math worksheets by grade; common core math by grade practice sheets with answer key; common core math by grade printable math practice","Common Core Math Worksheets by Grade","Free printable Common Core math by grade worksheets with a matching answer key. Generate a fresh practice set for home, tutoring, or classroom use.","No","High"
"en/greater-than-less-than-number-clues.html","Greater Than and Less Than Number Clues Worksheets | Googoodan","Greater Than and Less Than Number Clues Worksheets | Googoodan","greater than and less than number clues worksheets","free printable greater than and less than number clues worksheets; greater than and less than number clues practice sheets with answer key; greater than and less than number clues printable math practice","Greater Than and Less Than Number Clues Worksheets","Free printable greater than and less than number clues worksheets with a matching answer key. Generate a fresh practice set for home, tutoring, or classroom use.","No","Medium"
"en/hundred-addition.html","Hundred Chart Math Drills - Timed Addition Practice | Googoodan","Hundred Chart Math Drills - Addition Practice Worksheets | Googoodan","hundred chart math drills - addition practice worksheets","free printable hundred chart math drills - addition practice worksheets; hundred chart math drills - addition practice practice sheets with answer key; hundred chart math drills - addition practice printable math practice","Hundred Chart Math Drills - Addition Practice Worksheets","Free printable hundred chart math drills - addition practice worksheets. Get fresh practice and a matching answer key for home or class.","No","Medium"
"en/hundred-multiplication.html","Hundred Chart Multiplication Drills - Timed Times Table Practice | Googoodan","Hundred Chart Multiplication Worksheets | Googoodan","hundred chart multiplication worksheets","free printable hundred chart multiplication worksheets; hundred chart multiplication practice sheets with answer key; hundred chart multiplication printable math practice","Hundred Chart Multiplication Worksheets","Build skills with free printable hundred chart multiplication worksheets. Generate new practice questions and a matching answer key for lessons or home.","No","Medium"
"en/hundreds-chart-coloring.html","Hundreds Chart Coloring Worksheets | Googoodan","Hundreds Chart Coloring Worksheets | Googoodan","hundreds chart coloring worksheets","free printable hundreds chart coloring worksheets; hundreds chart coloring practice sheets with answer key; hundreds chart coloring printable math practice","Hundreds Chart Coloring Worksheets","Free printable hundreds chart coloring worksheets with a matching answer key. Generate a fresh practice set for home, tutoring, or classroom use.","No","Low"
"en/index.html","Free Printable Math Worksheets with Answer Keys | Googoodan","Free Printable Math Worksheets | Googoodan","free printable math worksheets","free printable free printable math worksheets; free printable math practice sheets with answer key; free printable math printable math practice","Free Printable Math Worksheets","Explore free printable math worksheets for skill practice by grade or topic. Generate a fresh set and use the matching answer key at home or in class.","No","Medium"
"en/integer-add.html","Adding Integers Worksheets | Googoodan","Adding Negative Numbers Worksheets | Googoodan","adding negative numbers worksheets","free printable adding negative numbers worksheets; adding negative numbers practice sheets with answer key; adding negative numbers printable math practice","Adding Negative Numbers Worksheets","Free printable adding negative numbers worksheets. Practice integer addition with positive and negative numbers, then print the matching answer key.","Yes","Medium"
"en/integer-div.html","Dividing Integers Worksheets | Googoodan","Dividing Negative Numbers Worksheets | Googoodan","dividing negative numbers worksheets","free printable dividing negative numbers worksheets; dividing negative numbers practice sheets with answer key; dividing negative numbers printable math practice","Dividing Negative Numbers Worksheets","Free printable dividing negative numbers worksheets. Practice integer division with positive and negative numbers, then print the matching answer key.","Yes","Medium"
"en/integer-mul.html","Multiplying Integers Worksheets | Googoodan","Multiplying Negative Numbers Worksheets | Googoodan","multiplying negative numbers worksheets","free printable multiplying negative numbers worksheets; multiplying negative numbers practice sheets with answer key; multiplying negative numbers printable math practice","Multiplying Negative Numbers Worksheets","Free printable multiplying negative numbers worksheets. Practice integer multiplication with positive and negative numbers, then print the matching answer key.","Yes","Medium"
"en/integer-sub.html","Subtracting Integers Worksheets | Googoodan","Subtracting Negative Numbers Worksheets | Googoodan","subtracting negative numbers worksheets","free printable subtracting negative numbers worksheets; subtracting negative numbers practice sheets with answer key; subtracting negative numbers printable math practice","Subtracting Negative Numbers Worksheets","Free printable subtracting negative numbers worksheets. Practice integer subtraction with positive and negative numbers, then print the matching answer key.","Yes","Medium"
"en/kindergarten.html","Kindergarten Math Worksheets - Free Printables | Googoodan","Kindergarten Math Worksheets - Free Printables | Googoodan","kindergarten math worksheets","kindergarten worksheets; free printable kindergarten math worksheets; kindergarten worksheets with answers","Kindergarten Math Worksheets - Free Printables","Build skills with free printable kindergarten math worksheets. Generate new practice questions and a matching answer key for lessons or home.","No","High"
"en/levels.html","Practice by level | Googoodan","Math Practice Worksheets by Level | Googoodan","math practice worksheets by level","free printable math practice worksheets by level; math practice by level practice sheets with answer key; math practice by level printable math practice","Math Practice Worksheets by Level","Use free printable math practice by level worksheets for focused practice. Create another set with its matching answer key whenever more practice is needed.","No","Medium"
"en/line-graph.html","Line Graph Worksheets | Googoodan","Line Graph Worksheets | Googoodan","line graph worksheets","free printable line graph worksheets; line graph practice sheets with answer key; line graph printable math practice","Line Graph Worksheets","Use free printable line graph worksheets for focused practice. Create another set with its matching answer key whenever more practice is needed.","No","Low"
"en/long-division.html","Long Division Worksheets with Answer Keys | Googoodan","Long Division Worksheets | Googoodan","long division worksheets","free printable long division worksheets; long division practice sheets with answer key; long division printable math practice","Long Division Worksheets","Free printable long division worksheets with a matching answer key. Generate a fresh practice set for home, tutoring, or classroom use.","Yes","High"
"en/make-10-subtraction.html","Make 10 Subtraction Worksheets | Googoodan","Make 10 Subtraction Worksheets | Googoodan","make 10 subtraction worksheets","free printable make 10 subtraction worksheets; make 10 subtraction practice sheets with answer key; make 10 subtraction printable math practice","Make 10 Subtraction Worksheets","Build skills with free printable make 10 subtraction worksheets. Generate new practice questions and a matching answer key for lessons or home.","No","Medium"
"en/make-picture-graph.html","Making Picture Graphs Worksheets | Googoodan","Making Picture Graphs Worksheets | Googoodan","making picture graphs worksheets","free printable making picture graphs worksheets; making picture graphs practice sheets with answer key; making picture graphs printable math practice","Making Picture Graphs Worksheets","Use free printable making picture graphs worksheets for focused practice. Create another set with its matching answer key whenever more practice is needed.","No","Low"
"en/math-mistake-detective.html","Math Mistake Detective Worksheets | Googoodan","Math Mistake Detective Worksheets | Googoodan","math mistake detective worksheets","free printable math mistake detective worksheets; math mistake detective practice sheets with answer key; math mistake detective printable math practice","Math Mistake Detective Worksheets","Build skills with free printable math mistake detective worksheets. Generate new practice questions and a matching answer key for lessons or home.","No","Low"
"en/math-worksheets-for-kids.html","Math Worksheets for Kids: K–6 Free Printables | Googoodan","Math Worksheets for Kids: K–6 Free Printables | Googoodan","math worksheets for kids k 6 free printables","free printable math worksheets for kids: k–6 free printables; math for kids k 6 free printables practice sheets with answer key; math for kids k 6 free printables printable math practice","Math Worksheets for Kids: K–6 Free Printables","Build skills with free printable math for kids: k–6 worksheets. Generate new practice questions and a matching answer key for lessons or home.","No","Medium"
"en/measurement.html","Measurement Conversion Worksheets | Googoodan","Measurement Conversion Worksheets | Googoodan","measurement conversion worksheets","free printable measurement conversion worksheets; measurement conversion practice sheets with answer key; measurement conversion printable math practice","Measurement Conversion Worksheets","Use free printable measurement conversion worksheets for focused practice. Create another set with its matching answer key whenever more practice is needed.","Yes","Medium"
"en/missing-dimension-volume.html","Missing Dimension Volume Worksheets | Googoodan","Missing Dimension Volume Worksheets | Googoodan","missing dimension volume worksheets","free printable missing dimension volume worksheets; missing dimension volume practice sheets with answer key; missing dimension volume printable math practice","Missing Dimension Volume Worksheets","Free printable missing dimension volume worksheets with a matching answer key. Generate a fresh practice set for home, tutoring, or classroom use.","Yes","Medium"
"en/missing-edge-surface-area.html","Missing Edge Surface Area Worksheets | Googoodan","Missing Edge Surface Area Worksheets | Googoodan","missing edge surface area worksheets","free printable missing edge surface area worksheets; missing edge surface area practice sheets with answer key; missing edge surface area printable math practice","Missing Edge Surface Area Worksheets","Build skills with free printable missing edge surface area worksheets. Generate new practice questions and a matching answer key for lessons or home.","Yes","Medium"
"en/missing-height-area.html","Missing Height and Base Worksheets | Googoodan","Missing Height and Base Worksheets | Googoodan","missing height and base worksheets","free printable missing height and base worksheets; missing height and base practice sheets with answer key; missing height and base printable math practice","Missing Height and Base Worksheets","Use free printable missing height and base worksheets for focused practice. Create another set with its matching answer key whenever more practice is needed.","Yes","Medium"
"en/missing-hidden-cubes.html","Missing and Hidden Cubes Worksheets | Googoodan","Missing and Hidden Cubes Worksheets | Googoodan","missing and hidden cubes worksheets","free printable missing and hidden cubes worksheets; missing and hidden cubes practice sheets with answer key; missing and hidden cubes printable math practice","Missing and Hidden Cubes Worksheets","Build skills with free printable missing and hidden cubes worksheets. Generate new practice questions and a matching answer key for lessons or home.","No","Low"
"en/missing-number-equations.html","Missing Number Equations Worksheets | Googoodan","Missing Number Equations Worksheets | Googoodan","missing number equations worksheets","free printable missing number equations worksheets; missing number equations practice sheets with answer key; missing number equations printable math practice","Missing Number Equations Worksheets","Free printable missing number equations worksheets with an answer key. Students complete each missing value for focused practice at home, in tutoring, or in class.","Yes","Medium"
"en/missing-number-patterns-to-100.html","Missing Numbers to 100 Worksheets | Googoodan","Missing Numbers to 100 Worksheets | Googoodan","missing numbers to 100 worksheets","free printable missing numbers to 100 worksheets; missing numbers to 100 practice sheets with answer key; missing numbers to 100 printable math practice","Missing Numbers to 100 Worksheets","Free printable missing number missing numbers to 100 worksheets. Get fresh practice and a matching answer key for home or class.","No","Medium"
"en/missing-side-area.html","Missing Side Length Worksheets | Googoodan","Missing Side Length Worksheets | Googoodan","missing side length worksheets","free printable missing side length worksheets; missing side length practice sheets with answer key; missing side length printable math practice","Missing Side Length Worksheets","Free printable missing side length worksheets with a matching answer key. Generate a fresh practice set for home, tutoring, or classroom use.","Yes","Medium"
"en/missing.html","Missing Number Worksheets | Googoodan","Missing Number Worksheets | Googoodan","missing number worksheets","free printable missing number worksheets; missing number practice sheets with answer key; missing number printable math practice","Missing Number Worksheets","Use free printable missing number worksheets for focused practice. Create another set with its matching answer key whenever more practice is needed.","No","Medium"
"en/multiplication-arrays.html","Multiplication Arrays and Equal Groups Worksheets | Googoodan","Multiplication Arrays and Equal Groups Worksheets | Googoodan","multiplication arrays and equal groups worksheets","free printable multiplication arrays and equal groups worksheets; multiplication arrays and equal groups practice sheets with answer key; multiplication arrays and equal groups printable math practice","Multiplication Arrays and Equal Groups Worksheets","Free printable multiplication arrays and equal groups worksheets with a matching answer key. Generate a fresh practice set for home, tutoring, or classroom use.","No","Medium"
"en/multiplication-error-analysis.html","Multiplication Error Analysis Worksheets | Googoodan","Multiplication Error Analysis Worksheets | Googoodan","multiplication error analysis worksheets","free printable multiplication error analysis worksheets; multiplication error analysis practice sheets with answer key; multiplication error analysis printable math practice","Multiplication Error Analysis Worksheets","Build skills with free printable multiplication error analysis worksheets. Generate new practice questions and a matching answer key for lessons or home.","No","Low"
"en/multiplication-matching.html","Multiplication Matching Worksheets | Googoodan","Multiplication Matching Worksheets | Googoodan","multiplication matching worksheets","free printable multiplication matching worksheets; multiplication matching practice sheets with answer key; multiplication matching printable math practice","Multiplication Matching Worksheets","Use free printable multiplication matching worksheets for focused practice. Create another set with its matching answer key whenever more practice is needed.","No","Medium"
"en/multiplication-missing-factors.html","Missing Factor Multiplication Worksheets | Googoodan","Missing Factor Multiplication Worksheets | Googoodan","missing factor multiplication worksheets","free printable missing factor multiplication worksheets; missing factor multiplication practice sheets with answer key; missing factor multiplication printable math practice","Missing Factor Multiplication Worksheets","Use free printable missing factor multiplication worksheets for targeted practice. A matching answer key makes it easy to check work during lessons or at home.","No","Medium"
"en/multiplication-strategies.html","Multiplication Strategies Worksheets | Googoodan","Multiplication Strategies Worksheets | Googoodan","multiplication strategies worksheets","free printable multiplication strategies worksheets; multiplication strategies practice sheets with answer key; multiplication strategies printable math practice","Multiplication Strategies Worksheets","Free printable multiplication strategies worksheets with a matching answer key. Generate a fresh practice set for home, tutoring, or classroom use.","No","Medium"
"en/multiplication-worksheets.html","Multiplication Worksheets - Free Printable | Googoodan","Multiplication Worksheets - Free Printable | Googoodan","multiplication worksheets","free printable multiplication worksheets - free printable; multiplication practice sheets with answer key; multiplication printable math practice","Multiplication Worksheets - Free Printable","Build skills with free printable multiplication worksheets. Generate new practice questions and a matching answer key for lessons or home.","No","High"
"en/multiply-one.html","Multiplication Facts Worksheets | Googoodan","Multiplication Facts Worksheets | Googoodan","multiplication facts worksheets","free printable multiplication facts worksheets; multiplication facts practice sheets with answer key; multiplication facts printable math practice","Multiplication Facts Worksheets","Free printable multiplication facts worksheets with a matching answer key. Generate a fresh practice set for home, tutoring, or classroom use.","No","High"
"en/multiply-two-one.html","Two Digit by One Digit Multiplication Worksheets | Googoodan","2 Digit by 1 Digit Multiplication Worksheets | Googoodan","2 digit by 1 digit multiplication worksheets","free printable 2 digit by 1 digit multiplication worksheets; 2 digit by 1 digit multiplication practice sheets with answer key; 2 digit by 1 digit multiplication printable math practice","2 Digit by 1 Digit Multiplication Worksheets","Free printable 2 digit by 1 digit multiplication worksheets with a matching answer key. Generate a fresh practice set for home, tutoring, or classroom use.","No","Medium"
"en/multiply-two.html","Two Digit Multiplication Worksheets | Googoodan","2 Digit Multiplication Worksheets | Googoodan","2 digit multiplication worksheets","free printable 2 digit multiplication worksheets; 2 digit multiplication practice sheets with answer key; 2 digit multiplication printable math practice","2 Digit Multiplication Worksheets","Use free printable 2 digit multiplication worksheets for focused practice. Create another set with its matching answer key whenever more practice is needed.","No","Medium"
"en/natural-add-1-1.html","1 Digit Addition Worksheets | Googoodan","1 Digit Addition Worksheets | Googoodan","1 digit addition worksheets","free printable 1 digit addition worksheets; 1 digit addition practice sheets with answer key; 1 digit addition printable math practice","1 Digit Addition Worksheets","Use free printable 1 digit addition worksheets for focused practice. Create another set with its matching answer key whenever more practice is needed.","Yes","Medium"
"en/natural-add-1-2.html","1 Digit Plus 2 Digit Addition Worksheets | Googoodan","1 Digit Plus 2 Digit Addition Worksheets | Googoodan","1 digit plus 2 digit addition worksheets","free printable 1 digit plus 2 digit addition worksheets; 1 digit plus 2 digit addition practice sheets with answer key; 1 digit plus 2 digit addition printable math practice","1 Digit Plus 2 Digit Addition Worksheets","Free printable 1 digit plus 2 digit addition worksheets with a matching answer key. Generate a fresh practice set for home, tutoring, or classroom use.","Yes","Medium"
"en/natural-add-1-3.html","1 Digit Plus 3 Digit Addition Worksheets | Googoodan","1 Digit Plus 3 Digit Addition Worksheets | Googoodan","1 digit plus 3 digit addition worksheets","free printable 1 digit plus 3 digit addition worksheets; 1 digit plus 3 digit addition practice sheets with answer key; 1 digit plus 3 digit addition printable math practice","1 Digit Plus 3 Digit Addition Worksheets","Build skills with free printable 1 digit plus 3 digit addition worksheets. Generate new practice questions and a matching answer key for lessons or home.","Yes","Medium"
"en/natural-add-2-1.html","2 Digit Plus 1 Digit Addition Worksheets | Googoodan","2 Digit Plus 1 Digit Addition Worksheets | Googoodan","2 digit plus 1 digit addition worksheets","free printable 2 digit plus 1 digit addition worksheets; 2 digit plus 1 digit addition practice sheets with answer key; 2 digit plus 1 digit addition printable math practice","2 Digit Plus 1 Digit Addition Worksheets","Free printable 2 digit plus 1 digit addition worksheets with a matching answer key. Generate a fresh practice set for home, tutoring, or classroom use.","Yes","Medium"
"en/natural-add-2-2.html","2 Digit Addition Worksheets | Googoodan","2 Digit Addition Worksheets – Free Printable Practice | Googoodan","2 digit addition worksheets","free printable 2 digit addition worksheets – free printable practice; 2 digit addition practice sheets with answer key; 2 digit addition printable math practice","2 Digit Addition Worksheets – Free Printable Practice","Build skills with free printable 2 digit addition worksheets. Generate new practice questions and a matching answer key for lessons or home.","Yes","Medium"
"en/natural-add-2-3.html","2 Digit Plus 3 Digit Addition Worksheets | Googoodan","2 Digit Plus 3 Digit Addition Worksheets | Googoodan","2 digit plus 3 digit addition worksheets","free printable 2 digit plus 3 digit addition worksheets; 2 digit plus 3 digit addition practice sheets with answer key; 2 digit plus 3 digit addition printable math practice","2 Digit Plus 3 Digit Addition Worksheets","Use free printable 2 digit plus 3 digit addition worksheets for focused practice. Create another set with its matching answer key whenever more practice is needed.","Yes","Medium"
"en/natural-add-3-1.html","3 Digit Plus 1 Digit Addition Worksheets | Googoodan","3 Digit Plus 1 Digit Addition Worksheets | Googoodan","3 digit plus 1 digit addition worksheets","free printable 3 digit plus 1 digit addition worksheets; 3 digit plus 1 digit addition practice sheets with answer key; 3 digit plus 1 digit addition printable math practice","3 Digit Plus 1 Digit Addition Worksheets","Free printable 3 digit plus 1 digit addition worksheets with a matching answer key. Generate a fresh practice set for home, tutoring, or classroom use.","Yes","Medium"
"en/natural-add-3-2.html","3 Digit Plus 2 Digit Addition Worksheets | Googoodan","3 Digit Plus 2 Digit Addition Worksheets | Googoodan","3 digit plus 2 digit addition worksheets","free printable 3 digit plus 2 digit addition worksheets; 3 digit plus 2 digit addition practice sheets with answer key; 3 digit plus 2 digit addition printable math practice","3 Digit Plus 2 Digit Addition Worksheets","Build skills with free printable 3 digit plus 2 digit addition worksheets. Generate new practice questions and a matching answer key for lessons or home.","Yes","Medium"
"en/natural-add-3-3.html","3 Digit Addition Worksheets | Googoodan","3 Digit Addition Worksheets | Googoodan","3 digit addition worksheets","free printable 3 digit addition worksheets; 3 digit addition practice sheets with answer key; 3 digit addition printable math practice","3 Digit Addition Worksheets","Use free printable 3 digit addition worksheets for focused practice. Create another set with its matching answer key whenever more practice is needed.","Yes","Medium"
"en/natural-add-4-1.html","4 Digit Plus 1 Digit Addition Worksheets | Googoodan","4 Digit Plus 1 Digit Addition Worksheets | Googoodan","4 digit plus 1 digit addition worksheets","free printable 4 digit plus 1 digit addition worksheets; 4 digit plus 1 digit addition practice sheets with answer key; 4 digit plus 1 digit addition printable math practice","4 Digit Plus 1 Digit Addition Worksheets","Build skills with free printable 4 digit plus 1 digit addition worksheets. Generate new practice questions and a matching answer key for lessons or home.","Yes","Medium"
"en/natural-add-4-2.html","4 Digit Plus 2 Digit Addition Worksheets | Googoodan","4 Digit Plus 2 Digit Addition Worksheets | Googoodan","4 digit plus 2 digit addition worksheets","free printable 4 digit plus 2 digit addition worksheets; 4 digit plus 2 digit addition practice sheets with answer key; 4 digit plus 2 digit addition printable math practice","4 Digit Plus 2 Digit Addition Worksheets","Use free printable 4 digit plus 2 digit addition worksheets for focused practice. Create another set with its matching answer key whenever more practice is needed.","Yes","Medium"
"en/natural-add-4-3.html","4 Digit Plus 3 Digit Addition Worksheets | Googoodan","4 Digit Plus 3 Digit Addition Worksheets | Googoodan","4 digit plus 3 digit addition worksheets","free printable 4 digit plus 3 digit addition worksheets; 4 digit plus 3 digit addition practice sheets with answer key; 4 digit plus 3 digit addition printable math practice","4 Digit Plus 3 Digit Addition Worksheets","Free printable 4 digit plus 3 digit addition worksheets with a matching answer key. Generate a fresh practice set for home, tutoring, or classroom use.","Yes","Medium"
"en/natural-add-4-4.html","4 Digit Addition Worksheets | Googoodan","4 Digit Addition Worksheets | Googoodan","4 digit addition worksheets","free printable 4 digit addition worksheets; 4 digit addition practice sheets with answer key; 4 digit addition printable math practice","4 Digit Addition Worksheets","Build skills with free printable 4 digit addition worksheets. Generate new practice questions and a matching answer key for lessons or home.","Yes","Medium"
"en/natural-div-1-1.html","Basic Division Facts Worksheets | Googoodan","Basic Division Facts Worksheets | Googoodan","basic division facts worksheets","free printable basic division facts worksheets; basic division facts practice sheets with answer key; basic division facts printable math practice","Basic Division Facts Worksheets","Free printable basic division facts worksheets with a matching answer key. Generate a fresh practice set for home, tutoring, or classroom use.","Yes","Medium"
"en/natural-div-2-1.html","2 Digit by 1 Digit Division Worksheets | Googoodan","2 Digit by 1 Digit Division Worksheets | Googoodan","2 digit by 1 digit division worksheets","free printable 2 digit by 1 digit division worksheets; 2 digit by 1 digit division practice sheets with answer key; 2 digit by 1 digit division printable math practice","2 Digit by 1 Digit Division Worksheets","Free printable 2 digit by 1 digit division worksheets with a matching answer key. Generate a fresh practice set for home, tutoring, or classroom use.","Yes","Medium"
"en/natural-div-2-2.html","2 Digit by 2 Digit Division Worksheets | Googoodan","2 Digit by 2 Digit Division Worksheets | Googoodan","2 digit by 2 digit division worksheets","free printable 2 digit by 2 digit division worksheets; 2 digit by 2 digit division practice sheets with answer key; 2 digit by 2 digit division printable math practice","2 Digit by 2 Digit Division Worksheets","Build skills with free printable 2 digit by 2 digit division worksheets. Generate new practice questions and a matching answer key for lessons or home.","Yes","Medium"
"en/natural-div-3-1.html","3 Digit by 1 Digit Division Worksheets | Googoodan","3 Digit by 1 Digit Division Worksheets | Googoodan","3 digit by 1 digit division worksheets","free printable 3 digit by 1 digit division worksheets; 3 digit by 1 digit division practice sheets with answer key; 3 digit by 1 digit division printable math practice","3 Digit by 1 Digit Division Worksheets","Build skills with free printable 3 digit by 1 digit division worksheets. Generate new practice questions and a matching answer key for lessons or home.","Yes","Medium"
"en/natural-div-3-2.html","Long Division Worksheets - 3 Digit by 2 Digit | Googoodan","3 Digit by 2 Digit Division Worksheets | Googoodan","3 digit by 2 digit division worksheets","free printable 3 digit by 2 digit division worksheets; 3 digit by 2 digit division practice sheets with answer key; 3 digit by 2 digit division printable math practice","3 Digit by 2 Digit Division Worksheets","Use free printable 3 digit by 2 digit division worksheets for focused practice. Create another set with its matching answer key whenever more practice is needed.","Yes","Medium"
"en/natural-div-3-3.html","Long Division Worksheets - 3 Digit by 3 Digit | Googoodan","3 Digit by 3 Digit Division Worksheets | Googoodan","3 digit by 3 digit division worksheets","free printable 3 digit by 3 digit division worksheets; 3 digit by 3 digit division practice sheets with answer key; 3 digit by 3 digit division printable math practice","3 Digit by 3 Digit Division Worksheets","Free printable 3 digit by 3 digit division worksheets with a matching answer key. Generate a fresh practice set for home, tutoring, or classroom use.","Yes","Medium"
"en/natural-div-4-1.html","4 Digit by 1 Digit Division Worksheets | Googoodan","4 Digit by 1 Digit Division Worksheets | Googoodan","4 digit by 1 digit division worksheets","free printable 4 digit by 1 digit division worksheets; 4 digit by 1 digit division practice sheets with answer key; 4 digit by 1 digit division printable math practice","4 Digit by 1 Digit Division Worksheets","Use free printable 4 digit by 1 digit division worksheets for focused practice. Create another set with its matching answer key whenever more practice is needed.","Yes","Medium"
"en/natural-div-4-2.html","Long Division Worksheets - 4 Digit by 2 Digit | Googoodan","4 Digit by 2 Digit Division Worksheets | Googoodan","4 digit by 2 digit division worksheets","free printable 4 digit by 2 digit division worksheets; 4 digit by 2 digit division practice sheets with answer key; 4 digit by 2 digit division printable math practice","4 Digit by 2 Digit Division Worksheets","Free printable 4 digit by 2 digit division worksheets with a matching answer key. Generate a fresh practice set for home, tutoring, or classroom use.","Yes","Medium"
"en/natural-div-4-3.html","Long Division Worksheets - 4 Digit by 3 Digit | Googoodan","4 Digit by 3 Digit Division Worksheets | Googoodan","4 digit by 3 digit division worksheets","free printable 4 digit by 3 digit division worksheets; 4 digit by 3 digit division practice sheets with answer key; 4 digit by 3 digit division printable math practice","4 Digit by 3 Digit Division Worksheets","Build skills with free printable 4 digit by 3 digit division worksheets. Generate new practice questions and a matching answer key for lessons or home.","Yes","Medium"
"en/natural-div-4-4.html","Long Division Worksheets - 4 Digit by 4 Digit | Googoodan","4 Digit by 4 Digit Division Worksheets | Googoodan","4 digit by 4 digit division worksheets","free printable 4 digit by 4 digit division worksheets; 4 digit by 4 digit division practice sheets with answer key; 4 digit by 4 digit division printable math practice","4 Digit by 4 Digit Division Worksheets","Use free printable 4 digit by 4 digit division worksheets for focused practice. Create another set with its matching answer key whenever more practice is needed.","Yes","Medium"
"en/natural-mul-1-1.html","Times Tables Practice Worksheets | Googoodan","Times Tables Practice Worksheets | Googoodan","times tables practice worksheets","free printable times tables practice worksheets; times tables practice practice sheets with answer key; times tables practice printable math practice","Times Tables Practice Worksheets","Free printable times tables practice worksheets with a matching answer key. Generate a fresh practice set for home, tutoring, or classroom use.","Yes","Medium"
"en/natural-mul-1-2.html","1 Digit by 2 Digit Multiplication Worksheets | Googoodan","1 Digit by 2 Digit Multiplication Worksheets | Googoodan","1 digit by 2 digit multiplication worksheets","free printable 1 digit by 2 digit multiplication worksheets; 1 digit by 2 digit multiplication practice sheets with answer key; 1 digit by 2 digit multiplication printable math practice","1 Digit by 2 Digit Multiplication Worksheets","Build skills with free printable 1 digit by 2 digit multiplication worksheets. Generate new practice questions and a matching answer key for lessons or home.","Yes","Medium"
"en/natural-mul-1-3.html","1 Digit by 3 Digit Multiplication Worksheets | Googoodan","1 Digit by 3 Digit Multiplication Worksheets | Googoodan","1 digit by 3 digit multiplication worksheets","free printable 1 digit by 3 digit multiplication worksheets; 1 digit by 3 digit multiplication practice sheets with answer key; 1 digit by 3 digit multiplication printable math practice","1 Digit by 3 Digit Multiplication Worksheets","Free printable 1 digit by 3 digit multiplication worksheets with a matching answer key. Generate a fresh practice set for home, tutoring, or classroom use.","Yes","Medium"
"en/natural-mul-2-1.html","2 Digit by 1 Digit Multiplication Worksheets | Googoodan","Skill Practice 2 Digit by 1 Digit Multiplication Worksheets | Googoodan","2 by 1 digit multiplication practice worksheets","free printable skill practice 2 digit by 1 digit multiplication worksheets; 2 by 1 digit multiplication practice practice sheets with answer key; 2 by 1 digit multiplication practice printable math practice","Skill Practice 2 Digit by 1 Digit Multiplication Worksheets","Free printable skill practice 2 digit by 1 digit multiplication worksheets. Get fresh practice and a matching answer key for home or class.","Yes","Medium"
"en/natural-mul-2-2.html","2 Digit by 2 Digit Multiplication Worksheets | Googoodan","2 Digit by 2 Digit Multiplication Worksheets | Googoodan","2 digit by 2 digit multiplication worksheets","free printable 2 digit by 2 digit multiplication worksheets; 2 digit by 2 digit multiplication practice sheets with answer key; 2 digit by 2 digit multiplication printable math practice","2 Digit by 2 Digit Multiplication Worksheets","Free printable 2 digit by 2 digit multiplication worksheets with a matching answer key. Generate a fresh practice set for home, tutoring, or classroom use.","Yes","Medium"
"en/natural-mul-2-3.html","2 Digit by 3 Digit Multiplication Worksheets | Googoodan","2 Digit by 3 Digit Multiplication Worksheets | Googoodan","2 digit by 3 digit multiplication worksheets","free printable 2 digit by 3 digit multiplication worksheets; 2 digit by 3 digit multiplication practice sheets with answer key; 2 digit by 3 digit multiplication printable math practice","2 Digit by 3 Digit Multiplication Worksheets","Free printable 2 digit by 3 digit multiplication worksheets with a matching answer key. Generate a fresh practice set for home, tutoring, or classroom use.","Yes","Medium"
"en/natural-mul-3-1.html","3 Digit by 1 Digit Multiplication Worksheets | Googoodan","3 Digit by 1 Digit Multiplication Worksheets | Googoodan","3 digit by 1 digit multiplication worksheets","free printable 3 digit by 1 digit multiplication worksheets; 3 digit by 1 digit multiplication practice sheets with answer key; 3 digit by 1 digit multiplication printable math practice","3 Digit by 1 Digit Multiplication Worksheets","Build skills with free printable 3 digit by 1 digit multiplication worksheets. Generate new practice questions and a matching answer key for lessons or home.","Yes","Medium"
"en/natural-mul-3-2.html","3 Digit by 2 Digit Multiplication Worksheets | Googoodan","3 Digit by 2 Digit Multiplication Worksheets | Googoodan","3 digit by 2 digit multiplication worksheets","free printable 3 digit by 2 digit multiplication worksheets; 3 digit by 2 digit multiplication practice sheets with answer key; 3 digit by 2 digit multiplication printable math practice","3 Digit by 2 Digit Multiplication Worksheets","Free printable 3 digit by 2 digit multiplication worksheets with a matching answer key. Generate a fresh practice set for home, tutoring, or classroom use.","Yes","Medium"
"en/natural-mul-3-3.html","3 Digit by 3 Digit Multiplication Worksheets | Googoodan","3 Digit by 3 Digit Multiplication Worksheets | Googoodan","3 digit by 3 digit multiplication worksheets","free printable 3 digit by 3 digit multiplication worksheets; 3 digit by 3 digit multiplication practice sheets with answer key; 3 digit by 3 digit multiplication printable math practice","3 Digit by 3 Digit Multiplication Worksheets","Free printable 3 digit by 3 digit multiplication worksheets with a matching answer key. Generate a fresh practice set for home, tutoring, or classroom use.","Yes","Medium"
"en/natural-mul-4-1.html","4 Digit by 1 Digit Multiplication Worksheets | Googoodan","4 Digit by 1 Digit Multiplication Worksheets | Googoodan","4 digit by 1 digit multiplication worksheets","free printable 4 digit by 1 digit multiplication worksheets; 4 digit by 1 digit multiplication practice sheets with answer key; 4 digit by 1 digit multiplication printable math practice","4 Digit by 1 Digit Multiplication Worksheets","Free printable 4 digit by 1 digit multiplication worksheets with a matching answer key. Generate a fresh practice set for home, tutoring, or classroom use.","Yes","Medium"
"en/natural-mul-4-2.html","4 Digit by 2 Digit Multiplication Worksheets | Googoodan","4 Digit by 2 Digit Multiplication Worksheets | Googoodan","4 digit by 2 digit multiplication worksheets","free printable 4 digit by 2 digit multiplication worksheets; 4 digit by 2 digit multiplication practice sheets with answer key; 4 digit by 2 digit multiplication printable math practice","4 Digit by 2 Digit Multiplication Worksheets","Free printable 4 digit by 2 digit multiplication worksheets with a matching answer key. Generate a fresh practice set for home, tutoring, or classroom use.","Yes","Medium"
"en/natural-mul-4-3.html","4 Digit by 3 Digit Multiplication Worksheets | Googoodan","4 Digit by 3 Digit Multiplication Worksheets | Googoodan","4 digit by 3 digit multiplication worksheets","free printable 4 digit by 3 digit multiplication worksheets; 4 digit by 3 digit multiplication practice sheets with answer key; 4 digit by 3 digit multiplication printable math practice","4 Digit by 3 Digit Multiplication Worksheets","Build skills with free printable 4 digit by 3 digit multiplication worksheets. Generate new practice questions and a matching answer key for lessons or home.","Yes","Medium"
"en/natural-mul-4-4.html","4 Digit by 4 Digit Multiplication Worksheets | Googoodan","4 Digit by 4 Digit Multiplication Worksheets | Googoodan","4 digit by 4 digit multiplication worksheets","free printable 4 digit by 4 digit multiplication worksheets; 4 digit by 4 digit multiplication practice sheets with answer key; 4 digit by 4 digit multiplication printable math practice","4 Digit by 4 Digit Multiplication Worksheets","Free printable 4 digit by 4 digit multiplication worksheets with a matching answer key. Generate a fresh practice set for home, tutoring, or classroom use.","Yes","Medium"
"en/natural-sub-1-1.html","1 Digit Subtraction Worksheets | Googoodan","1 Digit Subtraction Worksheets | Googoodan","1 digit subtraction worksheets","free printable 1 digit subtraction worksheets; 1 digit subtraction practice sheets with answer key; 1 digit subtraction printable math practice","1 Digit Subtraction Worksheets","Build skills with free printable 1 digit subtraction worksheets. Generate new practice questions and a matching answer key for lessons or home.","Yes","Medium"
"en/natural-sub-2-1.html","2 Digit Minus 1 Digit Subtraction Worksheets | Googoodan","2 Digit Minus 1 Digit Subtraction Worksheets | Googoodan","2 digit minus 1 digit subtraction worksheets","free printable 2 digit minus 1 digit subtraction worksheets; 2 digit minus 1 digit subtraction practice sheets with answer key; 2 digit minus 1 digit subtraction printable math practice","2 Digit Minus 1 Digit Subtraction Worksheets","Free printable 2 digit minus 1 digit subtraction worksheets with a matching answer key. Generate a fresh practice set for home, tutoring, or classroom use.","Yes","Medium"
"en/natural-sub-2-2.html","2 Digit Subtraction Worksheets | Googoodan","2 Digit Subtraction Worksheets | Googoodan","2 digit subtraction worksheets","free printable 2 digit subtraction worksheets; 2 digit subtraction practice sheets with answer key; 2 digit subtraction printable math practice","2 Digit Subtraction Worksheets","Free printable 2 digit subtraction worksheets with a matching answer key. Generate a fresh practice set for home, tutoring, or classroom use.","Yes","Medium"
"en/natural-sub-3-1.html","3 Digit Minus 1 Digit Subtraction Worksheets | Googoodan","3 Digit Minus 1 Digit Subtraction Worksheets | Googoodan","3 digit minus 1 digit subtraction worksheets","free printable 3 digit minus 1 digit subtraction worksheets; 3 digit minus 1 digit subtraction practice sheets with answer key; 3 digit minus 1 digit subtraction printable math practice","3 Digit Minus 1 Digit Subtraction Worksheets","Free printable 3 digit minus 1 digit subtraction worksheets with a matching answer key. Generate a fresh practice set for home, tutoring, or classroom use.","Yes","Medium"
"en/natural-sub-3-2.html","3 Digit Minus 2 Digit Subtraction Worksheets | Googoodan","3 Digit Minus 2 Digit Subtraction Worksheets | Googoodan","3 digit minus 2 digit subtraction worksheets","free printable 3 digit minus 2 digit subtraction worksheets; 3 digit minus 2 digit subtraction practice sheets with answer key; 3 digit minus 2 digit subtraction printable math practice","3 Digit Minus 2 Digit Subtraction Worksheets","Build skills with free printable 3 digit minus 2 digit subtraction worksheets. Generate new practice questions and a matching answer key for lessons or home.","Yes","Medium"
"en/natural-sub-3-3.html","3 Digit Subtraction Worksheets | Googoodan","3 Digit Subtraction Worksheets | Googoodan","3 digit subtraction worksheets","free printable 3 digit subtraction worksheets; 3 digit subtraction practice sheets with answer key; 3 digit subtraction printable math practice","3 Digit Subtraction Worksheets","Use free printable 3 digit subtraction worksheets for focused practice. Create another set with its matching answer key whenever more practice is needed.","Yes","Medium"
"en/natural-sub-4-1.html","4 Digit Minus 1 Digit Subtraction Worksheets | Googoodan","4 Digit Minus 1 Digit Subtraction Worksheets | Googoodan","4 digit minus 1 digit subtraction worksheets","free printable 4 digit minus 1 digit subtraction worksheets; 4 digit minus 1 digit subtraction practice sheets with answer key; 4 digit minus 1 digit subtraction printable math practice","4 Digit Minus 1 Digit Subtraction Worksheets","Free printable 4 digit minus 1 digit subtraction worksheets with a matching answer key. Generate a fresh practice set for home, tutoring, or classroom use.","Yes","Medium"
"en/natural-sub-4-2.html","4 Digit Minus 2 Digit Subtraction Worksheets | Googoodan","4 Digit Minus 2 Digit Subtraction Worksheets | Googoodan","4 digit minus 2 digit subtraction worksheets","free printable 4 digit minus 2 digit subtraction worksheets; 4 digit minus 2 digit subtraction practice sheets with answer key; 4 digit minus 2 digit subtraction printable math practice","4 Digit Minus 2 Digit Subtraction Worksheets","Build skills with free printable 4 digit minus 2 digit subtraction worksheets. Generate new practice questions and a matching answer key for lessons or home.","Yes","Medium"
"en/natural-sub-4-3.html","4 Digit Minus 3 Digit Subtraction Worksheets | Googoodan","4 Digit Minus 3 Digit Subtraction Worksheets | Googoodan","4 digit minus 3 digit subtraction worksheets","free printable 4 digit minus 3 digit subtraction worksheets; 4 digit minus 3 digit subtraction practice sheets with answer key; 4 digit minus 3 digit subtraction printable math practice","4 Digit Minus 3 Digit Subtraction Worksheets","Free printable 4 digit minus 3 digit subtraction worksheets with a matching answer key. Generate a fresh practice set for home, tutoring, or classroom use.","Yes","Medium"
"en/natural-sub-4-4.html","4 Digit Subtraction Worksheets | Googoodan","4 Digit Subtraction Worksheets | Googoodan","4 digit subtraction worksheets","free printable 4 digit subtraction worksheets; 4 digit subtraction practice sheets with answer key; 4 digit subtraction printable math practice","4 Digit Subtraction Worksheets","Free printable 4 digit subtraction worksheets with a matching answer key. Generate a fresh practice set for home, tutoring, or classroom use.","Yes","Medium"
"en/nets-of-3d-shapes.html","Nets of 3D Shapes Worksheets | Googoodan","Nets of 3D Shapes Worksheets | Googoodan","nets of 3d shapes worksheets","free printable nets of 3d shapes worksheets; nets of 3d shapes practice sheets with answer key; nets of 3d shapes printable math practice","Nets of 3D Shapes Worksheets","Free printable nets of 3d shapes worksheets with a matching answer key. Generate a fresh practice set for home, tutoring, or classroom use.","No","Low"
"en/nonstandard-measurement.html","Nonstandard Measurement Worksheets | Googoodan","Nonstandard Measurement Worksheets | Googoodan","nonstandard measurement worksheets","free printable nonstandard measurement worksheets; nonstandard measurement practice sheets with answer key; nonstandard measurement printable math practice","Nonstandard Measurement Worksheets","Build skills with free printable nonstandard measurement worksheets. Generate new practice questions and a matching answer key for lessons or home.","No","Medium"
"en/number-bonds.html","Number Bonds and Missing Parts Worksheets | Googoodan","Number Bonds and Missing Parts Worksheets | Googoodan","number bonds and missing parts worksheets","free printable number bonds and missing parts worksheets; number bonds and missing parts practice sheets with answer key; number bonds and missing parts printable math practice","Number Bonds and Missing Parts Worksheets","Practice number bonds and missing parts with free printable worksheets. Each page includes a matching answer key for independent work, small groups, or homework.","No","Medium"
"en/number-line-addition.html","Number Line Addition Worksheets | Googoodan","Number Line Addition Worksheets | Googoodan","number line addition worksheets","free printable number line addition worksheets; number line addition practice sheets with answer key; number line addition printable math practice","Number Line Addition Worksheets","Build skills with free printable number line addition worksheets. Generate new practice questions and a matching answer key for lessons or home.","No","Medium"
"en/number-line-subtraction.html","Number Line Subtraction Worksheets | Googoodan","Number Line Subtraction Worksheets | Googoodan","number line subtraction worksheets","free printable number line subtraction worksheets; number line subtraction practice sheets with answer key; number line subtraction printable math practice","Number Line Subtraction Worksheets","Free printable number line subtraction worksheets with a matching answer key. Generate a fresh practice set for home, tutoring, or classroom use.","No","Medium"
"en/number-matching.html","Number Matching Worksheets | Googoodan","Number Matching Worksheets | Googoodan","number matching worksheets","free printable number matching worksheets; number matching practice sheets with answer key; number matching printable math practice","Number Matching Worksheets","Build skills with free printable number matching worksheets. Generate new practice questions and a matching answer key for lessons or home.","No","Medium"
"en/number-order-activities.html","Number Order Activity Worksheets | Googoodan","Number Order Activity Worksheets | Googoodan","number order activity worksheets","free printable number order activity worksheets; number order activity practice sheets with answer key; number order activity printable math practice","Number Order Activity Worksheets","Use free printable number order activity worksheets for focused practice. Create another set with its matching answer key whenever more practice is needed.","No","Medium"
"en/number-sense-worksheets.html","Number Sense Worksheets for K–2 | Googoodan","Number Sense Worksheets for K–2 | Googoodan","number sense worksheets for k 2","free printable number sense worksheets for k–2; number sense for k 2 practice sheets with answer key; number sense for k 2 printable math practice","Number Sense Worksheets for K–2","Free printable number sense for k–2 worksheets with a matching answer key. Generate a fresh practice set for home, tutoring, or classroom use.","No","Medium"
"en/number-tracing.html","Number Tracing Worksheets for Kindergarten | Googoodan","Number Tracing Worksheets for Kindergarten | Googoodan","number tracing worksheets for kindergarten","free printable number tracing worksheets for kindergarten; number tracing for kindergarten practice sheets with answer key; number tracing for kindergarten printable math practice","Number Tracing Worksheets for Kindergarten","Use free printable number tracing for kindergarten worksheets for focused practice. Create another set with its matching answer key whenever more practice is needed.","No","Medium"
"en/odd-even-coloring.html","Odd and Even Coloring Worksheets | Googoodan","Odd and Even Coloring Worksheets | Googoodan","odd and even coloring worksheets","free printable odd and even coloring worksheets; odd and even coloring practice sheets with answer key; odd and even coloring printable math practice","Odd and Even Coloring Worksheets","Free printable odd and even coloring worksheets with a matching answer key. Generate a fresh practice set for home, tutoring, or classroom use.","No","Low"
"en/open-ended-math-word-problems.html","Open-Ended Math Word Problems Worksheets | Googoodan","Open-Ended Math Word Problem Worksheets | Googoodan","open-ended math word problem worksheets","free printable open-ended math word problem worksheets; open-ended math word problem practice sheets with answer key; open-ended math word problem printable math practice","Open-Ended Math Word Problem Worksheets","Build reasoning with free printable open-ended math word problem worksheets. The included answer key helps check practice during lessons, tutoring, or homework.","Yes","High"
"en/order-of-operations.html","Order of Operations Worksheets | Googoodan","Order of Operations Worksheets | Googoodan","order of operations worksheets","free printable order of operations worksheets; order of operations practice sheets with answer key; order of operations printable math practice","Order of Operations Worksheets","Free printable order of operations worksheets with a matching answer key. Generate a fresh practice set for home, tutoring, or classroom use.","Yes","Medium"
"en/percent-graph.html","Percent and Strip Graph Worksheets | Googoodan","Percent and Strip Graph Worksheets | Googoodan","percent and strip graph worksheets","free printable percent and strip graph worksheets; percent and strip graph practice sheets with answer key; percent and strip graph printable math practice","Percent and Strip Graph Worksheets","Build skills with free printable percent and strip graph worksheets. Generate new practice questions and a matching answer key for lessons or home.","Yes","Medium"
"en/picture-addition.html","Picture Addition Activity Worksheets | Googoodan","Picture Addition Activity Worksheets | Googoodan","picture addition activity worksheets","free printable picture addition activity worksheets; picture addition activity practice sheets with answer key; picture addition activity printable math practice","Picture Addition Activity Worksheets","Build skills with free printable picture addition activity worksheets. Generate new practice questions and a matching answer key for lessons or home.","No","Medium"
"en/picture-graph.html","Picture Graph Worksheets | Googoodan","Picture Graph Worksheets | Googoodan","picture graph worksheets","free printable picture graph worksheets; picture graph practice sheets with answer key; picture graph printable math practice","Picture Graph Worksheets","Free printable picture graph worksheets with a matching answer key. Generate a fresh practice set for home, tutoring, or classroom use.","No","Low"
"en/picture-number-matching.html","Picture and Number Matching Worksheets | Googoodan","Picture and Number Matching Worksheets | Googoodan","picture and number matching worksheets","free printable picture and number matching worksheets; picture and number matching practice sheets with answer key; picture and number matching printable math practice","Picture and Number Matching Worksheets","Use free printable picture and number matching worksheets for focused practice. Create another set with its matching answer key whenever more practice is needed.","No","Medium"
"en/picture-subtraction.html","Picture Subtraction Worksheets | Googoodan","Picture Subtraction Worksheets | Googoodan","picture subtraction worksheets","free printable picture subtraction worksheets; picture subtraction practice sheets with answer key; picture subtraction printable math practice","Picture Subtraction Worksheets","Use free printable picture subtraction worksheets for focused practice. Create another set with its matching answer key whenever more practice is needed.","No","Medium"
"en/place-value.html","Place Value Worksheets - Free Printables | Googoodan","Place Value Worksheets - Free Printables | Googoodan","place value worksheets","free printable place value worksheets - free printables; place value practice sheets with answer key; place value printable math practice","Place Value Worksheets - Free Printables","Use free printable place value worksheets for focused practice. Create another set with its matching answer key whenever more practice is needed.","Yes","High"
"en/practice/add-10.html","Add and subtract within 10 worksheets | googoodan.","Addition and Subtraction Within 10 Worksheets | Googoodan","addition and subtraction within 10 worksheets","free printable addition and subtraction within 10 worksheets; addition and subtraction within 10 practice sheets with answer key; addition and subtraction within 10 printable math practice","Addition and Subtraction Within 10 Worksheets","Practice addition and subtraction within 10 with free printable worksheets and a matching answer key. Use each set for a lesson, homework, or independent review.","No","Medium"
"en/practice/add-2.html","Two-digit addition and subtraction worksheets | googoodan.","2 Digit Addition and Subtraction Worksheets | Googoodan","2 digit addition and subtraction worksheets","free printable 2 digit addition and subtraction worksheets; 2 digit addition and subtraction practice sheets with answer key; 2 digit addition and subtraction printable math practice","2 Digit Addition and Subtraction Worksheets","Practice 2 digit addition and subtraction with free printable worksheets and a matching answer key. Use each set for a lesson, homework, or independent review.","No","Medium"
"en/practice/add-20.html","Add and subtract within 20 worksheets | googoodan.","Addition and Subtraction Within 20 Worksheets | Googoodan","addition and subtraction within 20 worksheets","free printable addition and subtraction within 20 worksheets; addition and subtraction within 20 practice sheets with answer key; addition and subtraction within 20 printable math practice","Addition and Subtraction Within 20 Worksheets","Practice addition and subtraction within 20 with free printable worksheets and a matching answer key. Use each set for a lesson, homework, or independent review.","No","Medium"
"en/practice/add-3.html","Three-digit addition and subtraction worksheets | googoodan.","3 Digit Addition and Subtraction Worksheets | Googoodan","3 digit addition and subtraction worksheets","free printable 3 digit addition and subtraction worksheets; 3 digit addition and subtraction practice sheets with answer key; 3 digit addition and subtraction printable math practice","3 Digit Addition and Subtraction Worksheets","Use free printable 3 digit addition and subtraction worksheets for repeatable math practice. Each set includes a matching answer key for quick checking.","No","Medium"
"en/practice/decimal-add.html","Add and subtract decimals worksheets | googoodan.","Decimal Addition and Subtraction Worksheets | Googoodan","decimal addition and subtraction worksheets","free printable decimal addition and subtraction worksheets; decimal addition and subtraction practice sheets with answer key; decimal addition and subtraction printable math practice","Decimal Addition and Subtraction Worksheets","Practice decimal addition and subtraction with free printable worksheets and a matching answer key. Use each set for a lesson, homework, or independent review.","Yes","Medium"
"en/practice/decimal-div-whole.html","Divide decimals by whole numbers worksheets | googoodan.","Dividing Decimals by Whole Numbers Practice Worksheets | Googoodan","dividing decimals by whole numbers practice worksheets","free printable dividing decimals by whole numbers practice worksheets; dividing decimals by whole numbers practice practice sheets with answer key; dividing decimals by whole numbers practice printable math practice","Dividing Decimals by Whole Numbers Practice Worksheets","Use free printable dividing decimals by whole numbers practice worksheets for repeatable math practice. Each set includes a matching answer key for quick checking.","Yes","Medium"
"en/practice/decimal-div.html","Divide by a decimal worksheets | googoodan.","Dividing by Decimals Worksheets | Googoodan","dividing by decimals worksheets","free printable dividing by decimals worksheets; dividing by decimals practice sheets with answer key; dividing by decimals printable math practice","Dividing by Decimals Worksheets","Free printable dividing by decimals worksheets provide focused skill practice. Create a set and use the matching answer key at home, in tutoring, or in class.","Yes","Medium"
"en/practice/decimal-mul.html","Multiply decimals worksheets | googoodan.","Multiplying Decimals Worksheets | Googoodan","multiplying decimals worksheets","free printable multiplying decimals worksheets; multiplying decimals practice sheets with answer key; multiplying decimals printable math practice","Multiplying Decimals Worksheets","Use free printable multiplying decimals worksheets for repeatable math practice. Each set includes a matching answer key for quick checking.","Yes","Medium"
"en/practice/div-1.html","Divide by a one-digit number worksheets | googoodan.","Division by 1 Digit Numbers Worksheets | Googoodan","division by 1 digit numbers worksheets","free printable division by 1 digit numbers worksheets; division by 1 digit numbers practice sheets with answer key; division by 1 digit numbers printable math practice","Division by 1 Digit Numbers Worksheets","Free printable division by 1 digit numbers worksheets provide focused skill practice. Create a set and use the matching answer key at home, in tutoring, or in class.","No","Medium"
"en/practice/div-2.html","Divide by a two-digit number worksheets | googoodan.","Division by 2 Digit Numbers Worksheets | Googoodan","division by 2 digit numbers worksheets","free printable division by 2 digit numbers worksheets; division by 2 digit numbers practice sheets with answer key; division by 2 digit numbers printable math practice","Division by 2 Digit Numbers Worksheets","Practice division by 2 digit numbers with free printable worksheets and a matching answer key. Use each set for a lesson, homework, or independent review.","No","Medium"
"en/practice/div-facts.html","Division facts worksheets | googoodan.","Division Fact Practice Worksheets | Googoodan","division fact practice worksheets","free printable division fact practice worksheets; division fact practice practice sheets with answer key; division fact practice printable math practice","Division Fact Practice Worksheets","Use free printable division fact practice worksheets for repeatable math practice. Each set includes a matching answer key for quick checking.","No","Medium"
"en/practice/equivalent.html","Simplify and find common denominators worksheets | googoodan.","Simplifying Fractions and Common Denominators Worksheets | Googoodan","simplifying fractions and common denominators worksheets","free printable simplifying fractions and common denominators worksheets; simplifying fractions and common denominators practice sheets with answer key; simplifying fractions and common denominators printable math practice","Simplifying Fractions and Common Denominators Worksheets","Use free printable simplifying fractions and common denominators worksheets for repeatable math practice. Each set includes a matching answer key for quick checking.","No","Medium"
"en/practice/factors.html","Factors and multiples worksheets | googoodan.","Factors and Multiples Practice Worksheets | Googoodan","factors multiples practice worksheets","free printable factors and multiples practice worksheets; factors multiples practice practice sheets with answer key; factors multiples practice printable math practice","Factors and Multiples Practice Worksheets","Practice factors and multiples practice with free printable worksheets and a matching answer key. Use each set for a lesson, homework, or independent review.","No","Medium"
"en/practice/fraction-div-whole.html","Divide fractions by whole numbers worksheets | googoodan.","Dividing Fractions by Whole Numbers Worksheets | Googoodan","dividing fractions by whole numbers worksheets","free printable dividing fractions by whole numbers worksheets; dividing fractions by whole numbers practice sheets with answer key; dividing fractions by whole numbers printable math practice","Dividing Fractions by Whole Numbers Worksheets","Practice dividing fractions by whole numbers with free printable worksheets and a matching answer key. Use each set for a lesson, homework, or independent review.","Yes","Medium"
"en/practice/fraction-div.html","Divide by a fraction worksheets | googoodan.","Dividing by Fractions Worksheets | Googoodan","dividing by fractions worksheets","free printable dividing by fractions worksheets; dividing by fractions practice sheets with answer key; dividing by fractions printable math practice","Dividing by Fractions Worksheets","Use free printable dividing by fractions worksheets for repeatable math practice. Each set includes a matching answer key for quick checking.","Yes","Medium"
"en/practice/fraction-forms.html","Improper fractions and mixed numbers worksheets | googoodan.","Improper Fractions and Mixed Numbers Worksheets | Googoodan","improper fractions and mixed numbers worksheets","free printable improper fractions and mixed numbers worksheets; improper fractions and mixed numbers practice sheets with answer key; improper fractions and mixed numbers printable math practice","Improper Fractions and Mixed Numbers Worksheets","Practice improper fractions and mixed numbers with free printable worksheets and a matching answer key. Use each set for a lesson, homework, or independent review.","No","Medium"
"en/practice/fraction-mul.html","Multiply fractions worksheets | googoodan.","Multiplying Fractions Worksheets | Googoodan","multiplying fractions worksheets","free printable multiplying fractions worksheets; multiplying fractions practice sheets with answer key; multiplying fractions printable math practice","Multiplying Fractions Worksheets","Free printable multiplying fractions worksheets provide focused skill practice. Create a set and use the matching answer key at home, in tutoring, or in class.","Yes","Medium"
"en/practice/fraction-same.html","Add and subtract: like denominators worksheets | googoodan.","Like Denominator Fraction Addition and Subtraction Worksheets | Googoodan","like denominator fraction operations worksheets","free printable like denominator fraction addition and subtraction worksheets; like denominator fraction operations practice sheets with answer key; like denominator fraction operations printable math practice","Like Denominator Fraction Addition and Subtraction Worksheets","Free printable like denominator fraction addition and subtraction worksheets. Get fresh practice and a matching answer key for home or class.","No","Medium"
"en/practice/fraction-unlike.html","Add and subtract: unlike denominators worksheets | googoodan.","Unlike Denominator Fraction Addition and Subtraction Worksheets | Googoodan","unlike denominator fraction operations worksheets","free printable unlike denominator fraction addition and subtraction worksheets; unlike denominator fraction operations practice sheets with answer key; unlike denominator fraction operations printable math practice","Unlike Denominator Fraction Addition and Subtraction Worksheets","Free printable unlike denominator fraction addition and subtraction worksheets. Get fresh practice and a matching answer key for home or class.","No","Medium"
"en/practice/index.html","Math worksheets by skill | googoodan.","Math Practice Worksheets by Skill | Googoodan","math practice worksheets by skill","free printable math practice worksheets by skill; math practice by skill practice sheets with answer key; math practice by skill printable math practice","Math Practice Worksheets by Skill","Practice math practice by skill with free printable worksheets and a matching answer key. Use each set for a lesson, homework, or independent review.","No","Medium"
"en/practice/mixed.html","Mixed operations worksheets | googoodan.","Mixed Operations Worksheets | Googoodan","mixed operations worksheets","free printable mixed operations worksheets; mixed operations practice sheets with answer key; mixed operations printable math practice","Mixed Operations Worksheets","Practice mixed operations with free printable worksheets and a matching answer key. Use each set for a lesson, homework, or independent review.","Yes","Medium"
"en/practice/mul-1.html","Multiply by a one-digit number worksheets | googoodan.","Multiplication by 1 Digit Numbers Worksheets | Googoodan","multiplication by 1 digit numbers worksheets","free printable multiplication by 1 digit numbers worksheets; multiplication by 1 digit numbers practice sheets with answer key; multiplication by 1 digit numbers printable math practice","Multiplication by 1 Digit Numbers Worksheets","Practice multiplication by 1 digit numbers with free printable worksheets and a matching answer key. Use each set for a lesson, homework, or independent review.","No","Medium"
"en/practice/mul-2.html","Multiply by a two-digit number worksheets | googoodan.","Multiplication by 2 Digit Numbers Worksheets | Googoodan","multiplication by 2 digit numbers worksheets","free printable multiplication by 2 digit numbers worksheets; multiplication by 2 digit numbers practice sheets with answer key; multiplication by 2 digit numbers printable math practice","Multiplication by 2 Digit Numbers Worksheets","Practice multiplication by 2 digit numbers with free printable worksheets and a matching answer key. Use each set for a lesson, homework, or independent review.","No","Medium"
"en/practice/tables.html","Multiplication facts worksheets | googoodan.","Multiplication Fact Practice Worksheets | Googoodan","multiplication fact practice worksheets","free printable multiplication fact practice worksheets; multiplication fact practice practice sheets with answer key; multiplication fact practice printable math practice","Multiplication Fact Practice Worksheets","Practice multiplication fact practice with free printable worksheets and a matching answer key. Use each set for a lesson, homework, or independent review.","No","Medium"
"en/print/activity/addition-color-by-number-within-20.html","Addition Color by Number Worksheets Within 20 | Googoodan","Addition Color by Number Worksheets Within 20 | Googoodan","addition color by number worksheets within 20","free printable addition color by number worksheets within 20; addition color by number within 20 practice sheets with answer key; addition color by number within 20 printable math practice","Addition Color by Number Worksheets Within 20","Try free printable addition color by number within 20 worksheets for active math practice. Each activity includes a matching answer key for home or classroom use.","No","Medium"
"en/print/activity/before-and-after-numbers.html","Before and After Numbers Worksheets | Googoodan","Before and After Numbers Worksheets | Googoodan","before and after numbers worksheets","free printable before and after numbers worksheets; before and after numbers practice sheets with answer key; before and after numbers printable math practice","Before and After Numbers Worksheets","Free printable before and after numbers worksheets turn the skill into hands-on practice. A matching answer key supports lessons, centers, or learning at home.","No","Medium"
"en/print/activity/circle-the-correct-number-of-pictures.html","Circle the Correct Number of Pictures Worksheets | Googoodan","Circle the Correct Number of Pictures Worksheets | Googoodan","circle the correct number of pictures worksheets","free printable circle the correct number of pictures worksheets; circle the correct number of pictures practice sheets with answer key; circle the correct number of pictures printable math practice","Circle the Correct Number of Pictures Worksheets","Try free printable circle the correct number of pictures worksheets for active math practice. Each activity includes a matching answer key for home or classroom use.","No","Medium"
"en/print/activity/commutative-property-arrays.html","Commutative Property Arrays Worksheets | Googoodan","Commutative Property Arrays Worksheets | Googoodan","commutative property arrays worksheets","free printable commutative property arrays worksheets; commutative property arrays practice sheets with answer key; commutative property arrays printable math practice","Commutative Property Arrays Worksheets","Use these free printable commutative property arrays worksheets for visual, hands-on practice. The included answer key makes checking work quick and clear.","No","Medium"
"en/print/activity/compare-picture-groups-kindergarten.html","Compare Picture Groups Worksheets for Kindergarten | Googoodan","Compare Picture Groups Worksheets for Kindergarten | Googoodan","compare picture groups worksheets for kindergarten","free printable compare picture groups worksheets for kindergarten; compare picture groups for kindergarten practice sheets with answer key; compare picture groups for kindergarten printable math practice","Compare Picture Groups Worksheets for Kindergarten","Free printable compare picture groups for kindergarten worksheets. Get fresh practice and a matching answer key for home or class.","No","Medium"
"en/print/activity/complete-the-ten-frame.html","Complete the Ten Frame Worksheets | Googoodan","Complete the Ten Frame Worksheets | Googoodan","complete the ten frame worksheets","free printable complete the ten frame worksheets; complete the ten frame practice sheets with answer key; complete the ten frame printable math practice","Complete the Ten Frame Worksheets","Try free printable complete the ten frame worksheets for active math practice. Each activity includes a matching answer key for home or classroom use.","No","Medium"
"en/print/activity/fix-the-number-order.html","Fix the Number Order Worksheets | Googoodan","Fix the Number Order Worksheets | Googoodan","fix the number order worksheets","free printable fix the number order worksheets; fix the number order practice sheets with answer key; fix the number order printable math practice","Fix the Number Order Worksheets","Use these free printable fix the number order worksheets for visual, hands-on practice. The included answer key makes checking work quick and clear.","No","Medium"
"en/print/activity/kindergarten-count-and-write.html","Count and Write Worksheets for Kindergarten | Googoodan","Count and Write Worksheets for Kindergarten | Googoodan","count and write worksheets for kindergarten","free printable count and write worksheets for kindergarten; count and write for kindergarten practice sheets with answer key; count and write for kindergarten printable math practice","Count and Write Worksheets for Kindergarten","Use these free printable count and write for kindergarten worksheets for visual, hands-on practice. The included answer key makes checking work quick and clear.","No","Medium"
"en/print/activity/make-10-addition-strategy.html","Make 10 Addition Strategy Worksheets | Googoodan","Make 10 Addition Strategy Worksheets | Googoodan","make 10 addition strategy worksheets","free printable make 10 addition strategy worksheets; make 10 addition strategy practice sheets with answer key; make 10 addition strategy printable math practice","Make 10 Addition Strategy Worksheets","Free printable make 10 addition strategy worksheets turn the skill into hands-on practice. A matching answer key supports lessons, centers, or learning at home.","No","Medium"
"en/print/activity/make-10-missing-number.html","Make 10 Missing Number Worksheets | Googoodan","Make 10 Missing Number Worksheets | Googoodan","make 10 missing number worksheets","free printable make 10 missing number worksheets; make 10 missing number practice sheets with answer key; make 10 missing number printable math practice","Make 10 Missing Number Worksheets","Use free printable make 10 missing number worksheets for targeted practice. A matching answer key makes it easy to check work during lessons or at home.","No","Low"
"en/print/activity/missing-numbers-on-a-number-line.html","Missing Numbers on a Number Line Worksheets | Googoodan","Missing Numbers on a Number Line Worksheets | Googoodan","missing numbers on a number line worksheets","free printable missing numbers on a number line worksheets; missing numbers on a number line practice sheets with answer key; missing numbers on a number line printable math practice","Missing Numbers on a Number Line Worksheets","Free printable missing number missing numbers on a number line worksheets. Get fresh practice and a matching answer key for home or class.","No","Low"
"en/print/activity/multiplication-color-by-number.html","Multiplication Color by Number Worksheets | Googoodan","Multiplication Color by Number Worksheets | Googoodan","multiplication color by number worksheets","free printable multiplication color by number worksheets; multiplication color by number practice sheets with answer key; multiplication color by number printable math practice","Multiplication Color by Number Worksheets","Try free printable multiplication color by number worksheets for active math practice. Each activity includes a matching answer key for home or classroom use.","No","Medium"
"en/print/activity/number-word-matching-kindergarten.html","Number Word Matching Worksheets for Kindergarten | Googoodan","Number Word Matching Worksheets for Kindergarten | Googoodan","number word matching worksheets for kindergarten","free printable number word matching worksheets for kindergarten; number word matching for kindergarten practice sheets with answer key; number word matching for kindergarten printable math practice","Number Word Matching Worksheets for Kindergarten","Use these free printable number word matching for kindergarten worksheets for visual, hands-on practice. The included answer key makes checking work quick and clear.","No","Medium"
"en/print/activity/ordering-number-cards-kindergarten.html","Ordering Numbers Worksheets for Kindergarten | Googoodan","Ordering Numbers Worksheets for Kindergarten | Googoodan","ordering numbers worksheets for kindergarten","free printable ordering numbers worksheets for kindergarten; ordering numbers for kindergarten practice sheets with answer key; ordering numbers for kindergarten printable math practice","Ordering Numbers Worksheets for Kindergarten","Use these free printable ordering numbers for kindergarten worksheets for visual, hands-on practice. The included answer key makes checking work quick and clear.","No","Medium"
"en/print/activity/ordinal-numbers-kindergarten.html","Ordinal Numbers Worksheets for Kindergarten | Googoodan","Ordinal Numbers Worksheets for Kindergarten | Googoodan","ordinal numbers worksheets for kindergarten","free printable ordinal numbers worksheets for kindergarten; ordinal numbers for kindergarten practice sheets with answer key; ordinal numbers for kindergarten printable math practice","Ordinal Numbers Worksheets for Kindergarten","Use these free printable ordinal numbers for kindergarten worksheets for visual, hands-on practice. The included answer key makes checking work quick and clear.","No","Medium"
"en/print/activity/pairs-that-make-10.html","Pairs That Make 10 Worksheets | Googoodan","Pairs That Make 10 Worksheets | Googoodan","pairs that make 10 worksheets","free printable pairs that make 10 worksheets; pairs that make 10 practice sheets with answer key; pairs that make 10 printable math practice","Pairs That Make 10 Worksheets","Use these free printable pairs that make 10 worksheets for visual, hands-on practice. The included answer key makes checking work quick and clear.","No","Medium"
"en/print/activity/picture-addition-first-grade.html","Picture Addition Worksheets for 1st Grade | Googoodan","Picture Addition Worksheets – Grade 1 | Googoodan","grade 1 picture addition worksheets","free printable picture addition worksheets – grade 1; grade 1 picture addition practice sheets with answer key; grade 1 picture addition printable math practice","Picture Addition Worksheets – Grade 1","Free printable grade 1 picture addition worksheets turn the skill into hands-on practice. A matching answer key supports lessons, centers, or learning at home.","No","Medium"
"en/print/activity/telling-time-hour-and-half-hour.html","Telling Time to the Hour and Half Hour Worksheets | Googoodan","Telling Time to the Hour and Half Hour Worksheets | Googoodan","telling time hour and half-hour worksheets","free printable telling time to the hour and half hour worksheets; telling time hour and half-hour practice sheets with answer key; telling time hour and half-hour printable math practice","Telling Time to the Hour and Half Hour Worksheets","Free printable telling time to the hour and half hour worksheets. Get fresh practice and a matching answer key for home or class.","No","High"
"en/print/common-core-arithmetic-upper/grade-3-facts-horizontal-practice.html","Multiplication & Division Facts Worksheets - Grade 3 | Googoodan","Multiplication & Division Facts Worksheets – Grade 3 | Googoodan","grade 3 multiplication and division facts worksheets","free printable multiplication and division facts worksheets – grade 3; grade 3 multiplication and division facts practice sheets with answer key; grade 3 multiplication and division facts printable math practice","Multiplication & Division Facts Worksheets – Grade 3","Free printable grade 3 horizontal multiplication & division facts worksheets. Get fresh practice and a matching answer key for home or class.","No","Low"
"en/print/common-core-arithmetic-upper/grade-3-facts-missing-number-practice.html","Missing Number Multiplication & Division Facts - Grade 3 | Googoodan","Missing Number Multiplication & Division Facts Worksheets | Googoodan","missing number multiplication and division facts worksheets","free printable missing number multiplication and division facts worksheets; missing number multiplication and division facts practice sheets with answer key; missing number multiplication and division facts printable math practice","Missing Number Multiplication & Division Facts Worksheets","Free printable grade 3 missing number multiplication & division facts worksheets. Get fresh practice and a matching answer key for home or class.","No","Low"
"en/print/common-core-arithmetic-upper/grade-3-facts-prerequisite-review.html","Multiplication & Division Facts Review - Grade 3 | Googoodan","Multiplication & Division Facts Review Worksheets | Googoodan","multiplication and division facts review worksheets","free printable multiplication and division facts review worksheets; multiplication and division facts review practice sheets with answer key; multiplication and division facts review printable math practice","Multiplication & Division Facts Review Worksheets","Free printable grade 3 multiplication & division facts review worksheets. Get fresh practice and a matching answer key for home or class.","No","Medium"
"en/print/common-core-arithmetic-upper/grade-3-facts-vertical-practice.html","Vertical Multiplication & Division Facts Worksheets - Grade 3 | Googoodan","Vertical Multiplication & Division Facts Worksheets | Googoodan","vertical multiplication and division facts worksheets","free printable vertical multiplication and division facts worksheets; vertical multiplication and division facts practice sheets with answer key; vertical multiplication and division facts printable math practice","Vertical Multiplication & Division Facts Worksheets","Free printable grade 3 vertical multiplication & division facts worksheets. Get fresh practice and a matching answer key for home or class.","No","Low"
"en/print/common-core-arithmetic-upper/grade-3-facts-word-problems.html","Multiplication & Division Facts Word Problems - Grade 3 | Googoodan","Multiplication & Division Facts Word Problem Worksheets | Googoodan","multiplication and division facts word problem worksheets","free printable multiplication and division facts word problem worksheets; multiplication and division facts word problem practice sheets with answer key; multiplication and division facts word problem printable math practice","Multiplication & Division Facts Word Problem Worksheets","Free printable grade 3 multiplication & division facts word problem worksheets. Get fresh practice and a matching answer key for home or class.","Yes","High"
"en/print/common-core-arithmetic-upper/grade-3-tensmul-horizontal-practice.html","Multiplying by Multiples of 10 Worksheets - Grade 3 | Googoodan","Multiplying by Multiples of 10 Worksheets – Grade 3 | Googoodan","horizontal multiplying by multiples of 10 worksheets","free printable multiplying by multiples of 10 worksheets – grade 3; horizontal multiplying by multiples of 10 practice sheets with answer key; horizontal multiplying by multiples of 10 printable math practice","Multiplying by Multiples of 10 Worksheets – Grade 3","Free printable grade 3 horizontal multiplying by multiples of 10 worksheets. Get fresh practice and a matching answer key for home or class.","No","Low"
"en/print/common-core-arithmetic-upper/grade-3-tensmul-missing-number-practice.html","Missing Number Multiplying by Multiples of 10 - Grade 3 | Googoodan","Missing Number Multiplying by Multiples of 10 Worksheets | Googoodan","missing number multiplying by multiples of 10 worksheets","free printable missing number multiplying by multiples of 10 worksheets; missing number multiplying by multiples of 10 practice sheets with answer key; missing number multiplying by multiples of 10 printable math practice","Missing Number Multiplying by Multiples of 10 Worksheets","Free printable grade 3 missing number multiplying by multiples of 10 worksheets. Get fresh practice and a matching answer key for home or class.","No","Low"
"en/print/common-core-arithmetic-upper/grade-3-tensmul-prerequisite-review.html","Multiplying by Multiples of 10 Review - Grade 3 | Googoodan","Multiplying by Multiples of 10 Review Worksheets – Grade 3 | Googoodan","multiplying by multiples of 10 review worksheets","free printable multiplying by multiples of 10 review worksheets – grade 3; multiplying by multiples of 10 review practice sheets with answer key; multiplying by multiples of 10 review printable math practice","Multiplying by Multiples of 10 Review Worksheets – Grade 3","Free printable grade 3 multiplying by multiples of 10 review worksheets. Get fresh practice and a matching answer key for home or class.","No","Medium"
"en/print/common-core-arithmetic-upper/grade-3-tensmul-vertical-practice.html","Vertical Multiplying by Multiples of 10 Worksheets - Grade 3 | Googoodan","Vertical Multiplying by Multiples of 10 Worksheets | Googoodan","vertical multiplying by multiples of 10 worksheets","free printable vertical multiplying by multiples of 10 worksheets; vertical multiplying by multiples of 10 practice sheets with answer key; vertical multiplying by multiples of 10 printable math practice","Vertical Multiplying by Multiples of 10 Worksheets","Free printable grade 3 vertical multiplying by multiples of 10 worksheets. Get fresh practice and a matching answer key for home or class.","No","Low"
"en/print/common-core-arithmetic-upper/grade-3-tensmul-word-problems.html","Multiplying by Multiples of 10 Word Problems - Grade 3 | Googoodan","Multiplying by Multiples of 10 Word Problem Worksheets | Googoodan","multiplying by multiples of 10 word problem worksheets","free printable multiplying by multiples of 10 word problem worksheets; multiplying by multiples of 10 word problem practice sheets with answer key; multiplying by multiples of 10 word problem printable math practice","Multiplying by Multiples of 10 Word Problem Worksheets","Free printable grade 3 multiplying by multiples of 10 word problem worksheets. Get fresh practice and a matching answer key for home or class.","Yes","High"
"en/print/common-core-arithmetic-upper/grade-3-within1000-horizontal-practice.html","Addition & Subtraction Within 1,000 Worksheets - Grade 3 | Googoodan","Addition & Subtraction Within 1,000 Worksheets – Grade 3 | Googoodan","horizontal addition subtraction within 1000 worksheets","free printable addition and subtraction within 1000 worksheets – grade 3; horizontal addition subtraction within 1000 practice sheets with answer key; horizontal addition subtraction within 1000 printable math practice","Addition & Subtraction Within 1,000 Worksheets – Grade 3","Free printable grade 3 horizontal addition & subtraction within 1,000 worksheets. Get fresh practice and a matching answer key for home or class.","No","Low"
"en/print/common-core-arithmetic-upper/grade-3-within1000-missing-number-practice.html","Missing Number Addition & Subtraction Within 1,000 - Grade 3 | Googoodan","Missing Number Add & Subtract Within 1,000 Worksheets | Googoodan","missing number addition subtraction to 1000 worksheets","free printable missing number add and subtract within 1000 worksheets; missing number addition subtraction to 1000 practice sheets with answer key; missing number addition subtraction to 1000 printable math practice","Missing Number Add & Subtract Within 1,000 Worksheets","Free printable grade 3 missing number add & subtract within 1,000 worksheets. Get fresh practice and a matching answer key for home or class.","No","Low"
"en/print/common-core-arithmetic-upper/grade-3-within1000-prerequisite-review.html","Addition & Subtraction Within 1,000 Review - Grade 3 | Googoodan","Add & Subtract Within 1,000 Review Worksheets – Grade 3 | Googoodan","grade 3 addition subtraction to 1000 review worksheets","free printable add and subtract within 1000 review worksheets – grade 3; grade 3 addition subtraction to 1000 review practice sheets with answer key; grade 3 addition subtraction to 1000 review printable math practice","Add & Subtract Within 1,000 Review Worksheets – Grade 3","Free printable grade 3 add & subtract within 1,000 review worksheets. Get fresh practice and a matching answer key for home or class.","No","Medium"
"en/print/common-core-arithmetic-upper/grade-3-within1000-vertical-practice.html","Vertical Addition & Subtraction Within 1,000 Worksheets - Grade 3 | Googoodan","Vertical Add & Subtract Within 1,000 Worksheets – Grade 3 | Googoodan","vertical add and subtract within 1000 worksheets","free printable vertical add and subtract within 1000 worksheets – grade 3; vertical add and subtract within 1000 practice sheets with answer key; vertical add and subtract within 1000 printable math practice","Vertical Add & Subtract Within 1,000 Worksheets – Grade 3","Free printable grade 3 vertical add & subtract within 1,000 worksheets. Get fresh practice and a matching answer key for home or class.","No","Low"
"en/print/common-core-arithmetic-upper/grade-3-within1000-word-problems.html","Addition & Subtraction Within 1,000 Word Problems - Grade 3 | Googoodan","Add & Subtract Within 1,000 Word Problem Worksheets | Googoodan","add and subtract within 1000 word problem worksheets","free printable add and subtract within 1000 word problem worksheets; add and subtract within 1000 word problem practice sheets with answer key; add and subtract within 1000 word problem printable math practice","Add & Subtract Within 1,000 Word Problem Worksheets","Free printable grade 3 add & subtract within 1,000 word problem worksheets. Get fresh practice and a matching answer key for home or class.","Yes","High"
"en/print/common-core-arithmetic-upper/grade-4-div1-horizontal-practice.html","Long Division with One-Digit Divisors Worksheets - Grade 4 | Googoodan","Long Division with 1 Digit Divisors Worksheets – Grade 4 | Googoodan","grade 4 1 digit divisor long division worksheets","free printable long division with 1 digit divisors worksheets – grade 4; grade 4 1 digit divisor long division practice sheets with answer key; grade 4 1 digit divisor long division printable math practice","Long Division with 1 Digit Divisors Worksheets – Grade 4","Free printable grade 4 horizontal long division with 1 digit divisors worksheets. Get fresh practice and a matching answer key for home or class.","Yes","Low"
"en/print/common-core-arithmetic-upper/grade-4-div1-missing-number-practice.html","Missing Number Long Division with One-Digit Divisors - Grade 4 | Googoodan","Missing Number: 1 Digit Divisor Long Division Worksheets | Googoodan","missing number 1 digit divisor long division worksheets","free printable missing number: 1 digit divisor long division worksheets; missing number 1 digit divisor long division practice sheets with answer key; missing number 1 digit divisor long division printable math practice","Missing Number: 1 Digit Divisor Long Division Worksheets","Free printable grade 4 missing number: 1 digit divisor long division worksheets. Get fresh practice and a matching answer key for home or class.","Yes","Low"
"en/print/common-core-arithmetic-upper/grade-4-div1-prerequisite-review.html","Long Division with One-Digit Divisors Review - Grade 4 | Googoodan","Long Division with 1 Digit Divisors Review Worksheets | Googoodan","1 digit divisor long division review worksheets","free printable long division with 1 digit divisors review worksheets; 1 digit divisor long division review practice sheets with answer key; 1 digit divisor long division review printable math practice","Long Division with 1 Digit Divisors Review Worksheets","Free printable grade 4 long division with 1 digit divisors review worksheets. Get fresh practice and a matching answer key for home or class.","Yes","Medium"
"en/print/common-core-arithmetic-upper/grade-4-div1-vertical-practice.html","Vertical Long Division with One-Digit Divisors Worksheets - Grade 4 | Googoodan","Vertical Long Division with 1 Digit Divisors Worksheets | Googoodan","vertical 1 digit divisor long division worksheets","free printable vertical long division with 1 digit divisors worksheets; vertical 1 digit divisor long division practice sheets with answer key; vertical 1 digit divisor long division printable math practice","Vertical Long Division with 1 Digit Divisors Worksheets","Free printable grade 4 vertical long division with 1 digit divisors worksheets. Get fresh practice and a matching answer key for home or class.","Yes","Low"
"en/print/common-core-arithmetic-upper/grade-4-div1-word-problems.html","Long Division with One-Digit Divisors Word Problems - Grade 4 | Googoodan","1 Digit Divisor Division Word Problem Worksheets – Grade 4 | Googoodan","1 digit divisor division word problem worksheets","free printable 1 digit divisor division word problem worksheets – grade 4; 1 digit divisor division word problem practice sheets with answer key; 1 digit divisor division word problem printable math practice","1 Digit Divisor Division Word Problem Worksheets – Grade 4","Free printable grade 4 1 digit divisor division word problem worksheets. Get fresh practice and a matching answer key for home or class.","Yes","High"
"en/print/common-core-arithmetic-upper/grade-4-factors-horizontal-practice.html","Factors & Multiples Worksheets - Grade 4 | Googoodan","Factors & Multiples Worksheets – Grade 4 | Googoodan","grade 4 factors and multiples worksheets","free printable factors and multiples worksheets – grade 4; grade 4 factors and multiples practice sheets with answer key; grade 4 factors and multiples printable math practice","Factors & Multiples Worksheets – Grade 4","Practice grade 4 horizontal factors & multiples with free printable worksheets in a clear layout. The included answer key helps students check each completed set.","No","Low"
"en/print/common-core-arithmetic-upper/grade-4-factors-missing-part-challenge.html","Factors & Multiples: Missing Parts - Grade 4 | Googoodan","Factors & Multiples: Missing Parts Worksheets – Grade 4 | Googoodan","grade 4 factors and multiples missing parts worksheets","free printable factors and multiples: missing parts worksheets – grade 4; grade 4 factors and multiples missing parts practice sheets with answer key; grade 4 factors and multiples missing parts printable math practice","Factors & Multiples: Missing Parts Worksheets – Grade 4","Free printable grade 4 factors & multiples: missing parts worksheets. Get fresh practice and a matching answer key for home or class.","No","Medium"
"en/print/common-core-arithmetic-upper/grade-4-factors-prerequisite-review.html","Factors & Multiples Review - Grade 4 | Googoodan","Factors & Multiples Review Worksheets – Grade 4 | Googoodan","grade 4 factors and multiples review worksheets","free printable factors and multiples review worksheets – grade 4; grade 4 factors and multiples review practice sheets with answer key; grade 4 factors and multiples review printable math practice","Factors & Multiples Review Worksheets – Grade 4","Review grade 4 factors & multiples review with free printable worksheets and a matching answer key. The practice works well for warm-ups, tutoring, or homework.","No","Medium"
"en/print/common-core-arithmetic-upper/grade-4-factors-word-problems.html","Factors & Multiples Word Problems - Grade 4 | Googoodan","Factors & Multiples Word Problem Worksheets – Grade 4 | Googoodan","grade 4 factors and multiples word problem worksheets","free printable factors and multiples word problem worksheets – grade 4; grade 4 factors and multiples word problem practice sheets with answer key; grade 4 factors and multiples word problem printable math practice","Factors & Multiples Word Problem Worksheets – Grade 4","Free printable grade 4 factors & multiples word problem worksheets. Get fresh practice and a matching answer key for home or class.","Yes","High"
"en/print/common-core-arithmetic-upper/grade-4-fractionwhole-horizontal-practice.html","Multiplying Fractions by Whole Numbers Worksheets - Grade 4 | Googoodan","Multiplying Fractions by Whole Numbers Worksheets | Googoodan","multiplying fractions by whole numbers worksheets","free printable multiplying fractions by whole numbers worksheets; multiplying fractions by whole numbers practice sheets with answer key; multiplying fractions by whole numbers printable math practice","Multiplying Fractions by Whole Numbers Worksheets","Free printable grade 4 horizontal multiplying fractions by whole numbers worksheets. Get fresh practice and a matching answer key for home or class.","No","Low"
"en/print/common-core-arithmetic-upper/grade-4-fractionwhole-missing-number-practice.html","Missing Number Multiplying Fractions by Whole Numbers - Grade 4 | Googoodan","Missing Factor: Fraction by Whole Number Worksheets | Googoodan","missing factor fraction by whole number worksheets","free printable missing factor: fraction by whole number worksheets; missing factor fraction by whole number practice sheets with answer key; missing factor fraction by whole number printable math practice","Missing Factor: Fraction by Whole Number Worksheets","Free printable grade 4 missing factor: fraction by whole number worksheets. Get fresh practice and a matching answer key for home or class.","No","Low"
"en/print/common-core-arithmetic-upper/grade-4-fractionwhole-prerequisite-review.html","Multiplying Fractions by Whole Numbers Review - Grade 4 | Googoodan","Multiplying Fractions by Whole Numbers Review Worksheets | Googoodan","multiplying fractions by whole numbers review worksheets","free printable multiplying fractions by whole numbers review worksheets; multiplying fractions by whole numbers review practice sheets with answer key; multiplying fractions by whole numbers review printable math practice","Multiplying Fractions by Whole Numbers Review Worksheets","Free printable grade 4 multiplying fractions by whole numbers review worksheets. Get fresh practice and a matching answer key for home or class.","No","Medium"
"en/print/common-core-arithmetic-upper/grade-4-fractionwhole-word-problems.html","Multiplying Fractions by Whole Numbers Word Problems - Grade 4 | Googoodan","Fraction by Whole Number Word Problem Worksheets – Grade 4 | Googoodan","fraction by whole number word problem worksheets","free printable fraction by whole number word problem worksheets – grade 4; fraction by whole number word problem practice sheets with answer key; fraction by whole number word problem printable math practice","Fraction by Whole Number Word Problem Worksheets – Grade 4","Free printable grade 4 fraction by whole number word problem worksheets. Get fresh practice and a matching answer key for home or class.","Yes","High"
"en/print/common-core-arithmetic-upper/grade-4-largeadd-horizontal-practice.html","Multi-Digit Addition & Subtraction Worksheets - Grade 4 | Googoodan","Multi-Digit Addition & Subtraction Worksheets – Grade 4 | Googoodan","horizontal multi-digit addition subtraction worksheets","free printable multi-digit addition and subtraction worksheets – grade 4; horizontal multi-digit addition subtraction practice sheets with answer key; horizontal multi-digit addition subtraction printable math practice","Multi-Digit Addition & Subtraction Worksheets – Grade 4","Free printable grade 4 horizontal multi-digit addition & subtraction worksheets. Get fresh practice and a matching answer key for home or class.","Yes","Low"
"en/print/common-core-arithmetic-upper/grade-4-largeadd-missing-number-practice.html","Missing Number Multi-Digit Addition & Subtraction - Grade 4 | Googoodan","Missing Number Multidigit Add & Subtract Worksheets | Googoodan","missing number multidigit add and subtract worksheets","free printable missing number multidigit add and subtract worksheets; missing number multidigit add and subtract practice sheets with answer key; missing number multidigit add and subtract printable math practice","Missing Number Multidigit Add & Subtract Worksheets","Free printable grade 4 missing number multidigit add & subtract worksheets. Get fresh practice and a matching answer key for home or class.","Yes","Low"
"en/print/common-core-arithmetic-upper/grade-4-largeadd-prerequisite-review.html","Multi-Digit Addition & Subtraction Review - Grade 4 | Googoodan","Multi-Digit Add & Subtract Review Worksheets – Grade 4 | Googoodan","grade 4 multi-digit add and subtract review worksheets","free printable multi-digit add and subtract review worksheets – grade 4; grade 4 multi-digit add and subtract review practice sheets with answer key; grade 4 multi-digit add and subtract review printable math practice","Multi-Digit Add & Subtract Review Worksheets – Grade 4","Free printable grade 4 multi-digit add & subtract review worksheets. Get fresh practice and a matching answer key for home or class.","Yes","Medium"
"en/print/common-core-arithmetic-upper/grade-4-largeadd-vertical-practice.html","Vertical Multi-Digit Addition & Subtraction Worksheets - Grade 4 | Googoodan","Vertical Multi-Digit Add & Subtract Worksheets – Grade 4 | Googoodan","grade 4 vertical multi-digit add and subtract worksheets","free printable vertical multi-digit add and subtract worksheets – grade 4; grade 4 vertical multi-digit add and subtract practice sheets with answer key; grade 4 vertical multi-digit add and subtract printable math practice","Vertical Multi-Digit Add & Subtract Worksheets – Grade 4","Free printable grade 4 vertical multi-digit add & subtract worksheets. Get fresh practice and a matching answer key for home or class.","Yes","Low"
"en/print/common-core-arithmetic-upper/grade-4-largeadd-word-problems.html","Multi-Digit Addition & Subtraction Word Problems - Grade 4 | Googoodan","Multidigit Add & Subtract Word Problem Worksheets | Googoodan","multidigit add and subtract word problem worksheets","free printable multidigit add and subtract word problem worksheets; multidigit add and subtract word problem practice sheets with answer key; multidigit add and subtract word problem printable math practice","Multidigit Add & Subtract Word Problem Worksheets","Free printable grade 4 multidigit add & subtract word problem worksheets. Get fresh practice and a matching answer key for home or class.","Yes","High"
"en/print/common-core-arithmetic-upper/grade-4-likefractions-horizontal-practice.html","Adding & Subtracting Like Fractions Worksheets - Grade 4 | Googoodan","Adding & Subtracting Like Fractions Worksheets – Grade 4 | Googoodan","grade 4 adding and subtracting like fractions worksheets","free printable adding and subtracting like fractions worksheets – grade 4; grade 4 adding and subtracting like fractions practice sheets with answer key; grade 4 adding and subtracting like fractions printable math practice","Adding & Subtracting Like Fractions Worksheets – Grade 4","Free printable grade 4 horizontal adding & subtracting like fractions worksheets. Get fresh practice and a matching answer key for home or class.","No","Low"
"en/print/common-core-arithmetic-upper/grade-4-likefractions-missing-number-practice.html","Missing Number Adding & Subtracting Like Fractions - Grade 4 | Googoodan","Missing Number Add & Subtract Like Fractions Worksheets | Googoodan","missing number add and subtract like fractions worksheets","free printable missing number add and subtract like fractions worksheets; missing number add and subtract like fractions practice sheets with answer key; missing number add and subtract like fractions printable math practice","Missing Number Add & Subtract Like Fractions Worksheets","Free printable grade 4 missing number add & subtract like fractions worksheets. Get fresh practice and a matching answer key for home or class.","No","Low"
"en/print/common-core-arithmetic-upper/grade-4-likefractions-prerequisite-review.html","Adding & Subtracting Like Fractions Review - Grade 4 | Googoodan","Add & Subtract Like Fractions Review Worksheets – Grade 4 | Googoodan","add and subtract like fractions review worksheets","free printable add and subtract like fractions review worksheets – grade 4; add and subtract like fractions review practice sheets with answer key; add and subtract like fractions review printable math practice","Add & Subtract Like Fractions Review Worksheets – Grade 4","Free printable grade 4 add & subtract like fractions review worksheets. Get fresh practice and a matching answer key for home or class.","No","Medium"
"en/print/common-core-arithmetic-upper/grade-4-likefractions-word-problems.html","Adding & Subtracting Like Fractions Word Problems - Grade 4 | Googoodan","Add & Subtract Like Fractions Word Problem Worksheets | Googoodan","add and subtract like fractions word problem worksheets","free printable add and subtract like fractions word problem worksheets; add and subtract like fractions word problem practice sheets with answer key; add and subtract like fractions word problem printable math practice","Add & Subtract Like Fractions Word Problem Worksheets","Free printable grade 4 add & subtract like fractions word problem worksheets. Get fresh practice and a matching answer key for home or class.","Yes","High"
"en/print/common-core-arithmetic-upper/grade-4-mul2-horizontal-practice.html","Two-Digit by Two-Digit Multiplication Worksheets - Grade 4 | Googoodan","2 Digit by 2 Digit Multiplication Worksheets – Grade 4 | Googoodan","horizontal 2 digit multiplication worksheets","free printable 2 digit by 2 digit multiplication worksheets – grade 4; horizontal 2 digit multiplication practice sheets with answer key; horizontal 2 digit multiplication printable math practice","2 Digit by 2 Digit Multiplication Worksheets – Grade 4","Free printable grade 4 horizontal 2 digit by 2 digit multiplication worksheets. Get fresh practice and a matching answer key for home or class.","No","Low"
"en/print/common-core-arithmetic-upper/grade-4-mul2-missing-number-practice.html","Missing Number Two-Digit by Two-Digit Multiplication - Grade 4 | Googoodan","2 Digit by 2 Digit Missing Factor Worksheets | Googoodan","2 digit by 2 digit missing factor worksheets","free printable 2 digit by 2 digit missing factor worksheets; 2 digit by 2 digit missing factor practice sheets with answer key; 2 digit by 2 digit missing factor printable math practice","2 Digit by 2 Digit Missing Factor Worksheets","Free printable grade 4 2 digit by 2 digit missing factor worksheets. Get fresh practice and a matching answer key for home or class.","No","Low"
"en/print/common-core-arithmetic-upper/grade-4-mul2-prerequisite-review.html","Two-Digit by Two-Digit Multiplication Review - Grade 4 | Googoodan","2 Digit by 2 Digit Multiplication Review Worksheets | Googoodan","2 digit by 2 digit multiplication review worksheets","free printable 2 digit by 2 digit multiplication review worksheets; 2 digit by 2 digit multiplication review practice sheets with answer key; 2 digit by 2 digit multiplication review printable math practice","2 Digit by 2 Digit Multiplication Review Worksheets","Free printable grade 4 2 digit by 2 digit multiplication review worksheets. Get fresh practice and a matching answer key for home or class.","No","Medium"
"en/print/common-core-arithmetic-upper/grade-4-mul2-vertical-practice.html","Vertical Two-Digit by Two-Digit Multiplication Worksheets - Grade 4 | Googoodan","Vertical 2 Digit by 2 Digit Multiplication Worksheets | Googoodan","vertical 2 digit by 2 digit multiplication worksheets","free printable vertical 2 digit by 2 digit multiplication worksheets; vertical 2 digit by 2 digit multiplication practice sheets with answer key; vertical 2 digit by 2 digit multiplication printable math practice","Vertical 2 Digit by 2 Digit Multiplication Worksheets","Free printable grade 4 vertical 2 digit by 2 digit multiplication worksheets. Get fresh practice and a matching answer key for home or class.","No","Low"
"en/print/common-core-arithmetic-upper/grade-4-mul2-word-problems.html","Two-Digit by Two-Digit Multiplication Word Problems - Grade 4 | Googoodan","2 Digit by 2 Digit Multiplication Word Problem Worksheets | Googoodan","2 by 2 digit multiplication problems worksheets","free printable 2 digit by 2 digit multiplication word problem worksheets; 2 by 2 digit multiplication problems practice sheets with answer key; 2 by 2 digit multiplication problems printable math practice","2 Digit by 2 Digit Multiplication Word Problem Worksheets","Free printable grade 4 2 digit by 2 digit multiplication word problem worksheets. Get fresh practice and a matching answer key for home or class.","Yes","High"
"en/print/common-core-arithmetic-upper/grade-4-mul4-horizontal-practice.html","Four-Digit by One-Digit Multiplication Worksheets - Grade 4 | Googoodan","4 Digit by 1 Digit Multiplication Worksheets – Grade 4 | Googoodan","horizontal 4 digit multiplication worksheets","free printable 4 digit by 1 digit multiplication worksheets – grade 4; horizontal 4 digit multiplication practice sheets with answer key; horizontal 4 digit multiplication printable math practice","4 Digit by 1 Digit Multiplication Worksheets – Grade 4","Free printable grade 4 horizontal 4 digit by 1 digit multiplication worksheets. Get fresh practice and a matching answer key for home or class.","No","Low"
"en/print/common-core-arithmetic-upper/grade-4-mul4-missing-number-practice.html","Missing Number Four-Digit by One-Digit Multiplication - Grade 4 | Googoodan","4 Digit by 1 Digit Missing Factor Worksheets | Googoodan","4 digit by 1 digit missing factor worksheets","free printable 4 digit by 1 digit missing factor worksheets; 4 digit by 1 digit missing factor practice sheets with answer key; 4 digit by 1 digit missing factor printable math practice","4 Digit by 1 Digit Missing Factor Worksheets","Free printable grade 4 4 digit by 1 digit missing factor worksheets. Get fresh practice and a matching answer key for home or class.","No","Low"
"en/print/common-core-arithmetic-upper/grade-4-mul4-prerequisite-review.html","Four-Digit by One-Digit Multiplication Review - Grade 4 | Googoodan","4 Digit by 1 Digit Multiplication Review Worksheets | Googoodan","4 digit by 1 digit multiplication review worksheets","free printable 4 digit by 1 digit multiplication review worksheets; 4 digit by 1 digit multiplication review practice sheets with answer key; 4 digit by 1 digit multiplication review printable math practice","4 Digit by 1 Digit Multiplication Review Worksheets","Free printable grade 4 4 digit by 1 digit multiplication review worksheets. Get fresh practice and a matching answer key for home or class.","No","Medium"
"en/print/common-core-arithmetic-upper/grade-4-mul4-vertical-practice.html","Vertical Four-Digit by One-Digit Multiplication Worksheets - Grade 4 | Googoodan","Vertical 4 Digit by 1 Digit Multiplication Worksheets | Googoodan","vertical 4 digit by 1 digit multiplication worksheets","free printable vertical 4 digit by 1 digit multiplication worksheets; vertical 4 digit by 1 digit multiplication practice sheets with answer key; vertical 4 digit by 1 digit multiplication printable math practice","Vertical 4 Digit by 1 Digit Multiplication Worksheets","Free printable grade 4 vertical 4 digit by 1 digit multiplication worksheets. Get fresh practice and a matching answer key for home or class.","No","Low"
"en/print/common-core-arithmetic-upper/grade-4-mul4-word-problems.html","Four-Digit by One-Digit Multiplication Word Problems - Grade 4 | Googoodan","4 Digit by 1 Digit Multiplication Word Problem Worksheets | Googoodan","4 by 1 digit multiplication problems worksheets","free printable 4 digit by 1 digit multiplication word problem worksheets; 4 by 1 digit multiplication problems practice sheets with answer key; 4 by 1 digit multiplication problems printable math practice","4 Digit by 1 Digit Multiplication Word Problem Worksheets","Free printable grade 4 4 digit by 1 digit multiplication word problem worksheets. Get fresh practice and a matching answer key for home or class.","Yes","High"
"en/print/common-core-arithmetic-upper/grade-5-decimals-horizontal-practice.html","Decimal Operations to Hundredths Worksheets - Grade 5 | Googoodan","Decimal Operations to Hundredths Worksheets – Grade 5 | Googoodan","grade 5 decimal operations to hundredths worksheets","free printable decimal operations to hundredths worksheets – grade 5; grade 5 decimal operations to hundredths practice sheets with answer key; grade 5 decimal operations to hundredths printable math practice","Decimal Operations to Hundredths Worksheets – Grade 5","Free printable grade 5 horizontal decimal operations to hundredths worksheets. Get fresh practice and a matching answer key for home or class.","Yes","Low"
"en/print/common-core-arithmetic-upper/grade-5-decimals-missing-number-practice.html","Missing Number Decimal Operations to Hundredths - Grade 5 | Googoodan","Missing Decimal Operations: 2 Decimal Places Worksheets | Googoodan","missing decimal operations 2 decimal places worksheets","free printable missing decimal operations: 2 decimal places worksheets; missing decimal operations 2 decimal places practice sheets with answer key; missing decimal operations 2 decimal places printable math practice","Missing Decimal Operations: 2 Decimal Places Worksheets","Free printable grade 5 missing number missing decimal operations: 2 decimal places worksheets. Get fresh practice and a matching answer key for home or class.","Yes","Low"
"en/print/common-core-arithmetic-upper/grade-5-decimals-prerequisite-review.html","Decimal Operations to Hundredths Review - Grade 5 | Googoodan","2 Decimal Places Operations Review Worksheets – Grade 5 | Googoodan","grade 5 2 decimal places operations review worksheets","free printable 2 decimal places operations review worksheets – grade 5; grade 5 2 decimal places operations review practice sheets with answer key; grade 5 2 decimal places operations review printable math practice","2 Decimal Places Operations Review Worksheets – Grade 5","Free printable grade 5 2 decimal places operations review worksheets. Get fresh practice and a matching answer key for home or class.","Yes","Medium"
"en/print/common-core-arithmetic-upper/grade-5-decimals-vertical-practice.html","Vertical Decimal Operations to Hundredths Worksheets - Grade 5 | Googoodan","Vertical Decimal Operations to 2 Decimal Places Worksheets | Googoodan","vertical decimal operations to 2 decimal places worksheets","free printable vertical decimal operations to 2 decimal places worksheets; vertical decimal operations to 2 decimal places practice sheets with answer key; vertical decimal operations to 2 decimal places printable math practice","Vertical Decimal Operations to 2 Decimal Places Worksheets","Free printable grade 5 vertical decimal operations to 2 decimal places worksheets. Get fresh practice and a matching answer key for home or class.","Yes","Low"
"en/print/common-core-arithmetic-upper/grade-5-decimals-word-problems.html","Decimal Operations to Hundredths Word Problems - Grade 5 | Googoodan","2 Decimal Places Operations Word Problem Worksheets | Googoodan","2 decimal places operations word problem worksheets","free printable 2 decimal places operations word problem worksheets; 2 decimal places operations word problem practice sheets with answer key; 2 decimal places operations word problem printable math practice","2 Decimal Places Operations Word Problem Worksheets","Free printable grade 5 2 decimal places operations word problem worksheets. Get fresh practice and a matching answer key for home or class.","Yes","High"
"en/print/common-core-arithmetic-upper/grade-5-div-horizontal-practice.html","Long Division with Two-Digit Divisors Worksheets - Grade 5 | Googoodan","Long Division with 2 Digit Divisors Worksheets – Grade 5 | Googoodan","horizontal 2 digit divisor long division worksheets","free printable long division with 2 digit divisors worksheets – grade 5; horizontal 2 digit divisor long division practice sheets with answer key; horizontal 2 digit divisor long division printable math practice","Long Division with 2 Digit Divisors Worksheets – Grade 5","Free printable grade 5 horizontal long division with 2 digit divisors worksheets. Get fresh practice and a matching answer key for home or class.","Yes","Low"
"en/print/common-core-arithmetic-upper/grade-5-div-missing-number-practice.html","Missing Number Long Division with Two-Digit Divisors - Grade 5 | Googoodan","Missing Number: 2 Digit Divisor Long Division Worksheets | Googoodan","missing number 2 digit divisor long division worksheets","free printable missing number: 2 digit divisor long division worksheets; missing number 2 digit divisor long division practice sheets with answer key; missing number 2 digit divisor long division printable math practice","Missing Number: 2 Digit Divisor Long Division Worksheets","Free printable grade 5 missing number: 2 digit divisor long division worksheets. Get fresh practice and a matching answer key for home or class.","Yes","Low"
"en/print/common-core-arithmetic-upper/grade-5-div-prerequisite-review.html","Long Division with Two-Digit Divisors Review - Grade 5 | Googoodan","Long Division with 2 Digit Divisors Review Worksheets | Googoodan","2 digit divisor long division review worksheets","free printable long division with 2 digit divisors review worksheets; 2 digit divisor long division review practice sheets with answer key; 2 digit divisor long division review printable math practice","Long Division with 2 Digit Divisors Review Worksheets","Free printable grade 5 long division with 2 digit divisors review worksheets. Get fresh practice and a matching answer key for home or class.","Yes","Medium"
"en/print/common-core-arithmetic-upper/grade-5-div-vertical-practice.html","Vertical Long Division with Two-Digit Divisors Worksheets - Grade 5 | Googoodan","Vertical Long Division with 2 Digit Divisors Worksheets | Googoodan","vertical 2 digit divisor long division worksheets","free printable vertical long division with 2 digit divisors worksheets; vertical 2 digit divisor long division practice sheets with answer key; vertical 2 digit divisor long division printable math practice","Vertical Long Division with 2 Digit Divisors Worksheets","Free printable grade 5 vertical long division with 2 digit divisors worksheets. Get fresh practice and a matching answer key for home or class.","Yes","Low"
"en/print/common-core-arithmetic-upper/grade-5-div-word-problems.html","Long Division with Two-Digit Divisors Word Problems - Grade 5 | Googoodan","2 Digit Divisor Division Word Problem Worksheets – Grade 5 | Googoodan","2 digit divisor division word problem worksheets","free printable 2 digit divisor division word problem worksheets – grade 5; 2 digit divisor division word problem practice sheets with answer key; 2 digit divisor division word problem printable math practice","2 Digit Divisor Division Word Problem Worksheets – Grade 5","Free printable grade 5 2 digit divisor division word problem worksheets. Get fresh practice and a matching answer key for home or class.","Yes","High"
"en/print/common-core-arithmetic-upper/grade-5-expressions-horizontal-practice.html","Parentheses & Order of Operations Worksheets - Grade 5 | Googoodan","Parentheses & Order of Operations Worksheets – Grade 5 | Googoodan","grade 5 parentheses and order of operations worksheets","free printable parentheses and order of operations worksheets – grade 5; grade 5 parentheses and order of operations practice sheets with answer key; grade 5 parentheses and order of operations printable math practice","Parentheses & Order of Operations Worksheets – Grade 5","Free printable grade 5 horizontal parentheses & order of operations worksheets. Get fresh practice and a matching answer key for home or class.","Yes","Low"
"en/print/common-core-arithmetic-upper/grade-5-expressions-missing-part-challenge.html","Parentheses & Order of Operations: Missing Parts - Grade 5 | Googoodan","Order of Operations Missing Parts Worksheets – Grade 5 | Googoodan","grade 5 order of operations missing parts worksheets","free printable order of operations missing parts worksheets – grade 5; grade 5 order of operations missing parts practice sheets with answer key; grade 5 order of operations missing parts printable math practice","Order of Operations Missing Parts Worksheets – Grade 5","Free printable grade 5 order of operations missing parts worksheets. Get fresh practice and a matching answer key for home or class.","Yes","Medium"
"en/print/common-core-arithmetic-upper/grade-5-expressions-prerequisite-review.html","Parentheses & Order of Operations Review - Grade 5 | Googoodan","Parentheses & Order of Operations Review Worksheets | Googoodan","parentheses and order of operations review worksheets","free printable parentheses and order of operations review worksheets; parentheses and order of operations review practice sheets with answer key; parentheses and order of operations review printable math practice","Parentheses & Order of Operations Review Worksheets","Free printable grade 5 parentheses & order of operations review worksheets. Get fresh practice and a matching answer key for home or class.","Yes","Medium"
"en/print/common-core-arithmetic-upper/grade-5-expressions-word-problems.html","Parentheses & Order of Operations Word Problems - Grade 5 | Googoodan","Parentheses & Order of Operations Word Problem Worksheets | Googoodan","parentheses and order of operations word problem worksheets","free printable parentheses and order of operations word problem worksheets; parentheses and order of operations word problem practice sheets with answer key; parentheses and order of operations word problem printable math practice","Parentheses & Order of Operations Word Problem Worksheets","Free printable grade 5 parentheses & order of operations word problem worksheets. Get fresh practice and a matching answer key for home or class.","Yes","High"
"en/print/common-core-arithmetic-upper/grade-5-fractionmul-horizontal-practice.html","Multiplying Fractions & Mixed Numbers Worksheets - Grade 5 | Googoodan","Multiplying Fractions & Mixed Numbers Worksheets – Grade 5 | Googoodan","grade 5 multiplying fractions and mixed numbers worksheets","free printable multiplying fractions and mixed numbers worksheets – grade 5; grade 5 multiplying fractions and mixed numbers practice sheets with answer key; grade 5 multiplying fractions and mixed numbers printable math practice","Multiplying Fractions & Mixed Numbers Worksheets – Grade 5","Free printable grade 5 horizontal multiplying fractions & mixed numbers worksheets. Get fresh practice and a matching answer key for home or class.","No","Low"
"en/print/common-core-arithmetic-upper/grade-5-fractionmul-missing-number-practice.html","Missing Number Multiplying Fractions & Mixed Numbers - Grade 5 | Googoodan","Missing Factor: Fraction and Mixed Number Worksheets | Googoodan","missing factor fraction mixed number worksheets","free printable missing factor: fraction and mixed number worksheets; missing factor fraction mixed number practice sheets with answer key; missing factor fraction mixed number printable math practice","Missing Factor: Fraction and Mixed Number Worksheets","Free printable grade 5 missing factor: fraction and mixed number worksheets. Get fresh practice and a matching answer key for home or class.","No","Low"
"en/print/common-core-arithmetic-upper/grade-5-fractionmul-prerequisite-review.html","Multiplying Fractions & Mixed Numbers Review - Grade 5 | Googoodan","Multiplying Fractions & Mixed Numbers Review Worksheets | Googoodan","multiplying fractions and mixed numbers review worksheets","free printable multiplying fractions and mixed numbers review worksheets; multiplying fractions and mixed numbers review practice sheets with answer key; multiplying fractions and mixed numbers review printable math practice","Multiplying Fractions & Mixed Numbers Review Worksheets","Free printable grade 5 multiplying fractions & mixed numbers review worksheets. Get fresh practice and a matching answer key for home or class.","No","Medium"
"en/print/common-core-arithmetic-upper/grade-5-fractionmul-word-problems.html","Multiplying Fractions & Mixed Numbers Word Problems - Grade 5 | Googoodan","Fraction & Mixed Number Multiplication Word Problem Worksheets | Googoodan","fraction mixed number multiplication word problem worksheets","free printable fraction and mixed number multiplication word problem worksheets; fraction mixed number multiplication word problem practice sheets with answer key; fraction mixed number multiplication word problem printable math practice","Fraction & Mixed Number Multiplication Word Problem Worksheets","Free printable grade 5 fraction & mixed number multiplication word problem worksheets. Get fresh practice and a matching answer key for home or class.","Yes","High"
"en/print/common-core-arithmetic-upper/grade-5-mul-horizontal-practice.html","Multi-Digit Multiplication Worksheets - Grade 5 | Googoodan","Multi-Digit Multiplication Worksheets – Grade 5 | Googoodan","horizontal multi-digit multiplication worksheets","free printable multi-digit multiplication worksheets – grade 5; horizontal multi-digit multiplication practice sheets with answer key; horizontal multi-digit multiplication printable math practice","Multi-Digit Multiplication Worksheets – Grade 5","Free printable grade 5 horizontal multi-digit multiplication worksheets. Get fresh practice and a matching answer key for home or class.","Yes","Low"
"en/print/common-core-arithmetic-upper/grade-5-mul-missing-number-practice.html","Missing Number Multi-Digit Multiplication - Grade 5 | Googoodan","Missing Number Multidigit Multiplication Worksheets | Googoodan","missing number multidigit multiplication worksheets","free printable missing number multidigit multiplication worksheets; missing number multidigit multiplication practice sheets with answer key; missing number multidigit multiplication printable math practice","Missing Number Multidigit Multiplication Worksheets","Free printable grade 5 missing number multidigit multiplication worksheets. Get fresh practice and a matching answer key for home or class.","Yes","Low"
"en/print/common-core-arithmetic-upper/grade-5-mul-prerequisite-review.html","Multi-Digit Multiplication Review - Grade 5 | Googoodan","Multi-Digit Multiplication Review Worksheets – Grade 5 | Googoodan","grade 5 multi-digit multiplication review worksheets","free printable multi-digit multiplication review worksheets – grade 5; grade 5 multi-digit multiplication review practice sheets with answer key; grade 5 multi-digit multiplication review printable math practice","Multi-Digit Multiplication Review Worksheets – Grade 5","Free printable grade 5 multi-digit multiplication review worksheets. Get fresh practice and a matching answer key for home or class.","Yes","Medium"
"en/print/common-core-arithmetic-upper/grade-5-mul-vertical-practice.html","Vertical Multi-Digit Multiplication Worksheets - Grade 5 | Googoodan","Vertical Multi-Digit Multiplication Worksheets – Grade 5 | Googoodan","grade 5 vertical multi-digit multiplication worksheets","free printable vertical multi-digit multiplication worksheets – grade 5; grade 5 vertical multi-digit multiplication practice sheets with answer key; grade 5 vertical multi-digit multiplication printable math practice","Vertical Multi-Digit Multiplication Worksheets – Grade 5","Free printable grade 5 vertical multi-digit multiplication worksheets. Get fresh practice and a matching answer key for home or class.","Yes","Low"
"en/print/common-core-arithmetic-upper/grade-5-mul-word-problems.html","Multi-Digit Multiplication Word Problems - Grade 5 | Googoodan","Multidigit Multiplication Word Problem Worksheets | Googoodan","multidigit multiplication word problem worksheets","free printable multidigit multiplication word problem worksheets; multidigit multiplication word problem practice sheets with answer key; multidigit multiplication word problem printable math practice","Multidigit Multiplication Word Problem Worksheets","Free printable grade 5 multidigit multiplication word problem worksheets. Get fresh practice and a matching answer key for home or class.","Yes","High"
"en/print/common-core-arithmetic-upper/grade-5-unitdivide-horizontal-practice.html","Dividing with Unit Fractions Worksheets - Grade 5 | Googoodan","Dividing with Unit Fractions Worksheets – Grade 5 | Googoodan","horizontal unit fraction division worksheets","free printable dividing with unit fractions worksheets – grade 5; horizontal unit fraction division practice sheets with answer key; horizontal unit fraction division printable math practice","Dividing with Unit Fractions Worksheets – Grade 5","Free printable grade 5 horizontal dividing with unit fractions worksheets. Get fresh practice and a matching answer key for home or class.","No","Low"
"en/print/common-core-arithmetic-upper/grade-5-unitdivide-missing-number-practice.html","Missing Number Dividing with Unit Fractions - Grade 5 | Googoodan","Missing Number Dividing with Unit Fractions Worksheets | Googoodan","missing number dividing with unit fractions worksheets","free printable missing number dividing with unit fractions worksheets; missing number dividing with unit fractions practice sheets with answer key; missing number dividing with unit fractions printable math practice","Missing Number Dividing with Unit Fractions Worksheets","Free printable grade 5 missing number dividing with unit fractions worksheets. Get fresh practice and a matching answer key for home or class.","No","Low"
"en/print/common-core-arithmetic-upper/grade-5-unitdivide-prerequisite-review.html","Dividing with Unit Fractions Review - Grade 5 | Googoodan","Dividing with Unit Fractions Review Worksheets – Grade 5 | Googoodan","grade 5 dividing with unit fractions review worksheets","free printable dividing with unit fractions review worksheets – grade 5; grade 5 dividing with unit fractions review practice sheets with answer key; grade 5 dividing with unit fractions review printable math practice","Dividing with Unit Fractions Review Worksheets – Grade 5","Free printable grade 5 dividing with unit fractions review worksheets. Get fresh practice and a matching answer key for home or class.","No","Medium"
"en/print/common-core-arithmetic-upper/grade-5-unitdivide-word-problems.html","Dividing with Unit Fractions Word Problems - Grade 5 | Googoodan","Dividing with Unit Fractions Word Problem Worksheets | Googoodan","dividing with unit fractions word problem worksheets","free printable dividing with unit fractions word problem worksheets; dividing with unit fractions word problem practice sheets with answer key; dividing with unit fractions word problem printable math practice","Dividing with Unit Fractions Word Problem Worksheets","Free printable grade 5 dividing with unit fractions word problem worksheets. Get fresh practice and a matching answer key for home or class.","Yes","High"
"en/print/common-core-arithmetic-upper/grade-5-unlike-horizontal-practice.html","Adding & Subtracting Unlike Fractions Worksheets - Grade 5 | Googoodan","Adding & Subtracting Unlike Fractions Worksheets – Grade 5 | Googoodan","grade 5 adding and subtracting unlike fractions worksheets","free printable adding and subtracting unlike fractions worksheets – grade 5; grade 5 adding and subtracting unlike fractions practice sheets with answer key; grade 5 adding and subtracting unlike fractions printable math practice","Adding & Subtracting Unlike Fractions Worksheets – Grade 5","Free printable grade 5 horizontal adding & subtracting unlike fractions worksheets. Get fresh practice and a matching answer key for home or class.","No","Low"
"en/print/common-core-arithmetic-upper/grade-5-unlike-missing-number-practice.html","Missing Number Adding & Subtracting Unlike Fractions - Grade 5 | Googoodan","Missing-Number Unlike Fraction Add & Subtract Worksheets | Googoodan","missing-number unlike fraction add and subtract worksheets","free printable missing-number unlike fraction add and subtract worksheets; missing-number unlike fraction add and subtract practice sheets with answer key; missing-number unlike fraction add and subtract printable math practice","Missing-Number Unlike Fraction Add & Subtract Worksheets","Free printable grade 5 missing number missing-number unlike fraction add & subtract worksheets. Get fresh practice and a matching answer key for home or class.","No","Low"
"en/print/common-core-arithmetic-upper/grade-5-unlike-prerequisite-review.html","Adding & Subtracting Unlike Fractions Review - Grade 5 | Googoodan","Add & Subtract Unlike Fractions Review Worksheets | Googoodan","add and subtract unlike fractions review worksheets","free printable add and subtract unlike fractions review worksheets; add and subtract unlike fractions review practice sheets with answer key; add and subtract unlike fractions review printable math practice","Add & Subtract Unlike Fractions Review Worksheets","Free printable grade 5 add & subtract unlike fractions review worksheets. Get fresh practice and a matching answer key for home or class.","No","Medium"
"en/print/common-core-arithmetic-upper/grade-5-unlike-word-problems.html","Adding & Subtracting Unlike Fractions Word Problems - Grade 5 | Googoodan","Add & Subtract Unlike Fractions Word Problem Worksheets | Googoodan","add and subtract unlike fractions word problem worksheets","free printable add and subtract unlike fractions word problem worksheets; add and subtract unlike fractions word problem practice sheets with answer key; add and subtract unlike fractions word problem printable math practice","Add & Subtract Unlike Fractions Word Problem Worksheets","Free printable grade 5 add & subtract unlike fractions word problem worksheets. Get fresh practice and a matching answer key for home or class.","Yes","High"
"en/print/common-core-arithmetic-upper/grade-6-decimals-horizontal-practice.html","Multi-Digit Decimal Operations Worksheets - Grade 6 | Googoodan","Multi-Digit Decimal Operations Worksheets – Grade 6 | Googoodan","grade 6 multi-digit decimal operations worksheets","free printable multi-digit decimal operations worksheets – grade 6; grade 6 multi-digit decimal operations practice sheets with answer key; grade 6 multi-digit decimal operations printable math practice","Multi-Digit Decimal Operations Worksheets – Grade 6","Free printable grade 6 horizontal multi-digit decimal operations worksheets. Get fresh practice and a matching answer key for home or class.","Yes","Low"
"en/print/common-core-arithmetic-upper/grade-6-decimals-missing-number-practice.html","Missing Number Multi-Digit Decimal Operations - Grade 6 | Googoodan","Missing Number Multidigit Decimal Operations Worksheets | Googoodan","missing number multidigit decimal operations worksheets","free printable missing number multidigit decimal operations worksheets; missing number multidigit decimal operations practice sheets with answer key; missing number multidigit decimal operations printable math practice","Missing Number Multidigit Decimal Operations Worksheets","Free printable grade 6 missing number multidigit decimal operations worksheets. Get fresh practice and a matching answer key for home or class.","Yes","Low"
"en/print/common-core-arithmetic-upper/grade-6-decimals-prerequisite-review.html","Multi-Digit Decimal Operations Review - Grade 6 | Googoodan","Multi-Digit Decimal Operations Review Worksheets – Grade 6 | Googoodan","grade 6 multi-digit decimal operations review worksheets","free printable multi-digit decimal operations review worksheets – grade 6; grade 6 multi-digit decimal operations review practice sheets with answer key; grade 6 multi-digit decimal operations review printable math practice","Multi-Digit Decimal Operations Review Worksheets – Grade 6","Free printable grade 6 multi-digit decimal operations review worksheets. Get fresh practice and a matching answer key for home or class.","Yes","Medium"
"en/print/common-core-arithmetic-upper/grade-6-decimals-vertical-practice.html","Vertical Multi-Digit Decimal Operations Worksheets - Grade 6 | Googoodan","Vertical Multidigit Decimal Operations Worksheets | Googoodan","vertical multidigit decimal operations worksheets","free printable vertical multidigit decimal operations worksheets; vertical multidigit decimal operations practice sheets with answer key; vertical multidigit decimal operations printable math practice","Vertical Multidigit Decimal Operations Worksheets","Free printable grade 6 vertical multidigit decimal operations worksheets. Get fresh practice and a matching answer key for home or class.","Yes","Low"
"en/print/common-core-arithmetic-upper/grade-6-decimals-word-problems.html","Multi-Digit Decimal Operations Word Problems - Grade 6 | Googoodan","Multidigit Decimal Operations Word Problem Worksheets | Googoodan","multidigit decimal operations word problem worksheets","free printable multidigit decimal operations word problem worksheets; multidigit decimal operations word problem practice sheets with answer key; multidigit decimal operations word problem printable math practice","Multidigit Decimal Operations Word Problem Worksheets","Free printable grade 6 multidigit decimal operations word problem worksheets. Get fresh practice and a matching answer key for home or class.","Yes","High"
"en/print/common-core-arithmetic-upper/grade-6-fractiondiv-horizontal-practice.html","Dividing Fractions by Fractions Worksheets - Grade 6 | Googoodan","Dividing Fractions by Fractions Worksheets – Grade 6 | Googoodan","grade 6 dividing fractions by fractions worksheets","free printable dividing fractions by fractions worksheets – grade 6; grade 6 dividing fractions by fractions practice sheets with answer key; grade 6 dividing fractions by fractions printable math practice","Dividing Fractions by Fractions Worksheets – Grade 6","Free printable grade 6 horizontal dividing fractions by fractions worksheets. Get fresh practice and a matching answer key for home or class.","No","Low"
"en/print/common-core-arithmetic-upper/grade-6-fractiondiv-missing-number-practice.html","Missing Number Dividing Fractions by Fractions - Grade 6 | Googoodan","Missing Number Dividing Fractions by Fractions Worksheets | Googoodan","missing number dividing fractions by fractions worksheets","free printable missing number dividing fractions by fractions worksheets; missing number dividing fractions by fractions practice sheets with answer key; missing number dividing fractions by fractions printable math practice","Missing Number Dividing Fractions by Fractions Worksheets","Free printable grade 6 missing number dividing fractions by fractions worksheets. Get fresh practice and a matching answer key for home or class.","No","Low"
"en/print/common-core-arithmetic-upper/grade-6-fractiondiv-prerequisite-review.html","Dividing Fractions by Fractions Review - Grade 6 | Googoodan","Dividing Fractions by Fractions Review Worksheets | Googoodan","dividing fractions by fractions review worksheets","free printable dividing fractions by fractions review worksheets; dividing fractions by fractions review practice sheets with answer key; dividing fractions by fractions review printable math practice","Dividing Fractions by Fractions Review Worksheets","Free printable grade 6 dividing fractions by fractions review worksheets. Get fresh practice and a matching answer key for home or class.","No","Medium"
"en/print/common-core-arithmetic-upper/grade-6-fractiondiv-word-problems.html","Dividing Fractions by Fractions Word Problems - Grade 6 | Googoodan","Dividing Fractions by Fractions Word Problem Worksheets | Googoodan","dividing fractions by fractions word problem worksheets","free printable dividing fractions by fractions word problem worksheets; dividing fractions by fractions word problem practice sheets with answer key; dividing fractions by fractions word problem printable math practice","Dividing Fractions by Fractions Word Problem Worksheets","Free printable grade 6 dividing fractions by fractions word problem worksheets. Get fresh practice and a matching answer key for home or class.","Yes","High"
"en/print/common-core-arithmetic-upper/grade-6-gcf-horizontal-practice.html","Greatest Common Factor Worksheets - Grade 6 | Googoodan","Greatest Common Factor Worksheets – Grade 6 | Googoodan","grade 6 greatest common factor worksheets","free printable greatest common factor worksheets – grade 6; grade 6 greatest common factor practice sheets with answer key; grade 6 greatest common factor printable math practice","Greatest Common Factor Worksheets – Grade 6","Practice grade 6 horizontal greatest common factor with free printable worksheets in a clear layout. The included answer key helps students check each completed set.","No","Low"
"en/print/common-core-arithmetic-upper/grade-6-gcf-missing-part-challenge.html","Greatest Common Factor: Missing Parts - Grade 6 | Googoodan","Greatest Common Factor: Missing Parts Worksheets – Grade 6 | Googoodan","grade 6 greatest common factor missing parts worksheets","free printable greatest common factor: missing parts worksheets – grade 6; grade 6 greatest common factor missing parts practice sheets with answer key; grade 6 greatest common factor missing parts printable math practice","Greatest Common Factor: Missing Parts Worksheets – Grade 6","Free printable grade 6 greatest common factor: missing parts worksheets. Get fresh practice and a matching answer key for home or class.","No","Medium"
"en/print/common-core-arithmetic-upper/grade-6-gcf-prerequisite-review.html","Greatest Common Factor Review - Grade 6 | Googoodan","Greatest Common Factor Review Worksheets – Grade 6 | Googoodan","grade 6 greatest common factor review worksheets","free printable greatest common factor review worksheets – grade 6; grade 6 greatest common factor review practice sheets with answer key; grade 6 greatest common factor review printable math practice","Greatest Common Factor Review Worksheets – Grade 6","Review grade 6 greatest common factor review with free printable worksheets and a matching answer key. The practice works well for warm-ups, tutoring, or homework.","No","Medium"
"en/print/common-core-arithmetic-upper/grade-6-gcf-word-problems.html","Greatest Common Factor Word Problems - Grade 6 | Googoodan","Greatest Common Factor Word Problem Worksheets – Grade 6 | Googoodan","grade 6 greatest common factor word problem worksheets","free printable greatest common factor word problem worksheets – grade 6; grade 6 greatest common factor word problem practice sheets with answer key; grade 6 greatest common factor word problem printable math practice","Greatest Common Factor Word Problem Worksheets – Grade 6","Free printable grade 6 greatest common factor word problem worksheets. Get fresh practice and a matching answer key for home or class.","Yes","High"
"en/print/common-core-arithmetic-upper/grade-6-lcm-horizontal-practice.html","Least Common Multiple Worksheets - Grade 6 | Googoodan","Least Common Multiple Worksheets – Grade 6 | Googoodan","grade 6 least common multiple worksheets","free printable least common multiple worksheets – grade 6; grade 6 least common multiple practice sheets with answer key; grade 6 least common multiple printable math practice","Least Common Multiple Worksheets – Grade 6","Practice grade 6 horizontal least common multiple with free printable worksheets in a clear layout. The included answer key helps students check each completed set.","No","Low"
"en/print/common-core-arithmetic-upper/grade-6-lcm-missing-part-challenge.html","Least Common Multiple: Missing Parts - Grade 6 | Googoodan","Least Common Multiple: Missing Parts Worksheets – Grade 6 | Googoodan","grade 6 least common multiple missing parts worksheets","free printable least common multiple: missing parts worksheets – grade 6; grade 6 least common multiple missing parts practice sheets with answer key; grade 6 least common multiple missing parts printable math practice","Least Common Multiple: Missing Parts Worksheets – Grade 6","Free printable grade 6 least common multiple: missing parts worksheets. Get fresh practice and a matching answer key for home or class.","No","Medium"
"en/print/common-core-arithmetic-upper/grade-6-lcm-prerequisite-review.html","Least Common Multiple Review - Grade 6 | Googoodan","Least Common Multiple Review Worksheets – Grade 6 | Googoodan","grade 6 least common multiple review worksheets","free printable least common multiple review worksheets – grade 6; grade 6 least common multiple review practice sheets with answer key; grade 6 least common multiple review printable math practice","Least Common Multiple Review Worksheets – Grade 6","Review grade 6 least common multiple review with free printable worksheets and a matching answer key. The practice works well for warm-ups, tutoring, or homework.","No","Medium"
"en/print/common-core-arithmetic-upper/grade-6-lcm-word-problems.html","Least Common Multiple Word Problems - Grade 6 | Googoodan","Least Common Multiple Word Problem Worksheets – Grade 6 | Googoodan","grade 6 least common multiple word problem worksheets","free printable least common multiple word problem worksheets – grade 6; grade 6 least common multiple word problem practice sheets with answer key; grade 6 least common multiple word problem printable math practice","Least Common Multiple Word Problem Worksheets – Grade 6","Free printable grade 6 least common multiple word problem worksheets. Get fresh practice and a matching answer key for home or class.","Yes","High"
"en/print/common-core-arithmetic-upper/grade-6-longdiv-horizontal-practice.html","Multi-Digit Long Division Worksheets - Grade 6 | Googoodan","Multi-Digit Long Division Worksheets – Grade 6 | Googoodan","grade 6 multi-digit long division worksheets","free printable multi-digit long division worksheets – grade 6; grade 6 multi-digit long division practice sheets with answer key; grade 6 multi-digit long division printable math practice","Multi-Digit Long Division Worksheets – Grade 6","Free printable grade 6 horizontal multi-digit long division worksheets. Get fresh practice and a matching answer key for home or class.","Yes","Low"
"en/print/common-core-arithmetic-upper/grade-6-longdiv-missing-number-practice.html","Missing Number Multi-Digit Long Division - Grade 6 | Googoodan","Missing Number Multidigit Long Division Worksheets | Googoodan","missing number multidigit long division worksheets","free printable missing number multidigit long division worksheets; missing number multidigit long division practice sheets with answer key; missing number multidigit long division printable math practice","Missing Number Multidigit Long Division Worksheets","Free printable grade 6 missing number multidigit long division worksheets. Get fresh practice and a matching answer key for home or class.","Yes","Low"
"en/print/common-core-arithmetic-upper/grade-6-longdiv-prerequisite-review.html","Multi-Digit Long Division Review - Grade 6 | Googoodan","Multi-Digit Long Division Review Worksheets – Grade 6 | Googoodan","grade 6 multi-digit long division review worksheets","free printable multi-digit long division review worksheets – grade 6; grade 6 multi-digit long division review practice sheets with answer key; grade 6 multi-digit long division review printable math practice","Multi-Digit Long Division Review Worksheets – Grade 6","Free printable grade 6 multi-digit long division review worksheets. Get fresh practice and a matching answer key for home or class.","Yes","Medium"
"en/print/common-core-arithmetic-upper/grade-6-longdiv-vertical-practice.html","Vertical Multi-Digit Long Division Worksheets - Grade 6 | Googoodan","Vertical Multi-Digit Long Division Worksheets – Grade 6 | Googoodan","grade 6 vertical multi-digit long division worksheets","free printable vertical multi-digit long division worksheets – grade 6; grade 6 vertical multi-digit long division practice sheets with answer key; grade 6 vertical multi-digit long division printable math practice","Vertical Multi-Digit Long Division Worksheets – Grade 6","Free printable grade 6 vertical multi-digit long division worksheets. Get fresh practice and a matching answer key for home or class.","Yes","Low"
"en/print/common-core-arithmetic-upper/grade-6-longdiv-word-problems.html","Multi-Digit Long Division Word Problems - Grade 6 | Googoodan","Multidigit Long Division Word Problem Worksheets – Grade 6 | Googoodan","grade 6 multidigit long division word problem worksheets","free printable multidigit long division word problem worksheets – grade 6; grade 6 multidigit long division word problem practice sheets with answer key; grade 6 multidigit long division word problem printable math practice","Multidigit Long Division Word Problem Worksheets – Grade 6","Free printable grade 6 multidigit long division word problem worksheets. Get fresh practice and a matching answer key for home or class.","Yes","High"
"en/print/common-core-arithmetic/grade-1-add100-horizontal-practice.html","Addition Within 100 Worksheets: Horizontal Practice | Googoodan","Addition Within 100 Worksheets – Horizontal | Googoodan","horizontal addition within 100 worksheets","free printable addition within 100 worksheets – horizontal; horizontal addition within 100 practice sheets with answer key; horizontal addition within 100 printable math practice","Addition Within 100 Worksheets – Horizontal","Practice grade 1 horizontal addition within 100 with free printable worksheets in a clear layout. The included answer key helps students check each completed set.","No","Low"
"en/print/common-core-arithmetic/grade-1-add100-missing-number-practice.html","Missing Number Addition Within 100 Worksheets | Googoodan","Missing Number Addition Within 100 Worksheets | Googoodan","missing number addition within 100 worksheets","free printable missing number addition within 100 worksheets; missing number addition within 100 practice sheets with answer key; missing number addition within 100 printable math practice","Missing Number Addition Within 100 Worksheets","Free printable grade 1 missing number addition within 100 worksheets. Get fresh practice and a matching answer key for home or class.","No","Low"
"en/print/common-core-arithmetic/grade-1-add100-prerequisite-review.html","Grade 1 Review for Addition Within 100 | Googoodan","Addition Within 100 Review Worksheets – Grade 1 | Googoodan","grade 1 addition within 100 review worksheets","free printable addition within 100 review worksheets – grade 1; grade 1 addition within 100 review practice sheets with answer key; grade 1 addition within 100 review printable math practice","Addition Within 100 Review Worksheets – Grade 1","Review grade 1 addition within 100 review with free printable worksheets and a matching answer key. The practice works well for warm-ups, tutoring, or homework.","No","Medium"
"en/print/common-core-arithmetic/grade-1-add100-vertical-practice.html","Vertical Addition Within 100 Worksheets | Googoodan","Vertical Addition Within 100 Worksheets | Googoodan","vertical addition within 100 worksheets","free printable vertical addition within 100 worksheets; vertical addition within 100 practice sheets with answer key; vertical addition within 100 printable math practice","Vertical Addition Within 100 Worksheets","Practice grade 1 vertical addition within 100 with free printable worksheets in a clear layout. The included answer key helps students check each completed set.","No","Low"
"en/print/common-core-arithmetic/grade-1-add100-word-problems.html","Addition Within 100 Word Problems | Googoodan","Addition Within 100 Word Problem Worksheets | Googoodan","addition within 100 word problem worksheets","free printable addition within 100 word problem worksheets; addition within 100 word problem practice sheets with answer key; addition within 100 word problem printable math practice","Addition Within 100 Word Problem Worksheets","Free printable grade 1 addition within 100 word problem worksheets. Get fresh practice and a matching answer key for home or class.","Yes","High"
"en/print/common-core-arithmetic/grade-1-tens-horizontal-practice.html","Adding and Subtracting Multiples of 10 Worksheets: Horizontal Practice | Googoodan","Add & Subtract Multiples of 10 Worksheets – Horizontal | Googoodan","horizontal add and subtract multiples of 10 worksheets","free printable add and subtract multiples of 10 worksheets – horizontal; horizontal add and subtract multiples of 10 practice sheets with answer key; horizontal add and subtract multiples of 10 printable math practice","Add & Subtract Multiples of 10 Worksheets – Horizontal","Free printable grade 1 horizontal add & subtract multiples of 10 worksheets. Get fresh practice and a matching answer key for home or class.","No","Low"
"en/print/common-core-arithmetic/grade-1-tens-missing-number-practice.html","Missing Number Adding and Subtracting Multiples of 10 Worksheets | Googoodan","Missing Number Add & Subtract Multiples of 10 Worksheets | Googoodan","missing number add and subtract multiples 10 worksheets","free printable missing number add and subtract multiples of 10 worksheets; missing number add and subtract multiples 10 practice sheets with answer key; missing number add and subtract multiples 10 printable math practice","Missing Number Add & Subtract Multiples of 10 Worksheets","Free printable grade 1 missing number add & subtract multiples of 10 worksheets. Get fresh practice and a matching answer key for home or class.","No","Low"
"en/print/common-core-arithmetic/grade-1-tens-prerequisite-review.html","Grade 1 Review for Adding and Subtracting Multiples of 10 | Googoodan","Add & Subtract Multiples of 10 Review Worksheets – Grade 1 | Googoodan","add and subtract multiples of 10 review worksheets","free printable add and subtract multiples of 10 review worksheets – grade 1; add and subtract multiples of 10 review practice sheets with answer key; add and subtract multiples of 10 review printable math practice","Add & Subtract Multiples of 10 Review Worksheets – Grade 1","Free printable grade 1 add & subtract multiples of 10 review worksheets. Get fresh practice and a matching answer key for home or class.","No","Medium"
"en/print/common-core-arithmetic/grade-1-tens-vertical-practice.html","Vertical Adding and Subtracting Multiples of 10 Worksheets | Googoodan","Vertical Adding and Subtracting Multiples of 10 Worksheets | Googoodan","vertical addition and subtraction multiples of 10 worksheets","free printable vertical adding and subtracting multiples of 10 worksheets; vertical addition and subtraction multiples of 10 practice sheets with answer key; vertical addition and subtraction multiples of 10 printable math practice","Vertical Adding and Subtracting Multiples of 10 Worksheets","Free printable grade 1 vertical adding and subtracting multiples of 10 worksheets. Get fresh practice and a matching answer key for home or class.","No","Low"
"en/print/common-core-arithmetic/grade-1-tens-word-problems.html","Adding and Subtracting Multiples of 10 Word Problems | Googoodan","Add & Subtract Multiples of 10 Word Problem Worksheets | Googoodan","add and subtract multiples of 10 problems worksheets","free printable add and subtract multiples of 10 word problem worksheets; add and subtract multiples of 10 problems practice sheets with answer key; add and subtract multiples of 10 problems printable math practice","Add & Subtract Multiples of 10 Word Problem Worksheets","Free printable grade 1 add & subtract multiples of 10 word problem worksheets. Get fresh practice and a matching answer key for home or class.","Yes","High"
"en/print/common-core-arithmetic/grade-1-within20-horizontal-practice.html","Addition and Subtraction Within 20 Worksheets: Horizontal Practice | Googoodan","Addition and Subtraction Within 20 Worksheets – Horizontal | Googoodan","horizontal addition and subtraction within 20 worksheets","free printable addition and subtraction within 20 worksheets – horizontal; horizontal addition and subtraction within 20 practice sheets with answer key; horizontal addition and subtraction within 20 printable math practice","Addition and Subtraction Within 20 Worksheets – Horizontal","Free printable grade 1 horizontal addition and subtraction within 20 worksheets. Get fresh practice and a matching answer key for home or class.","No","Low"
"en/print/common-core-arithmetic/grade-1-within20-missing-number-practice.html","Missing Number Addition and Subtraction Within 20 Worksheets | Googoodan","Missing Number Add & Subtract Within 20 Worksheets | Googoodan","missing number add and subtract within 20 worksheets","free printable missing number add and subtract within 20 worksheets; missing number add and subtract within 20 practice sheets with answer key; missing number add and subtract within 20 printable math practice","Missing Number Add & Subtract Within 20 Worksheets","Free printable grade 1 missing number add & subtract within 20 worksheets. Get fresh practice and a matching answer key for home or class.","No","Low"
"en/print/common-core-arithmetic/grade-1-within20-prerequisite-review.html","Grade 1 Review for Addition and Subtraction Within 20 | Googoodan","Add & Subtract Within 20 Review Worksheets – Grade 1 | Googoodan","add and subtract within 20 review worksheets","free printable add and subtract within 20 review worksheets – grade 1; add and subtract within 20 review practice sheets with answer key; add and subtract within 20 review printable math practice","Add & Subtract Within 20 Review Worksheets – Grade 1","Review grade 1 add & subtract within 20 review with free printable worksheets and a matching answer key. The practice works well for warm-ups, tutoring, or homework.","No","Medium"
"en/print/common-core-arithmetic/grade-1-within20-vertical-practice.html","Vertical Addition and Subtraction Within 20 Worksheets | Googoodan","Vertical Addition and Subtraction Within 20 Worksheets | Googoodan","vertical addition and subtraction within 20 worksheets","free printable vertical addition and subtraction within 20 worksheets; vertical addition and subtraction within 20 practice sheets with answer key; vertical addition and subtraction within 20 printable math practice","Vertical Addition and Subtraction Within 20 Worksheets","Free printable grade 1 vertical addition and subtraction within 20 worksheets. Get fresh practice and a matching answer key for home or class.","No","Low"
"en/print/common-core-arithmetic/grade-1-within20-word-problems.html","Addition and Subtraction Within 20 Word Problems | Googoodan","Addition and Subtraction Within 20 Word Problem Worksheets | Googoodan","addition and subtraction within 20 word problem worksheets","free printable addition and subtraction within 20 word problem worksheets; addition and subtraction within 20 word problem practice sheets with answer key; addition and subtraction within 20 word problem printable math practice","Addition and Subtraction Within 20 Word Problem Worksheets","Free printable grade 1 addition and subtraction within 20 word problem worksheets. Get fresh practice and a matching answer key for home or class.","Yes","High"
"en/print/common-core-arithmetic/grade-2-facts20-horizontal-practice.html","Addition and Subtraction Facts Within 20 Worksheets: Horizontal Practice | Googoodan","Add & Subtract Facts Within 20 Worksheets – Horizontal | Googoodan","horizontal add and subtract facts within 20 worksheets","free printable add and subtract facts within 20 worksheets – horizontal; horizontal add and subtract facts within 20 practice sheets with answer key; horizontal add and subtract facts within 20 printable math practice","Add & Subtract Facts Within 20 Worksheets – Horizontal","Free printable grade 2 horizontal add & subtract facts within 20 worksheets. Get fresh practice and a matching answer key for home or class.","No","Low"
"en/print/common-core-arithmetic/grade-2-facts20-missing-number-practice.html","Missing Number Addition and Subtraction Facts Within 20 Worksheets | Googoodan","Missing Number Add & Subtract Facts Within 20 Worksheets | Googoodan","missing number addition subtraction to 20 worksheets","free printable missing number add and subtract facts within 20 worksheets; missing number addition subtraction to 20 practice sheets with answer key; missing number addition subtraction to 20 printable math practice","Missing Number Add & Subtract Facts Within 20 Worksheets","Free printable grade 2 missing number add & subtract facts within 20 worksheets. Get fresh practice and a matching answer key for home or class.","No","Low"
"en/print/common-core-arithmetic/grade-2-facts20-prerequisite-review.html","Grade 2 Review for Addition and Subtraction Facts Within 20 | Googoodan","Add & Subtract Facts Within 20 Review Worksheets – Grade 2 | Googoodan","add and subtract facts within 20 review worksheets","free printable add and subtract facts within 20 review worksheets – grade 2; add and subtract facts within 20 review practice sheets with answer key; add and subtract facts within 20 review printable math practice","Add & Subtract Facts Within 20 Review Worksheets – Grade 2","Free printable grade 2 add & subtract facts within 20 review worksheets. Get fresh practice and a matching answer key for home or class.","No","Medium"
"en/print/common-core-arithmetic/grade-2-facts20-vertical-practice.html","Vertical Addition and Subtraction Facts Within 20 Worksheets | Googoodan","Vertical Add & Subtract Facts Within 20 Worksheets | Googoodan","vertical add and subtract facts within 20 worksheets","free printable vertical add and subtract facts within 20 worksheets; vertical add and subtract facts within 20 practice sheets with answer key; vertical add and subtract facts within 20 printable math practice","Vertical Add & Subtract Facts Within 20 Worksheets","Free printable grade 2 vertical add & subtract facts within 20 worksheets. Get fresh practice and a matching answer key for home or class.","No","Low"
"en/print/common-core-arithmetic/grade-2-facts20-word-problems.html","Addition and Subtraction Facts Within 20 Word Problems | Googoodan","Add & Subtract Facts Within 20 Word Problem Worksheets | Googoodan","add and subtract facts within 20 problems worksheets","free printable add and subtract facts within 20 word problem worksheets; add and subtract facts within 20 problems practice sheets with answer key; add and subtract facts within 20 problems printable math practice","Add & Subtract Facts Within 20 Word Problem Worksheets","Free printable grade 2 add & subtract facts within 20 word problem worksheets. Get fresh practice and a matching answer key for home or class.","Yes","High"
"en/print/common-core-arithmetic/grade-2-fouradd-horizontal-practice.html","Adding Four Two-Digit Numbers Worksheets: Horizontal Practice | Googoodan","Adding Four 2 Digit Numbers Worksheets – Horizontal | Googoodan","horizontal four 2 digit number addition worksheets","free printable adding four 2 digit numbers worksheets – horizontal; horizontal four 2 digit number addition practice sheets with answer key; horizontal four 2 digit number addition printable math practice","Adding Four 2 Digit Numbers Worksheets – Horizontal","Free printable grade 2 horizontal adding four 2 digit numbers worksheets. Get fresh practice and a matching answer key for home or class.","No","Low"
"en/print/common-core-arithmetic/grade-2-fouradd-missing-addend-practice.html","Missing Addends: Adding Four Two-Digit Numbers Worksheets | Googoodan","Missing Addends: Adding Four 2 Digit Numbers Worksheets | Googoodan","missing addends four 2 digit number addition worksheets","free printable missing addends: adding four 2 digit numbers worksheets; missing addends four 2 digit number addition practice sheets with answer key; missing addends four 2 digit number addition printable math practice","Missing Addends: Adding Four 2 Digit Numbers Worksheets","Free printable grade 2 missing addends: adding four 2 digit numbers worksheets. Get fresh practice and a matching answer key for home or class.","No","Medium"
"en/print/common-core-arithmetic/grade-2-fouradd-prerequisite-review.html","Grade 2 Review for Adding Four Two-Digit Numbers | Googoodan","Adding Four 2 Digit Numbers Review Worksheets – Grade 2 | Googoodan","four 2 digit number addition review worksheets","free printable adding four 2 digit numbers review worksheets – grade 2; four 2 digit number addition review practice sheets with answer key; four 2 digit number addition review printable math practice","Adding Four 2 Digit Numbers Review Worksheets – Grade 2","Free printable grade 2 adding four 2 digit numbers review worksheets. Get fresh practice and a matching answer key for home or class.","No","Medium"
"en/print/common-core-arithmetic/grade-2-fouradd-word-problems.html","Adding Four Two-Digit Numbers Word Problems | Googoodan","Adding Four 2 Digit Numbers Word Problem Worksheets | Googoodan","four 2 digit number addition word problem worksheets","free printable adding four 2 digit numbers word problem worksheets; four 2 digit number addition word problem practice sheets with answer key; four 2 digit number addition word problem printable math practice","Adding Four 2 Digit Numbers Word Problem Worksheets","Free printable grade 2 adding four 2 digit numbers word problem worksheets. Get fresh practice and a matching answer key for home or class.","Yes","High"
"en/print/common-core-arithmetic/grade-2-within100-horizontal-practice.html","Addition and Subtraction Within 100 Worksheets: Horizontal Practice | Googoodan","Add & Subtract Within 100 Worksheets – Horizontal | Googoodan","horizontal add and subtract within 100 worksheets","free printable add and subtract within 100 worksheets – horizontal; horizontal add and subtract within 100 practice sheets with answer key; horizontal add and subtract within 100 printable math practice","Add & Subtract Within 100 Worksheets – Horizontal","Free printable grade 2 horizontal add & subtract within 100 worksheets. Get fresh practice and a matching answer key for home or class.","No","Low"
"en/print/common-core-arithmetic/grade-2-within100-missing-number-practice.html","Missing Number Addition and Subtraction Within 100 Worksheets | Googoodan","Missing Number Add & Subtract Within 100 Worksheets | Googoodan","missing number add and subtract within 100 worksheets","free printable missing number add and subtract within 100 worksheets; missing number add and subtract within 100 practice sheets with answer key; missing number add and subtract within 100 printable math practice","Missing Number Add & Subtract Within 100 Worksheets","Free printable grade 2 missing number add & subtract within 100 worksheets. Get fresh practice and a matching answer key for home or class.","No","Low"
"en/print/common-core-arithmetic/grade-2-within100-prerequisite-review.html","Grade 2 Review for Addition and Subtraction Within 100 | Googoodan","Add & Subtract Within 100 Review Worksheets – Grade 2 | Googoodan","add and subtract within 100 review worksheets","free printable add and subtract within 100 review worksheets – grade 2; add and subtract within 100 review practice sheets with answer key; add and subtract within 100 review printable math practice","Add & Subtract Within 100 Review Worksheets – Grade 2","Free printable grade 2 add & subtract within 100 review worksheets. Get fresh practice and a matching answer key for home or class.","No","Medium"
"en/print/common-core-arithmetic/grade-2-within100-vertical-practice.html","Vertical Addition and Subtraction Within 100 Worksheets | Googoodan","Vertical Addition and Subtraction Within 100 Worksheets | Googoodan","vertical addition and subtraction within 100 worksheets","free printable vertical addition and subtraction within 100 worksheets; vertical addition and subtraction within 100 practice sheets with answer key; vertical addition and subtraction within 100 printable math practice","Vertical Addition and Subtraction Within 100 Worksheets","Free printable grade 2 vertical addition and subtraction within 100 worksheets. Get fresh practice and a matching answer key for home or class.","No","Low"
"en/print/common-core-arithmetic/grade-2-within100-word-problems.html","Addition and Subtraction Within 100 Word Problems | Googoodan","Add & Subtract Within 100 Word Problem Worksheets | Googoodan","add and subtract within 100 word problem worksheets","free printable add and subtract within 100 word problem worksheets; add and subtract within 100 word problem practice sheets with answer key; add and subtract within 100 word problem printable math practice","Add & Subtract Within 100 Word Problem Worksheets","Free printable grade 2 add & subtract within 100 word problem worksheets. Get fresh practice and a matching answer key for home or class.","Yes","High"
"en/print/common-core-arithmetic/grade-2-within1000-horizontal-practice.html","Addition and Subtraction Within 1,000 Worksheets: Horizontal Practice | Googoodan","Add & Subtract Within 1,000 Worksheets – Horizontal | Googoodan","horizontal add and subtract within 1000 worksheets","free printable add and subtract within 1000 worksheets – horizontal; horizontal add and subtract within 1000 practice sheets with answer key; horizontal add and subtract within 1000 printable math practice","Add & Subtract Within 1,000 Worksheets – Horizontal","Free printable grade 2 horizontal add & subtract within 1,000 worksheets. Get fresh practice and a matching answer key for home or class.","No","Low"
"en/print/common-core-arithmetic/grade-2-within1000-missing-number-practice.html","Missing Number Addition and Subtraction Within 1,000 Worksheets | Googoodan","Add & Subtract Within 1,000 – Missing Number Worksheets | Googoodan","missing number add and subtract within 1000 worksheets","free printable add and subtract within 1000 – missing number worksheets; missing number add and subtract within 1000 practice sheets with answer key; missing number add and subtract within 1000 printable math practice","Add & Subtract Within 1,000 – Missing Number Worksheets","Free printable grade 2 missing number add & subtract within 1,000 worksheets. Get fresh practice and a matching answer key for home or class.","No","Low"
"en/print/common-core-arithmetic/grade-2-within1000-prerequisite-review.html","Grade 2 Review for Addition and Subtraction Within 1,000 | Googoodan","Add & Subtract Within 1,000 Review Worksheets – Grade 2 | Googoodan","grade 2 addition subtraction to 1000 review worksheets","free printable add and subtract within 1000 review worksheets – grade 2; grade 2 addition subtraction to 1000 review practice sheets with answer key; grade 2 addition subtraction to 1000 review printable math practice","Add & Subtract Within 1,000 Review Worksheets – Grade 2","Free printable grade 2 add & subtract within 1,000 review worksheets. Get fresh practice and a matching answer key for home or class.","No","Medium"
"en/print/common-core-arithmetic/grade-2-within1000-vertical-practice.html","Vertical Addition and Subtraction Within 1,000 Worksheets | Googoodan","Vertical Addition and Subtraction Within 1,000 Worksheets | Googoodan","vertical addition and subtraction within 1000 worksheets","free printable vertical addition and subtraction within 1000 worksheets; vertical addition and subtraction within 1000 practice sheets with answer key; vertical addition and subtraction within 1000 printable math practice","Vertical Addition and Subtraction Within 1,000 Worksheets","Free printable grade 2 vertical addition and subtraction within 1,000 worksheets. Get fresh practice and a matching answer key for home or class.","No","Low"
"en/print/common-core-arithmetic/grade-2-within1000-word-problems.html","Addition and Subtraction Within 1,000 Word Problems | Googoodan","Grade 2 Add & Subtract to 1,000 Word Problem Worksheets | Googoodan","add and subtract to 1000 word problem worksheets","free printable grade 2 add and subtract to 1000 word problem worksheets; add and subtract to 1000 word problem practice sheets with answer key; add and subtract to 1000 word problem printable math practice","Grade 2 Add & Subtract to 1,000 Word Problem Worksheets","Free printable grade 2 add & subtract to 1,000 word problem worksheets. Get fresh practice and a matching answer key for home or class.","Yes","High"
"en/print/early-skill-practice/1st-grade-subtraction-within-20.html","Subtraction Within 20 Worksheets for 1st Grade | Googoodan","Subtraction Within 20 Worksheets – Grade 1 | Googoodan","grade 1 subtraction within 20 worksheets","free printable subtraction within 20 worksheets – grade 1; grade 1 subtraction within 20 practice sheets with answer key; grade 1 subtraction within 20 printable math practice","Subtraction Within 20 Worksheets – Grade 1","Practice grade 1 subtraction within 20 with free printable worksheets. Each page includes a matching answer key for classroom lessons, tutoring, or homework.","No","Medium"
"en/print/early-skill-practice/1st-grade-vertical-one-digit-addition.html","Vertical One-Digit Addition Worksheets for 1st Grade | Googoodan","Vertical 1 Digit Addition Worksheets – Grade 1 | Googoodan","grade 1 vertical 1 digit addition worksheets","free printable vertical 1 digit addition worksheets – grade 1; grade 1 vertical 1 digit addition practice sheets with answer key; grade 1 vertical 1 digit addition printable math practice","Vertical 1 Digit Addition Worksheets – Grade 1","Practice grade 1 vertical 1 digit addition with free printable worksheets in a clear layout. The included answer key helps students check each completed set.","No","Low"
"en/print/early-skill-practice/1st-grade-vertical-one-digit-subtraction.html","Vertical One-Digit Subtraction Worksheets for 1st Grade | Googoodan","Vertical 1 Digit Subtraction Worksheets – Grade 1 | Googoodan","grade 1 vertical 1 digit subtraction worksheets","free printable vertical 1 digit subtraction worksheets – grade 1; grade 1 vertical 1 digit subtraction practice sheets with answer key; grade 1 vertical 1 digit subtraction printable math practice","Vertical 1 Digit Subtraction Worksheets – Grade 1","Practice grade 1 vertical 1 digit subtraction with free printable worksheets in a clear layout. The included answer key helps students check each completed set.","No","Low"
"en/print/early-skill-practice/2nd-grade-horizontal-three-digit-addition-with-regrouping.html","Horizontal Three-Digit Addition With Regrouping Worksheets for 2nd Grade | Googoodan","Horizontal 3 Digit Addition With Regrouping Worksheets | Googoodan","horizontal 3 digit addition with regrouping worksheets","free printable horizontal 3 digit addition with regrouping worksheets; horizontal 3 digit addition with regrouping practice sheets with answer key; horizontal 3 digit addition with regrouping printable math practice","Horizontal 3 Digit Addition With Regrouping Worksheets","Free printable grade 2 horizontal 3 digit addition with regrouping worksheets. Get fresh practice and a matching answer key for home or class.","Yes","Low"
"en/print/early-skill-practice/2nd-grade-horizontal-three-digit-subtraction-with-regrouping.html","Horizontal Three-Digit Subtraction With Regrouping Worksheets for 2nd Grade | Googoodan","Horizontal 3 Digit Subtraction With Regrouping Worksheets | Googoodan","horizontal 3 digit subtraction with regrouping worksheets","free printable horizontal 3 digit subtraction with regrouping worksheets; horizontal 3 digit subtraction with regrouping practice sheets with answer key; horizontal 3 digit subtraction with regrouping printable math practice","Horizontal 3 Digit Subtraction With Regrouping Worksheets","Free printable grade 2 horizontal 3 digit subtraction with regrouping worksheets. Get fresh practice and a matching answer key for home or class.","Yes","Low"
"en/print/early-skill-practice/2nd-grade-horizontal-two-digit-addition-with-regrouping.html","Horizontal Two-Digit Addition With Regrouping Worksheets for 2nd Grade | Googoodan","Horizontal 2 Digit Addition With Regrouping Worksheets | Googoodan","horizontal 2 digit addition with regrouping worksheets","free printable horizontal 2 digit addition with regrouping worksheets; horizontal 2 digit addition with regrouping practice sheets with answer key; horizontal 2 digit addition with regrouping printable math practice","Horizontal 2 Digit Addition With Regrouping Worksheets","Free printable grade 2 horizontal 2 digit addition with regrouping worksheets. Get fresh practice and a matching answer key for home or class.","Yes","Low"
"en/print/early-skill-practice/2nd-grade-horizontal-two-digit-addition-without-regrouping.html","Horizontal Two-Digit Addition Without Regrouping Worksheets for 2nd Grade | Googoodan","Horizontal 2 Digit Addition Without Regrouping Worksheets | Googoodan","horizontal 2 digit addition no regrouping worksheets","free printable horizontal 2 digit addition without regrouping worksheets; horizontal 2 digit addition no regrouping practice sheets with answer key; horizontal 2 digit addition no regrouping printable math practice","Horizontal 2 Digit Addition Without Regrouping Worksheets","Free printable grade 2 horizontal 2 digit addition without regrouping worksheets. Get fresh practice and a matching answer key for home or class.","Yes","Low"
"en/print/early-skill-practice/2nd-grade-horizontal-two-digit-subtraction-with-regrouping.html","Horizontal Two-Digit Subtraction With Regrouping Worksheets for 2nd Grade | Googoodan","Horizontal 2 Digit Subtraction With Regrouping Worksheets | Googoodan","horizontal 2 digit subtraction with regrouping worksheets","free printable horizontal 2 digit subtraction with regrouping worksheets; horizontal 2 digit subtraction with regrouping practice sheets with answer key; horizontal 2 digit subtraction with regrouping printable math practice","Horizontal 2 Digit Subtraction With Regrouping Worksheets","Free printable grade 2 horizontal 2 digit subtraction with regrouping worksheets. Get fresh practice and a matching answer key for home or class.","Yes","Low"
"en/print/early-skill-practice/2nd-grade-horizontal-two-digit-subtraction-without-regrouping.html","Horizontal Two-Digit Subtraction Without Regrouping Worksheets for 2nd Grade | Googoodan","Horizontal 2 Digit Subtraction Without Regrouping Worksheets | Googoodan","horizontal 2 digit subtraction no regrouping worksheets","free printable horizontal 2 digit subtraction without regrouping worksheets; horizontal 2 digit subtraction no regrouping practice sheets with answer key; horizontal 2 digit subtraction no regrouping printable math practice","Horizontal 2 Digit Subtraction Without Regrouping Worksheets","Free printable grade 2 horizontal 2 digit subtraction without regrouping worksheets. Get fresh practice and a matching answer key for home or class.","Yes","Low"
"en/print/early-skill-practice/2nd-grade-missing-digit-three-digit-addition.html","Missing Digit Three-Digit Addition Worksheets for 2nd Grade | Googoodan","Missing Digit 3 Digit Addition Worksheets – Grade 2 | Googoodan","grade 2 missing digit 3 digit addition worksheets","free printable missing digit 3 digit addition worksheets – grade 2; grade 2 missing digit 3 digit addition practice sheets with answer key; grade 2 missing digit 3 digit addition printable math practice","Missing Digit 3 Digit Addition Worksheets – Grade 2","Free printable grade 2 missing digit 3 digit addition worksheets. Get fresh practice and a matching answer key for home or class.","No","Low"
"en/print/early-skill-practice/2nd-grade-missing-digit-three-digit-subtraction.html","Missing Digit Three-Digit Subtraction Worksheets for 2nd Grade | Googoodan","Missing Digit 3 Digit Subtraction Worksheets – Grade 2 | Googoodan","grade 2 missing digit 3 digit subtraction worksheets","free printable missing digit 3 digit subtraction worksheets – grade 2; grade 2 missing digit 3 digit subtraction practice sheets with answer key; grade 2 missing digit 3 digit subtraction printable math practice","Missing Digit 3 Digit Subtraction Worksheets – Grade 2","Free printable grade 2 missing digit 3 digit subtraction worksheets. Get fresh practice and a matching answer key for home or class.","No","Low"
"en/print/early-skill-practice/2nd-grade-missing-digit-two-digit-addition.html","Missing Digit Two-Digit Addition Worksheets for 2nd Grade | Googoodan","Missing Digit 2 Digit Addition Worksheets – Grade 2 | Googoodan","grade 2 missing digit 2 digit addition worksheets","free printable missing digit 2 digit addition worksheets – grade 2; grade 2 missing digit 2 digit addition practice sheets with answer key; grade 2 missing digit 2 digit addition printable math practice","Missing Digit 2 Digit Addition Worksheets – Grade 2","Free printable grade 2 missing digit 2 digit addition worksheets. Get fresh practice and a matching answer key for home or class.","No","Low"
"en/print/early-skill-practice/2nd-grade-missing-digit-two-digit-subtraction.html","Missing Digit Two-Digit Subtraction Worksheets for 2nd Grade | Googoodan","Missing Digit 2 Digit Subtraction Worksheets – Grade 2 | Googoodan","grade 2 missing digit 2 digit subtraction worksheets","free printable missing digit 2 digit subtraction worksheets – grade 2; grade 2 missing digit 2 digit subtraction practice sheets with answer key; grade 2 missing digit 2 digit subtraction printable math practice","Missing Digit 2 Digit Subtraction Worksheets – Grade 2","Free printable grade 2 missing digit 2 digit subtraction worksheets. Get fresh practice and a matching answer key for home or class.","No","Low"
"en/print/early-skill-practice/2nd-grade-missing-number-three-digit-addition.html","Missing Number Three-Digit Addition Worksheets for 2nd Grade | Googoodan","Missing Number 3 Digit Addition Worksheets – Grade 2 | Googoodan","grade 2 missing number 3 digit addition worksheets","free printable missing number 3 digit addition worksheets – grade 2; grade 2 missing number 3 digit addition practice sheets with answer key; grade 2 missing number 3 digit addition printable math practice","Missing Number 3 Digit Addition Worksheets – Grade 2","Free printable grade 2 missing number 3 digit addition worksheets. Get fresh practice and a matching answer key for home or class.","No","Low"
"en/print/early-skill-practice/2nd-grade-missing-number-three-digit-subtraction.html","Missing Number Three-Digit Subtraction Worksheets for 2nd Grade | Googoodan","Missing Number 3 Digit Subtraction Worksheets – Grade 2 | Googoodan","grade 2 missing number 3 digit subtraction worksheets","free printable missing number 3 digit subtraction worksheets – grade 2; grade 2 missing number 3 digit subtraction practice sheets with answer key; grade 2 missing number 3 digit subtraction printable math practice","Missing Number 3 Digit Subtraction Worksheets – Grade 2","Free printable grade 2 missing number 3 digit subtraction worksheets. Get fresh practice and a matching answer key for home or class.","No","Low"
"en/print/early-skill-practice/2nd-grade-missing-number-two-digit-addition.html","Missing Number Two-Digit Addition Worksheets for 2nd Grade | Googoodan","Missing Number 2 Digit Addition Worksheets – Grade 2 | Googoodan","grade 2 missing number 2 digit addition worksheets","free printable missing number 2 digit addition worksheets – grade 2; grade 2 missing number 2 digit addition practice sheets with answer key; grade 2 missing number 2 digit addition printable math practice","Missing Number 2 Digit Addition Worksheets – Grade 2","Free printable grade 2 missing number 2 digit addition worksheets. Get fresh practice and a matching answer key for home or class.","No","Low"
"en/print/early-skill-practice/2nd-grade-missing-number-two-digit-subtraction.html","Missing Number Two-Digit Subtraction Worksheets for 2nd Grade | Googoodan","Missing Number 2 Digit Subtraction Worksheets – Grade 2 | Googoodan","grade 2 missing number 2 digit subtraction worksheets","free printable missing number 2 digit subtraction worksheets – grade 2; grade 2 missing number 2 digit subtraction practice sheets with answer key; grade 2 missing number 2 digit subtraction printable math practice","Missing Number 2 Digit Subtraction Worksheets – Grade 2","Free printable grade 2 missing number 2 digit subtraction worksheets. Get fresh practice and a matching answer key for home or class.","No","Low"
"en/print/early-skill-practice/2nd-grade-repeated-addition.html","Repeated Addition Worksheets for 2nd Grade | Googoodan","Repeated Addition Worksheets – Grade 2 | Googoodan","grade 2 repeated addition worksheets","free printable repeated addition worksheets – grade 2; grade 2 repeated addition practice sheets with answer key; grade 2 repeated addition printable math practice","Repeated Addition Worksheets – Grade 2","Free printable grade 2 repeated addition worksheets provide ready-to-use practice. A matching answer key supports lessons, tutoring, homework, or independent work.","No","Medium"
"en/print/early-skill-practice/2nd-grade-vertical-three-digit-addition-with-regrouping.html","Vertical Three-Digit Addition With Regrouping Worksheets for 2nd Grade | Googoodan","Vertical 3 Digit Addition With Regrouping Worksheets | Googoodan","vertical 3 digit addition with regrouping worksheets","free printable vertical 3 digit addition with regrouping worksheets; vertical 3 digit addition with regrouping practice sheets with answer key; vertical 3 digit addition with regrouping printable math practice","Vertical 3 Digit Addition With Regrouping Worksheets","Free printable grade 2 vertical 3 digit addition with regrouping worksheets. Get fresh practice and a matching answer key for home or class.","Yes","Low"
"en/print/early-skill-practice/2nd-grade-vertical-three-digit-addition.html","Vertical Three-Digit Addition Worksheets for 2nd Grade | Googoodan","Vertical 3 Digit Addition Worksheets – Grade 2 | Googoodan","grade 2 vertical 3 digit addition worksheets","free printable vertical 3 digit addition worksheets – grade 2; grade 2 vertical 3 digit addition practice sheets with answer key; grade 2 vertical 3 digit addition printable math practice","Vertical 3 Digit Addition Worksheets – Grade 2","Practice grade 2 vertical 3 digit addition with free printable worksheets in a clear layout. The included answer key helps students check each completed set.","No","Low"
"en/print/early-skill-practice/2nd-grade-vertical-three-digit-minus-two-digit-subtraction.html","Vertical Three-Digit Minus Two-Digit Subtraction Worksheets for 2nd Grade | Googoodan","Vertical 3 Digit Minus 2 Digit Subtraction Worksheets | Googoodan","vertical 3 digit minus 2 digit subtraction worksheets","free printable vertical 3 digit minus 2 digit subtraction worksheets; vertical 3 digit minus 2 digit subtraction practice sheets with answer key; vertical 3 digit minus 2 digit subtraction printable math practice","Vertical 3 Digit Minus 2 Digit Subtraction Worksheets","Free printable grade 2 vertical 3 digit minus 2 digit subtraction worksheets. Get fresh practice and a matching answer key for home or class.","No","Low"
"en/print/early-skill-practice/2nd-grade-vertical-three-digit-plus-two-digit-addition.html","Vertical Three-Digit Plus Two-Digit Addition Worksheets for 2nd Grade | Googoodan","Vertical 3 Digit Plus 2 Digit Addition Worksheets | Googoodan","vertical 3 digit plus 2 digit addition worksheets","free printable vertical 3 digit plus 2 digit addition worksheets; vertical 3 digit plus 2 digit addition practice sheets with answer key; vertical 3 digit plus 2 digit addition printable math practice","Vertical 3 Digit Plus 2 Digit Addition Worksheets","Free printable grade 2 vertical 3 digit plus 2 digit addition worksheets. Get fresh practice and a matching answer key for home or class.","No","Low"
"en/print/early-skill-practice/2nd-grade-vertical-three-digit-subtraction-with-regrouping.html","Vertical Three-Digit Subtraction With Regrouping Worksheets for 2nd Grade | Googoodan","Vertical 3 Digit Subtraction With Regrouping Worksheets | Googoodan","vertical 3 digit subtraction with regrouping worksheets","free printable vertical 3 digit subtraction with regrouping worksheets; vertical 3 digit subtraction with regrouping practice sheets with answer key; vertical 3 digit subtraction with regrouping printable math practice","Vertical 3 Digit Subtraction With Regrouping Worksheets","Free printable grade 2 vertical 3 digit subtraction with regrouping worksheets. Get fresh practice and a matching answer key for home or class.","Yes","Low"
"en/print/early-skill-practice/2nd-grade-vertical-three-digit-subtraction.html","Vertical Three-Digit Subtraction Worksheets for 2nd Grade | Googoodan","Vertical 3 Digit Subtraction Worksheets – Grade 2 | Googoodan","grade 2 vertical 3 digit subtraction worksheets","free printable vertical 3 digit subtraction worksheets – grade 2; grade 2 vertical 3 digit subtraction practice sheets with answer key; grade 2 vertical 3 digit subtraction printable math practice","Vertical 3 Digit Subtraction Worksheets – Grade 2","Practice grade 2 vertical 3 digit subtraction with free printable worksheets in a clear layout. The included answer key helps students check each completed set.","No","Low"
"en/print/early-skill-practice/2nd-grade-vertical-two-digit-addition.html","Vertical Two-Digit Addition Worksheets for 2nd Grade | Googoodan","Vertical 2 Digit Addition Worksheets – Grade 2 | Googoodan","grade 2 vertical 2 digit addition worksheets","free printable vertical 2 digit addition worksheets – grade 2; grade 2 vertical 2 digit addition practice sheets with answer key; grade 2 vertical 2 digit addition printable math practice","Vertical 2 Digit Addition Worksheets – Grade 2","Practice grade 2 vertical 2 digit addition with free printable worksheets in a clear layout. The included answer key helps students check each completed set.","No","Low"
"en/print/early-skill-practice/2nd-grade-vertical-two-digit-minus-one-digit-subtraction.html","Vertical Two-Digit Minus One-Digit Subtraction Worksheets for 2nd Grade | Googoodan","Vertical 2 Digit Minus 1 Digit Subtraction Worksheets | Googoodan","vertical 2 digit minus 1 digit subtraction worksheets","free printable vertical 2 digit minus 1 digit subtraction worksheets; vertical 2 digit minus 1 digit subtraction practice sheets with answer key; vertical 2 digit minus 1 digit subtraction printable math practice","Vertical 2 Digit Minus 1 Digit Subtraction Worksheets","Free printable grade 2 vertical 2 digit minus 1 digit subtraction worksheets. Get fresh practice and a matching answer key for home or class.","No","Low"
"en/print/early-skill-practice/2nd-grade-vertical-two-digit-plus-one-digit-addition.html","Vertical Two-Digit Plus One-Digit Addition Worksheets for 2nd Grade | Googoodan","Vertical 2 Digit Plus 1 Digit Addition Worksheets | Googoodan","vertical 2 digit plus 1 digit addition worksheets","free printable vertical 2 digit plus 1 digit addition worksheets; vertical 2 digit plus 1 digit addition practice sheets with answer key; vertical 2 digit plus 1 digit addition printable math practice","Vertical 2 Digit Plus 1 Digit Addition Worksheets","Free printable grade 2 vertical 2 digit plus 1 digit addition worksheets. Get fresh practice and a matching answer key for home or class.","No","Low"
"en/print/early-skill-practice/2nd-grade-vertical-two-digit-subtraction.html","Vertical Two-Digit Subtraction Worksheets for 2nd Grade | Googoodan","Vertical 2 Digit Subtraction Worksheets – Grade 2 | Googoodan","grade 2 vertical 2 digit subtraction worksheets","free printable vertical 2 digit subtraction worksheets – grade 2; grade 2 vertical 2 digit subtraction practice sheets with answer key; grade 2 vertical 2 digit subtraction printable math practice","Vertical 2 Digit Subtraction Worksheets – Grade 2","Use free printable grade 2 vertical 2 digit subtraction worksheets for structured practice. Each page comes with a matching answer key for home or classroom use.","No","Low"
"en/print/early-skill-practice/kindergarten-addition-within-10.html","Addition Within 10 Worksheets for Kindergarten | Googoodan","Addition Within 10 Worksheets for Kindergarten | Googoodan","addition within 10 worksheets for kindergarten","free printable addition within 10 worksheets for kindergarten; addition within 10 for kindergarten practice sheets with answer key; addition within 10 for kindergarten printable math practice","Addition Within 10 Worksheets for Kindergarten","Practice addition within 10 for kindergarten with free printable worksheets. Each page includes a matching answer key for classroom lessons, tutoring, or homework.","No","Medium"
"en/print/early-skill-practice/kindergarten-addition-within-5.html","Addition Within 5 Worksheets for Kindergarten | Googoodan","Addition Within 5 Worksheets for Kindergarten | Googoodan","addition within 5 worksheets for kindergarten","free printable addition within 5 worksheets for kindergarten; addition within 5 for kindergarten practice sheets with answer key; addition within 5 for kindergarten printable math practice","Addition Within 5 Worksheets for Kindergarten","Use these free printable addition within 5 for kindergarten worksheets for focused practice. The included answer key makes checking work simple at home or in class.","No","Medium"
"en/print/early-skill-practice/kindergarten-addition-within-9.html","Addition Within 9 Worksheets for Kindergarten | Googoodan","Addition Within 9 Worksheets for Kindergarten | Googoodan","addition within 9 worksheets for kindergarten","free printable addition within 9 worksheets for kindergarten; addition within 9 for kindergarten practice sheets with answer key; addition within 9 for kindergarten printable math practice","Addition Within 9 Worksheets for Kindergarten","Practice addition within 9 for kindergarten with free printable worksheets. Each page includes a matching answer key for classroom lessons, tutoring, or homework.","No","Medium"
"en/print/early-skill-practice/kindergarten-subtraction-within-9.html","Subtraction Within 9 Worksheets for Kindergarten | Googoodan","Subtraction Within 9 Worksheets for Kindergarten | Googoodan","subtraction within 9 worksheets for kindergarten","free printable subtraction within 9 worksheets for kindergarten; subtraction within 9 for kindergarten practice sheets with answer key; subtraction within 9 for kindergarten printable math practice","Subtraction Within 9 Worksheets for Kindergarten","Practice subtraction within 9 for kindergarten with free printable worksheets. Each page includes a matching answer key for classroom lessons, tutoring, or homework.","No","Medium"
"en/print/grade-1-adding-three-numbers-worksheet.html","Adding Three Numbers 1st Grade Worksheets | Googoodan","1st Grade Adding Three Numbers Worksheets | Googoodan","1st grade adding three numbers worksheets","free printable 1st grade adding three numbers worksheets; 1st grade adding three numbers practice sheets with answer key; 1st grade adding three numbers printable math practice","1st Grade Adding Three Numbers Worksheets","Build grade-level skills with free printable 1st grade adding three numbers worksheets. The matching answer key supports lessons, independent practice, or homework.","No","Medium"
"en/print/grade-1-adding-with-tens-and-ones-worksheet.html","Adding With Tens and Ones 1st Grade Worksheets | Googoodan","1st Grade Adding With Tens and Ones Worksheets | Googoodan","1st grade adding with tens and ones worksheets","free printable 1st grade adding with tens and ones worksheets; 1st grade adding with tens and ones practice sheets with answer key; 1st grade adding with tens and ones printable math practice","1st Grade Adding With Tens and Ones Worksheets","Free printable 1st grade adding with tens and ones worksheets. Get fresh practice and a matching answer key for home or class.","No","Medium"
"en/print/grade-1-addition-within-20-worksheet.html","Addition Within 20 1st Grade Worksheets | Googoodan","1st Grade Addition Within 20 Worksheets | Googoodan","1st grade addition within 20 worksheets","free printable 1st grade addition within 20 worksheets; 1st grade addition within 20 practice sheets with answer key; 1st grade addition within 20 printable math practice","1st Grade Addition Within 20 Worksheets","Build grade-level skills with free printable 1st grade addition within 20 worksheets. The matching answer key supports lessons, independent practice, or homework.","No","Medium"
"en/print/grade-1-building-and-drawing-shapes-worksheet.html","Building and Drawing Shapes 1st Grade Worksheets | Googoodan","1st Grade Building and Drawing Shapes Worksheets | Googoodan","1st grade building and drawing shapes worksheets","free printable 1st grade building and drawing shapes worksheets; 1st grade building and drawing shapes practice sheets with answer key; 1st grade building and drawing shapes printable math practice","1st Grade Building and Drawing Shapes Worksheets","Free printable 1st grade building and drawing shapes worksheets. Get fresh practice and a matching answer key for home or class.","No","Medium"
"en/print/grade-1-compare-and-order-lengths-worksheet.html","Compare and Order Lengths 1st Grade Worksheets | Googoodan","1st Grade Compare and Order Lengths Worksheets | Googoodan","1st grade compare and order lengths worksheets","free printable 1st grade compare and order lengths worksheets; 1st grade compare and order lengths practice sheets with answer key; 1st grade compare and order lengths printable math practice","1st Grade Compare and Order Lengths Worksheets","Free printable 1st grade compare and order lengths worksheets. Get fresh practice and a matching answer key for home or class.","No","Medium"
"en/print/grade-1-comparing-two-digit-numbers-worksheet.html","Comparing Two-Digit Numbers 1st Grade Worksheets | Googoodan","1st Grade Comparing 2 Digit Numbers Worksheets | Googoodan","1st grade comparing 2 digit numbers worksheets","free printable 1st grade comparing 2 digit numbers worksheets; 1st grade comparing 2 digit numbers practice sheets with answer key; 1st grade comparing 2 digit numbers printable math practice","1st Grade Comparing 2 Digit Numbers Worksheets","Free printable 1st grade comparing 2 digit numbers worksheets. Get fresh practice and a matching answer key for home or class.","No","Medium"
"en/print/grade-1-counting-on-and-back-worksheet.html","Counting On and Back 1st Grade Worksheets | Googoodan","1st Grade Counting On and Back Worksheets | Googoodan","1st grade counting on and back worksheets","free printable 1st grade counting on and back worksheets; 1st grade counting on and back practice sheets with answer key; 1st grade counting on and back printable math practice","1st Grade Counting On and Back Worksheets","Build grade-level skills with free printable 1st grade counting on and back worksheets. The matching answer key supports lessons, independent practice, or homework.","No","Medium"
"en/print/grade-1-fact-families-worksheet.html","Fact Families 1st Grade Worksheets | Googoodan","1st Grade Fact Families Worksheets | Googoodan","1st grade fact families worksheets","free printable 1st grade fact families worksheets; 1st grade fact families practice sheets with answer key; 1st grade fact families printable math practice","1st Grade Fact Families Worksheets","Build grade-level skills with free printable 1st grade fact families worksheets. The matching answer key supports lessons, independent practice, or homework.","No","Medium"
"en/print/grade-1-halves-and-fourths-worksheet.html","Halves and Fourths 1st Grade Worksheets | Googoodan","1st Grade Halves and Fourths Worksheets | Googoodan","1st grade halves and fourths worksheets","free printable 1st grade halves and fourths worksheets; 1st grade halves and fourths practice sheets with answer key; 1st grade halves and fourths printable math practice","1st Grade Halves and Fourths Worksheets","Free printable 1st grade halves and fourths worksheets support grade-level practice. A matching answer key makes them useful for classwork, homework, or tutoring.","No","Medium"
"en/print/grade-1-hour-and-half-hour-time-worksheet.html","Hour and Half-Hour Time 1st Grade Worksheets | Googoodan","1st Grade Hour and Half-Hour Time Worksheets | Googoodan","1st grade hour and half-hour time worksheets","free printable 1st grade hour and half-hour time worksheets; 1st grade hour and half-hour time practice sheets with answer key; 1st grade hour and half-hour time printable math practice","1st Grade Hour and Half-Hour Time Worksheets","Use these free printable 1st grade hour and half-hour time worksheets for focused grade-level practice. Each page includes a matching answer key for quick checking.","No","Medium"
"en/print/grade-1-measuring-with-equal-units-worksheet.html","Measuring With Equal Units 1st Grade Worksheets | Googoodan","1st Grade Measuring With Equal Units Worksheets | Googoodan","1st grade measuring with equal units worksheets","free printable 1st grade measuring with equal units worksheets; 1st grade measuring with equal units practice sheets with answer key; 1st grade measuring with equal units printable math practice","1st Grade Measuring With Equal Units Worksheets","Free printable 1st grade measuring with equal units worksheets. Get fresh practice and a matching answer key for home or class.","No","Medium"
"en/print/grade-1-missing-numbers-worksheet.html","Missing Numbers 1st Grade Worksheets | Googoodan","1st Grade Missing Numbers Worksheets | Googoodan","1st grade missing numbers worksheets","free printable 1st grade missing numbers worksheets; 1st grade missing numbers practice sheets with answer key; 1st grade missing numbers printable math practice","1st Grade Missing Numbers Worksheets","Free printable 1st grade missing number missing numbers worksheets. Get fresh practice and a matching answer key for home or class.","No","Low"
"en/print/grade-1-number-paths-to-120-worksheet.html","Number Paths to 120 1st Grade Worksheets | Googoodan","1st Grade Number Paths to 120 Worksheets | Googoodan","1st grade number paths to 120 worksheets","free printable 1st grade number paths to 120 worksheets; 1st grade number paths to 120 practice sheets with answer key; 1st grade number paths to 120 printable math practice","1st Grade Number Paths to 120 Worksheets","Use these free printable 1st grade number paths to 120 worksheets for focused grade-level practice. Each page includes a matching answer key for quick checking.","No","Medium"
"en/print/grade-1-picture-graphs-worksheet.html","Picture Graphs 1st Grade Worksheets | Googoodan","1st Grade Picture Graphs Worksheets | Googoodan","1st grade picture graphs worksheets","free printable 1st grade picture graphs worksheets; 1st grade picture graphs practice sheets with answer key; 1st grade picture graphs printable math practice","1st Grade Picture Graphs Worksheets","Free printable 1st grade picture graphs worksheets support grade-level practice. A matching answer key makes them useful for classwork, homework, or tutoring.","No","Medium"
"en/print/grade-1-shape-attributes-worksheet.html","Shape Attributes 1st Grade Worksheets | Googoodan","1st Grade Shape Attributes Worksheets | Googoodan","1st grade shape attributes worksheets","free printable 1st grade shape attributes worksheets; 1st grade shape attributes practice sheets with answer key; 1st grade shape attributes printable math practice","1st Grade Shape Attributes Worksheets","Use these free printable 1st grade shape attributes worksheets for focused grade-level practice. Each page includes a matching answer key for quick checking.","No","Medium"
"en/print/grade-1-subtracting-multiples-of-ten-worksheet.html","Subtracting Multiples of Ten 1st Grade Worksheets | Googoodan","1st Grade Subtracting Multiples of Ten Worksheets | Googoodan","1st grade subtracting multiples of ten worksheets","free printable 1st grade subtracting multiples of ten worksheets; 1st grade subtracting multiples of ten practice sheets with answer key; 1st grade subtracting multiples of ten printable math practice","1st Grade Subtracting Multiples of Ten Worksheets","Free printable 1st grade subtracting multiples of ten worksheets. Get fresh practice and a matching answer key for home or class.","No","Medium"
"en/print/grade-1-subtraction-within-20-worksheet.html","Subtraction Within 20 1st Grade Worksheets | Googoodan","1st Grade Subtraction Within 20 Worksheets | Googoodan","1st grade subtraction within 20 worksheets","free printable 1st grade subtraction within 20 worksheets; 1st grade subtraction within 20 practice sheets with answer key; 1st grade subtraction within 20 printable math practice","1st Grade Subtraction Within 20 Worksheets","Use these free printable 1st grade subtraction within 20 worksheets for focused grade-level practice. Each page includes a matching answer key for quick checking.","No","Medium"
"en/print/grade-1-ten-more-and-ten-less-worksheet.html","Ten More and Ten Less 1st Grade Worksheets | Googoodan","1st Grade Ten More and Ten Less Worksheets | Googoodan","1st grade ten more and ten less worksheets","free printable 1st grade ten more and ten less worksheets; 1st grade ten more and ten less practice sheets with answer key; 1st grade ten more and ten less printable math practice","1st Grade Ten More and Ten Less Worksheets","Free printable 1st grade ten more and ten less worksheets support grade-level practice. A matching answer key makes them useful for classwork, homework, or tutoring.","No","Medium"
"en/print/grade-1-tens-and-ones-worksheet.html","1st Grade Place Value Worksheets | Googoodan","1st Grade Place Value Worksheets | Googoodan","1st grade place value worksheets","free printable 1st grade place value worksheets; 1st grade place value practice sheets with answer key; 1st grade place value printable math practice","1st Grade Place Value Worksheets","Free printable 1st grade place value worksheets support grade-level practice. A matching answer key makes them useful for classwork, homework, or tutoring.","Yes","Medium"
"en/print/grade-1-true-or-false-equations-worksheet.html","True or False Equations 1st Grade Worksheets | Googoodan","1st Grade True or False Equations Worksheets | Googoodan","1st grade true or false equations worksheets","free printable 1st grade true or false equations worksheets; 1st grade true or false equations practice sheets with answer key; 1st grade true or false equations printable math practice","1st Grade True or False Equations Worksheets","Use these free printable 1st grade true or false equations worksheets for focused grade-level practice. Each page includes a matching answer key for quick checking.","Yes","Medium"
"en/print/grade-2-add-and-subtract-within-1-000-worksheet.html","Add & Subtract Within 1,000 2nd Grade Worksheets | Googoodan","2nd Grade Add & Subtract Within 1,000 Worksheets | Googoodan","2nd grade add and subtract within 1000 worksheets","free printable 2nd grade add and subtract within 1000 worksheets; 2nd grade add and subtract within 1000 practice sheets with answer key; 2nd grade add and subtract within 1000 printable math practice","2nd Grade Add & Subtract Within 1,000 Worksheets","Free printable 2nd grade add & subtract within 1,000 worksheets. Get fresh practice and a matching answer key for home or class.","No","Medium"
"en/print/grade-2-adding-four-numbers-worksheet.html","Adding Four Numbers 2nd Grade Worksheets | Googoodan","2nd Grade Adding Four Numbers Worksheets | Googoodan","2nd grade adding four numbers worksheets","free printable 2nd grade adding four numbers worksheets; 2nd grade adding four numbers practice sheets with answer key; 2nd grade adding four numbers printable math practice","2nd Grade Adding Four Numbers Worksheets","Free printable 2nd grade adding four numbers worksheets support grade-level practice. A matching answer key makes them useful for classwork, homework, or tutoring.","No","Medium"
"en/print/grade-2-addition-within-100-worksheet.html","Addition Within 100 2nd Grade Worksheets | Googoodan","2nd Grade Addition Within 100 Worksheets | Googoodan","2nd grade addition within 100 worksheets","free printable 2nd grade addition within 100 worksheets; 2nd grade addition within 100 practice sheets with answer key; 2nd grade addition within 100 printable math practice","2nd Grade Addition Within 100 Worksheets","Free printable 2nd grade addition within 100 worksheets support grade-level practice. A matching answer key makes them useful for classwork, homework, or tutoring.","No","Medium"
"en/print/grade-2-choosing-measuring-tools-worksheet.html","Choosing Measuring Tools 2nd Grade Worksheets | Googoodan","2nd Grade Choosing Measuring Tools Worksheets | Googoodan","2nd grade choosing measuring tools worksheets","free printable 2nd grade choosing measuring tools worksheets; 2nd grade choosing measuring tools practice sheets with answer key; 2nd grade choosing measuring tools printable math practice","2nd Grade Choosing Measuring Tools Worksheets","Use these free printable 2nd grade choosing measuring tools worksheets for focused grade-level practice. Each page includes a matching answer key for quick checking.","No","Medium"
"en/print/grade-2-compare-three-digit-numbers-worksheet.html","Compare Three-Digit Numbers 2nd Grade Worksheets | Googoodan","2nd Grade Compare 3 Digit Numbers Worksheets | Googoodan","2nd grade compare 3 digit numbers worksheets","free printable 2nd grade compare 3 digit numbers worksheets; 2nd grade compare 3 digit numbers practice sheets with answer key; 2nd grade compare 3 digit numbers printable math practice","2nd Grade Compare 3 Digit Numbers Worksheets","Use these free printable 2nd grade compare 3 digit numbers worksheets for focused grade-level practice. Each page includes a matching answer key for quick checking.","No","Medium"
"en/print/grade-2-counting-us-coins-worksheet.html","Counting US Coins 2nd Grade Worksheets | Googoodan","2nd Grade Counting US Coins Worksheets | Googoodan","2nd grade counting us coins worksheets","free printable 2nd grade counting us coins worksheets; 2nd grade counting us coins practice sheets with answer key; 2nd grade counting us coins printable math practice","2nd Grade Counting US Coins Worksheets","Free printable 2nd grade counting us coins worksheets support grade-level practice. A matching answer key makes them useful for classwork, homework, or tutoring.","No","Medium"
"en/print/grade-2-estimating-length-worksheet.html","Estimating Length 2nd Grade Worksheets | Googoodan","2nd Grade Estimating Length Worksheets | Googoodan","2nd grade estimating length worksheets","free printable 2nd grade estimating length worksheets; 2nd grade estimating length practice sheets with answer key; 2nd grade estimating length printable math practice","2nd Grade Estimating Length Worksheets","Build grade-level skills with free printable 2nd grade estimating length worksheets. The matching answer key supports lessons, independent practice, or homework.","No","Medium"
"en/print/grade-2-halves-thirds-and-fourths-worksheet.html","Halves, Thirds, and Fourths 2nd Grade Worksheets | Googoodan","2nd Grade Halves, Thirds, and Fourths Worksheets | Googoodan","2nd grade halves thirds and fourths worksheets","free printable 2nd grade halves thirds and fourths worksheets; 2nd grade halves thirds and fourths practice sheets with answer key; 2nd grade halves thirds and fourths printable math practice","2nd Grade Halves, Thirds, and Fourths Worksheets","Free printable 2nd grade halves, thirds, and fourths worksheets. Get fresh practice and a matching answer key for home or class.","No","Medium"
"en/print/grade-2-hundreds-tens-and-ones-worksheet.html","2nd Grade Place Value Worksheets | Googoodan","2nd Grade Place Value Worksheets | Googoodan","2nd grade place value worksheets","free printable 2nd grade place value worksheets; 2nd grade place value practice sheets with answer key; 2nd grade place value printable math practice","2nd Grade Place Value Worksheets","Build grade-level skills with free printable 2nd grade place value worksheets. The matching answer key supports lessons, independent practice, or homework.","Yes","Medium"
"en/print/grade-2-length-word-problems-worksheet.html","Length Word Problems 2nd Grade Worksheets | Googoodan","2nd Grade Length Word Problem Worksheets | Googoodan","2nd grade length word problem worksheets","free printable 2nd grade length word problem worksheets; 2nd grade length word problem practice sheets with answer key; 2nd grade length word problem printable math practice","2nd Grade Length Word Problem Worksheets","Build reasoning with free printable 2nd grade length word problem worksheets. The included answer key helps check practice during lessons, tutoring, or homework.","Yes","High"
"en/print/grade-2-math-facts-within-20-worksheet.html","Math Facts Within 20 2nd Grade Worksheets | Googoodan","2nd Grade Math Facts Within 20 Worksheets | Googoodan","2nd grade math facts within 20 worksheets","free printable 2nd grade math facts within 20 worksheets; 2nd grade math facts within 20 practice sheets with answer key; 2nd grade math facts within 20 printable math practice","2nd Grade Math Facts Within 20 Worksheets","Free printable 2nd grade math facts within 20 worksheets support grade-level practice. A matching answer key makes them useful for classwork, homework, or tutoring.","No","Medium"
"en/print/grade-2-measure-and-compare-lengths-worksheet.html","Measure and Compare Lengths 2nd Grade Worksheets | Googoodan","2nd Grade Measure and Compare Lengths Worksheets | Googoodan","2nd grade measure and compare lengths worksheets","free printable 2nd grade measure and compare lengths worksheets; 2nd grade measure and compare lengths practice sheets with answer key; 2nd grade measure and compare lengths printable math practice","2nd Grade Measure and Compare Lengths Worksheets","Free printable 2nd grade measure and compare lengths worksheets. Get fresh practice and a matching answer key for home or class.","No","Medium"
"en/print/grade-2-measurement-line-plots-worksheet.html","Measurement Line Plots 2nd Grade Worksheets | Googoodan","2nd Grade Measurement Line Plots Worksheets | Googoodan","2nd grade measurement line plots worksheets","free printable 2nd grade measurement line plots worksheets; 2nd grade measurement line plots practice sheets with answer key; 2nd grade measurement line plots printable math practice","2nd Grade Measurement Line Plots Worksheets","Use these free printable 2nd grade measurement line plots worksheets for focused grade-level practice. Each page includes a matching answer key for quick checking.","No","Medium"
"en/print/grade-2-measuring-in-two-units-worksheet.html","Measuring in Two Units 2nd Grade Worksheets | Googoodan","2nd Grade Measuring in Two Units Worksheets | Googoodan","2nd grade measuring in two units worksheets","free printable 2nd grade measuring in two units worksheets; 2nd grade measuring in two units practice sheets with answer key; 2nd grade measuring in two units printable math practice","2nd Grade Measuring in Two Units Worksheets","Use these free printable 2nd grade measuring in two units worksheets for focused grade-level practice. Each page includes a matching answer key for quick checking.","No","Medium"
"en/print/grade-2-number-names-and-expanded-form-worksheet.html","Number Names & Expanded Form 2nd Grade Worksheets | Googoodan","2nd Grade Number Names & Expanded Form Worksheets | Googoodan","2nd grade number names and expanded form worksheets","free printable 2nd grade number names and expanded form worksheets; 2nd grade number names and expanded form practice sheets with answer key; 2nd grade number names and expanded form printable math practice","2nd Grade Number Names & Expanded Form Worksheets","Free printable 2nd grade number names & expanded form worksheets. Get fresh practice and a matching answer key for home or class.","No","Medium"
"en/print/grade-2-numbers-on-a-number-line-worksheet.html","Numbers on a Number Line 2nd Grade Worksheets | Googoodan","2nd Grade Numbers on a Number Line Worksheets | Googoodan","2nd grade numbers on a number line worksheets","free printable 2nd grade numbers on a number line worksheets; 2nd grade numbers on a number line practice sheets with answer key; 2nd grade numbers on a number line printable math practice","2nd Grade Numbers on a Number Line Worksheets","Use these free printable 2nd grade numbers on a number line worksheets for focused grade-level practice. Each page includes a matching answer key for quick checking.","No","Medium"
"en/print/grade-2-odd-and-even-numbers-worksheet.html","Odd and Even Numbers 2nd Grade Worksheets | Googoodan","2nd Grade Odd and Even Numbers Worksheets | Googoodan","2nd grade odd and even numbers worksheets","free printable 2nd grade odd and even numbers worksheets; 2nd grade odd and even numbers practice sheets with answer key; 2nd grade odd and even numbers printable math practice","2nd Grade Odd and Even Numbers Worksheets","Free printable 2nd grade odd and even numbers worksheets support grade-level practice. A matching answer key makes them useful for classwork, homework, or tutoring.","No","Medium"
"en/print/grade-2-reading-and-making-graphs-worksheet.html","Reading and Making Graphs 2nd Grade Worksheets | Googoodan","2nd Grade Reading and Making Graphs Worksheets | Googoodan","2nd grade reading and making graphs worksheets","free printable 2nd grade reading and making graphs worksheets; 2nd grade reading and making graphs practice sheets with answer key; 2nd grade reading and making graphs printable math practice","2nd Grade Reading and Making Graphs Worksheets","Free printable 2nd grade reading and making graphs worksheets. Get fresh practice and a matching answer key for home or class.","No","Medium"
"en/print/grade-2-rows-and-columns-worksheet.html","Rows and Columns 2nd Grade Worksheets | Googoodan","2nd Grade Rows and Columns Worksheets | Googoodan","2nd grade rows and columns worksheets","free printable 2nd grade rows and columns worksheets; 2nd grade rows and columns practice sheets with answer key; 2nd grade rows and columns printable math practice","2nd Grade Rows and Columns Worksheets","Free printable 2nd grade rows and columns worksheets support grade-level practice. A matching answer key makes them useful for classwork, homework, or tutoring.","No","Medium"
"en/print/grade-2-shape-attributes-worksheet.html","Shape Attributes 2nd Grade Worksheets | Googoodan","2nd Grade Shape Attributes Worksheets | Googoodan","2nd grade shape attributes worksheets","free printable 2nd grade shape attributes worksheets; 2nd grade shape attributes practice sheets with answer key; 2nd grade shape attributes printable math practice","2nd Grade Shape Attributes Worksheets","Build grade-level skills with free printable 2nd grade shape attributes worksheets. The matching answer key supports lessons, independent practice, or homework.","No","Medium"
"en/print/grade-2-skip-counting-to-1-000-worksheet.html","Skip Counting to 1,000 2nd Grade Worksheets | Googoodan","2nd Grade Skip Counting to 1,000 Worksheets | Googoodan","2nd grade skip counting to 1000 worksheets","free printable 2nd grade skip counting to 1000 worksheets; 2nd grade skip counting to 1000 practice sheets with answer key; 2nd grade skip counting to 1000 printable math practice","2nd Grade Skip Counting to 1,000 Worksheets","Use these free printable 2nd grade skip counting to 1,000 worksheets for focused grade-level practice. Each page includes a matching answer key for quick checking.","No","Medium"
"en/print/grade-2-subtraction-within-100-worksheet.html","Subtraction Within 100 2nd Grade Worksheets | Googoodan","2nd Grade Subtraction Within 100 Worksheets | Googoodan","2nd grade subtraction within 100 worksheets","free printable 2nd grade subtraction within 100 worksheets; 2nd grade subtraction within 100 practice sheets with answer key; 2nd grade subtraction within 100 printable math practice","2nd Grade Subtraction Within 100 Worksheets","Use these free printable 2nd grade subtraction within 100 worksheets for focused grade-level practice. Each page includes a matching answer key for quick checking.","No","Medium"
"en/print/grade-2-telling-time-to-five-minutes-worksheet.html","Telling Time to Five Minutes 2nd Grade Worksheets | Googoodan","2nd Grade Telling Time to Five Minutes Worksheets | Googoodan","2nd grade telling time to five minutes worksheets","free printable 2nd grade telling time to five minutes worksheets; 2nd grade telling time to five minutes practice sheets with answer key; 2nd grade telling time to five minutes printable math practice","2nd Grade Telling Time to Five Minutes Worksheets","Free printable 2nd grade telling time to five minutes worksheets. Get fresh practice and a matching answer key for home or class.","No","High"
"en/print/grade-2-ten-or-one-hundred-more-worksheet.html","Ten or One Hundred More 2nd Grade Worksheets | Googoodan","2nd Grade Ten or One Hundred More Worksheets | Googoodan","2nd grade ten or one hundred more worksheets","free printable 2nd grade ten or one hundred more worksheets; 2nd grade ten or one hundred more practice sheets with answer key; 2nd grade ten or one hundred more printable math practice","2nd Grade Ten or One Hundred More Worksheets","Use these free printable 2nd grade ten or one hundred more worksheets for focused grade-level practice. Each page includes a matching answer key for quick checking.","No","Medium"
"en/print/grade-2-tiling-rectangles-worksheet.html","Tiling Rectangles 2nd Grade Worksheets | Googoodan","2nd Grade Tiling Rectangles Worksheets | Googoodan","2nd grade tiling rectangles worksheets","free printable 2nd grade tiling rectangles worksheets; 2nd grade tiling rectangles practice sheets with answer key; 2nd grade tiling rectangles printable math practice","2nd Grade Tiling Rectangles Worksheets","Use these free printable 2nd grade tiling rectangles worksheets for focused grade-level practice. Each page includes a matching answer key for quick checking.","No","Medium"
"en/print/grade-2-two-step-word-problems-worksheet.html","Two-Step Word Problems 2nd Grade Worksheets | Googoodan","2nd Grade Two-Step Word Problem Worksheets | Googoodan","2nd grade two-step word problem worksheets","free printable 2nd grade two-step word problem worksheets; 2nd grade two-step word problem practice sheets with answer key; 2nd grade two-step word problem printable math practice","2nd Grade Two-Step Word Problem Worksheets","Build reasoning with free printable 2nd grade two-step word problem worksheets. The included answer key helps check practice during lessons, tutoring, or homework.","Yes","High"
"en/print/grade-skills/grade-3-addition-and-subtraction-within-1-000-worksheet.html","Addition and Subtraction Within 1,000 – Grade 3 | Googoodan","Addition and Subtraction Within 1,000 Worksheets – Grade 3 | Googoodan","grade 3 addition and subtraction within 1000 worksheets","free printable addition and subtraction within 1000 worksheets – grade 3; grade 3 addition and subtraction within 1000 practice sheets with answer key; grade 3 addition and subtraction within 1000 printable math practice","Addition and Subtraction Within 1,000 Worksheets – Grade 3","Free printable grade 3 addition and subtraction within 1,000 worksheets. Get fresh practice and a matching answer key for home or class.","No","Medium"
"en/print/grade-skills/grade-3-area-with-square-tiles-worksheet.html","Area With Square Tiles Worksheets – Grade 3 | Googoodan","Area With Square Tiles Worksheets – Grade 3 | Googoodan","grade 3 area with square tiles worksheets","free printable area with square tiles worksheets – grade 3; grade 3 area with square tiles practice sheets with answer key; grade 3 area with square tiles printable math practice","Area With Square Tiles Worksheets – Grade 3","Use these free printable grade 3 area with square tiles worksheets for focused practice. The included answer key makes checking work simple at home or in class.","Yes","Medium"
"en/print/grade-skills/grade-3-area-worksheet.html","Area Worksheets – Grade 3 | Googoodan","Area Worksheets – Grade 3 | Googoodan","grade 3 area worksheets","free printable area worksheets – grade 3; grade 3 area practice sheets with answer key; grade 3 area printable math practice","Area Worksheets – Grade 3","Practice grade 3 area with free printable worksheets. Each page includes a matching answer key for classroom lessons, tutoring, or homework.","Yes","Medium"
"en/print/grade-skills/grade-3-arithmetic-patterns-worksheet.html","Arithmetic Patterns Worksheets – Grade 3 | Googoodan","Arithmetic Patterns Worksheets – Grade 3 | Googoodan","grade 3 arithmetic patterns worksheets","free printable arithmetic patterns worksheets – grade 3; grade 3 arithmetic patterns practice sheets with answer key; grade 3 arithmetic patterns printable math practice","Arithmetic Patterns Worksheets – Grade 3","Use these free printable grade 3 arithmetic patterns worksheets for focused practice. The included answer key makes checking work simple at home or in class.","No","Medium"
"en/print/grade-skills/grade-3-classifying-quadrilaterals-worksheet.html","Classifying Quadrilaterals Worksheets – Grade 3 | Googoodan","Classifying Quadrilaterals Worksheets – Grade 3 | Googoodan","grade 3 classifying quadrilaterals worksheets","free printable classifying quadrilaterals worksheets – grade 3; grade 3 classifying quadrilaterals practice sheets with answer key; grade 3 classifying quadrilaterals printable math practice","Classifying Quadrilaterals Worksheets – Grade 3","Use these free printable grade 3 classifying quadrilaterals worksheets for focused practice. The included answer key makes checking work simple at home or in class.","No","Medium"
"en/print/grade-skills/grade-3-comparing-and-equivalent-fractions-worksheet.html","Comparing and Equivalent Fractions – Grade 3 | Googoodan","Comparing and Equivalent Fractions Worksheets – Grade 3 | Googoodan","grade 3 comparing and equivalent fractions worksheets","free printable comparing and equivalent fractions worksheets – grade 3; grade 3 comparing and equivalent fractions practice sheets with answer key; grade 3 comparing and equivalent fractions printable math practice","Comparing and Equivalent Fractions Worksheets – Grade 3","Free printable grade 3 comparing and equivalent fractions worksheets. Get fresh practice and a matching answer key for home or class.","No","Medium"
"en/print/grade-skills/grade-3-decomposing-rectangles-to-find-area-worksheet.html","Decomposing Rectangles to Find Area – Grade 3 | Googoodan","Decomposing Rectangles to Find Area Worksheets – Grade 3 | Googoodan","grade 3 decomposing rectangles to find area worksheets","free printable decomposing rectangles to find area worksheets – grade 3; grade 3 decomposing rectangles to find area practice sheets with answer key; grade 3 decomposing rectangles to find area printable math practice","Decomposing Rectangles to Find Area Worksheets – Grade 3","Free printable grade 3 decomposing rectangles to find area worksheets. Get fresh practice and a matching answer key for home or class.","Yes","Medium"
"en/print/grade-skills/grade-3-division-facts-worksheet.html","Division Facts Worksheets – Grade 3 | Googoodan","Division Facts Worksheets – Grade 3 | Googoodan","grade 3 division facts worksheets","free printable division facts worksheets – grade 3; grade 3 division facts practice sheets with answer key; grade 3 division facts printable math practice","Division Facts Worksheets – Grade 3","Practice grade 3 division facts with free printable worksheets. Each page includes a matching answer key for classroom lessons, tutoring, or homework.","No","Medium"
"en/print/grade-skills/grade-3-elapsed-time-to-the-minute-worksheet.html","Elapsed Time to the Minute Worksheets – Grade 3 | Googoodan","Elapsed Time to the Minute Worksheets – Grade 3 | Googoodan","grade 3 elapsed time to the minute worksheets","free printable elapsed time to the minute worksheets – grade 3; grade 3 elapsed time to the minute practice sheets with answer key; grade 3 elapsed time to the minute printable math practice","Elapsed Time to the Minute Worksheets – Grade 3","Practice grade 3 elapsed time to the minute with free printable worksheets. Each page includes a matching answer key for classroom lessons, tutoring, or homework.","No","Medium"
"en/print/grade-skills/grade-3-equal-groups-and-sharing-worksheet.html","Equal Groups and Sharing Worksheets – Grade 3 | Googoodan","Equal Groups and Sharing Worksheets – Grade 3 | Googoodan","grade 3 equal groups and sharing worksheets","free printable equal groups and sharing worksheets – grade 3; grade 3 equal groups and sharing practice sheets with answer key; grade 3 equal groups and sharing printable math practice","Equal Groups and Sharing Worksheets – Grade 3","Practice grade 3 equal groups and sharing with free printable worksheets. Each page includes a matching answer key for classroom lessons, tutoring, or homework.","No","Medium"
"en/print/grade-skills/grade-3-equal-parts-and-fractions-of-shapes-worksheet.html","Equal Parts and Fractions of Shapes – Grade 3 | Googoodan","Equal Parts and Fractions of Shapes Worksheets – Grade 3 | Googoodan","grade 3 equal parts shape fractions worksheets","free printable equal parts and fractions of shapes worksheets – grade 3; grade 3 equal parts shape fractions practice sheets with answer key; grade 3 equal parts shape fractions printable math practice","Equal Parts and Fractions of Shapes Worksheets – Grade 3","Free printable grade 3 equal parts and fractions of shapes worksheets. Get fresh practice and a matching answer key for home or class.","No","Medium"
"en/print/grade-skills/grade-3-fraction-line-plots-worksheet.html","Fraction Line Plots Worksheets – Grade 3 | Googoodan","Fraction Line Plots Worksheets – Grade 3 | Googoodan","grade 3 fraction line plots worksheets","free printable fraction line plots worksheets – grade 3; grade 3 fraction line plots practice sheets with answer key; grade 3 fraction line plots printable math practice","Fraction Line Plots Worksheets – Grade 3","Practice grade 3 fraction line plots with free printable worksheets. Each page includes a matching answer key for classroom lessons, tutoring, or homework.","No","Medium"
"en/print/grade-skills/grade-3-fractions-of-a-whole-worksheet.html","Fractions of a Whole Worksheets – Grade 3 | Googoodan","Fractions of a Whole Worksheets – Grade 3 | Googoodan","grade 3 fractions of a whole worksheets","free printable fractions of a whole worksheets – grade 3; grade 3 fractions of a whole practice sheets with answer key; grade 3 fractions of a whole printable math practice","Fractions of a Whole Worksheets – Grade 3","Use these free printable grade 3 fractions of a whole worksheets for focused practice. The included answer key makes checking work simple at home or in class.","No","Medium"
"en/print/grade-skills/grade-3-fractions-on-number-lines-worksheet.html","Fractions on Number Lines Worksheets – Grade 3 | Googoodan","Fractions on Number Lines Worksheets – Grade 3 | Googoodan","grade 3 fractions on number lines worksheets","free printable fractions on number lines worksheets – grade 3; grade 3 fractions on number lines practice sheets with answer key; grade 3 fractions on number lines printable math practice","Fractions on Number Lines Worksheets – Grade 3","Use these free printable grade 3 fractions on number lines worksheets for focused practice. The included answer key makes checking work simple at home or in class.","No","Medium"
"en/print/grade-skills/grade-3-mass-and-liquid-volume-worksheet.html","Mass and Liquid Volume Worksheets – Grade 3 | Googoodan","Mass and Liquid Volume Worksheets – Grade 3 | Googoodan","grade 3 mass and liquid volume worksheets","free printable mass and liquid volume worksheets – grade 3; grade 3 mass and liquid volume practice sheets with answer key; grade 3 mass and liquid volume printable math practice","Mass and Liquid Volume Worksheets – Grade 3","Use these free printable grade 3 mass and liquid volume worksheets for focused practice. The included answer key makes checking work simple at home or in class.","Yes","Medium"
"en/print/grade-skills/grade-3-missing-factors-and-quotients-worksheet.html","Missing Factors and Quotients Worksheets – Grade 3 | Googoodan","Missing Factors and Quotients Worksheets – Grade 3 | Googoodan","grade 3 missing factors and quotients worksheets","free printable missing factors and quotients worksheets – grade 3; grade 3 missing factors and quotients practice sheets with answer key; grade 3 missing factors and quotients printable math practice","Missing Factors and Quotients Worksheets – Grade 3","Free printable grade 3 missing factors and quotients worksheets. Get fresh practice and a matching answer key for home or class.","No","Medium"
"en/print/grade-skills/grade-3-multiplication-facts-worksheet.html","Multiplication Facts Worksheets – Grade 3 | Googoodan","Multiplication Facts Worksheets – Grade 3 | Googoodan","grade 3 multiplication facts worksheets","free printable multiplication facts worksheets – grade 3; grade 3 multiplication facts practice sheets with answer key; grade 3 multiplication facts printable math practice","Multiplication Facts Worksheets – Grade 3","Practice grade 3 multiplication facts with free printable worksheets. Each page includes a matching answer key for classroom lessons, tutoring, or homework.","No","Medium"
"en/print/grade-skills/grade-3-multiplication-properties-and-strategies-worksheet.html","Multiplication Properties and Strategies – Grade 3 | Googoodan","Multiplication Properties & Strategies Worksheets | Googoodan","multiplication properties and strategies worksheets","free printable multiplication properties and strategies worksheets; multiplication properties and strategies practice sheets with answer key; multiplication properties and strategies printable math practice","Multiplication Properties & Strategies Worksheets","Free printable grade 3 multiplication properties & strategies worksheets. Get fresh practice and a matching answer key for home or class.","No","Medium"
"en/print/grade-skills/grade-3-multiplying-by-multiples-of-10-worksheet.html","Multiplying by Multiples of 10 Worksheets – Grade 3 | Googoodan","Grade 3 Multiplying by Multiples of 10 Worksheets | Googoodan","grade 3 multiplying by multiples of 10 worksheets","free printable grade 3 multiplying by multiples of 10 worksheets; grade 3 multiplying by multiples of 10 practice sheets with answer key; grade 3 multiplying by multiples of 10 printable math practice","Grade 3 Multiplying by Multiples of 10 Worksheets","Free printable grade 3 multiplying by multiples of 10 worksheets. Get fresh practice and a matching answer key for home or class.","No","Medium"
"en/print/grade-skills/grade-3-perimeter-worksheet.html","Perimeter Worksheets – Grade 3 | Googoodan","Perimeter Worksheets – Grade 3 | Googoodan","grade 3 perimeter worksheets","free printable perimeter worksheets – grade 3; grade 3 perimeter practice sheets with answer key; grade 3 perimeter printable math practice","Perimeter Worksheets – Grade 3","Use these free printable grade 3 perimeter worksheets for focused practice. The included answer key makes checking work simple at home or in class.","Yes","Medium"
"en/print/grade-skills/grade-3-rounding-to-the-nearest-10-and-100-worksheet.html","Rounding to the Nearest 10 and 100 – Grade 3 | Googoodan","Rounding to the Nearest 10 and 100 Worksheets – Grade 3 | Googoodan","grade 3 rounding to 10 and 100 worksheets","free printable rounding to the nearest 10 and 100 worksheets – grade 3; grade 3 rounding to 10 and 100 practice sheets with answer key; grade 3 rounding to 10 and 100 printable math practice","Rounding to the Nearest 10 and 100 Worksheets – Grade 3","Free printable grade 3 rounding to the nearest 10 and 100 worksheets. Get fresh practice and a matching answer key for home or class.","Yes","High"
"en/print/grade-skills/grade-3-scaled-bar-graphs-worksheet.html","Scaled Bar Graphs Worksheets – Grade 3 | Googoodan","Scaled Bar Graphs Worksheets – Grade 3 | Googoodan","grade 3 scaled bar graphs worksheets","free printable scaled bar graphs worksheets – grade 3; grade 3 scaled bar graphs practice sheets with answer key; grade 3 scaled bar graphs printable math practice","Scaled Bar Graphs Worksheets – Grade 3","Free printable grade 3 scaled bar graphs worksheets provide ready-to-use practice. A matching answer key supports lessons, tutoring, homework, or independent work.","No","Medium"
"en/print/grade-skills/grade-3-two-step-word-problems-worksheet.html","Two-Step Word Problems Worksheets – Grade 3 | Googoodan","Two-Step Word Problem Worksheets – Grade 3 | Googoodan","grade 3 two-step word problem worksheets","free printable two-step word problem worksheets – grade 3; grade 3 two-step word problem practice sheets with answer key; grade 3 two-step word problem printable math practice","Two-Step Word Problem Worksheets – Grade 3","Use these free printable grade 3 two-step word problem worksheets for problem-solving practice. A matching answer key supports quick review in class or at home.","Yes","High"
"en/print/grade-skills/grade-4-adding-fractions-with-like-denominators-worksheet.html","Adding Fractions With Like Denominators – Grade 4 | Googoodan","Grade 4 Like-Denominator Fraction Addition Worksheets | Googoodan","grade 4 like-denominator fraction addition worksheets","free printable grade 4 like-denominator fraction addition worksheets; grade 4 like-denominator fraction addition practice sheets with answer key; grade 4 like-denominator fraction addition printable math practice","Grade 4 Like-Denominator Fraction Addition Worksheets","Free printable grade 4 like-denominator fraction addition worksheets. Get fresh practice and a matching answer key for home or class.","No","Medium"
"en/print/grade-skills/grade-4-area-and-perimeter-formulas-worksheet.html","Area and Perimeter Formulas Worksheets – Grade 4 | Googoodan","Area and Perimeter Formulas Worksheets – Grade 4 | Googoodan","grade 4 area and perimeter formulas worksheets","free printable area and perimeter formulas worksheets – grade 4; grade 4 area and perimeter formulas practice sheets with answer key; grade 4 area and perimeter formulas printable math practice","Area and Perimeter Formulas Worksheets – Grade 4","Use these free printable grade 4 area and perimeter formulas worksheets for focused practice. The included answer key makes checking work simple at home or in class.","Yes","Medium"
"en/print/grade-skills/grade-4-classifying-triangles-and-quadrilaterals-worksheet.html","Classifying Triangles and Quadrilaterals – Grade 4 | Googoodan","Classifying Triangles & Quadrilaterals Worksheets | Googoodan","classifying triangles and quadrilaterals worksheets","free printable classifying triangles and quadrilaterals worksheets; classifying triangles and quadrilaterals practice sheets with answer key; classifying triangles and quadrilaterals printable math practice","Classifying Triangles & Quadrilaterals Worksheets","Free printable grade 4 classifying triangles & quadrilaterals worksheets. Get fresh practice and a matching answer key for home or class.","No","Medium"
"en/print/grade-skills/grade-4-comparing-decimals-worksheet.html","Comparing Decimals Worksheets – Grade 4 | Googoodan","Comparing Decimals Worksheets – Grade 4 | Googoodan","grade 4 comparing decimals worksheets","free printable comparing decimals worksheets – grade 4; grade 4 comparing decimals practice sheets with answer key; grade 4 comparing decimals printable math practice","Comparing Decimals Worksheets – Grade 4","Use these free printable grade 4 comparing decimals worksheets for focused practice. The included answer key makes checking work simple at home or in class.","No","Medium"
"en/print/grade-skills/grade-4-comparing-fractions-with-unlike-denominators-worksheet.html","Comparing Unlike Fractions Worksheets – Grade 4 | Googoodan","Comparing Unlike Fractions Worksheets – Grade 4 | Googoodan","grade 4 comparing unlike fractions worksheets","free printable comparing unlike fractions worksheets – grade 4; grade 4 comparing unlike fractions practice sheets with answer key; grade 4 comparing unlike fractions printable math practice","Comparing Unlike Fractions Worksheets – Grade 4","Use these free printable grade 4 comparing unlike fractions worksheets for focused practice. The included answer key makes checking work simple at home or in class.","No","Medium"
"en/print/grade-skills/grade-4-comparing-multi-digit-numbers-worksheet.html","Comparing Multi-Digit Numbers Worksheets – Grade 4 | Googoodan","Comparing Multi-Digit Numbers Worksheets – Grade 4 | Googoodan","grade 4 comparing multi-digit numbers worksheets","free printable comparing multi-digit numbers worksheets – grade 4; grade 4 comparing multi-digit numbers practice sheets with answer key; grade 4 comparing multi-digit numbers printable math practice","Comparing Multi-Digit Numbers Worksheets – Grade 4","Practice grade 4 comparing multi-digit numbers with free printable worksheets. Each page includes a matching answer key for classroom lessons, tutoring, or homework.","Yes","Medium"
"en/print/grade-skills/grade-4-division-with-remainders-worksheet.html","Division With Remainders Worksheets – Grade 4 | Googoodan","Division With Remainders Worksheets – Grade 4 | Googoodan","grade 4 division with remainders worksheets","free printable division with remainders worksheets – grade 4; grade 4 division with remainders practice sheets with answer key; grade 4 division with remainders printable math practice","Division With Remainders Worksheets – Grade 4","Practice grade 4 division with remainders with free printable worksheets. Each page includes a matching answer key for classroom lessons, tutoring, or homework.","No","Medium"
"en/print/grade-skills/grade-4-equivalent-fractions-worksheet.html","Equivalent Fractions Worksheets – Grade 4 | Googoodan","Equivalent Fractions Worksheets – Grade 4 | Googoodan","grade 4 equivalent fractions worksheets","free printable equivalent fractions worksheets – grade 4; grade 4 equivalent fractions practice sheets with answer key; grade 4 equivalent fractions printable math practice","Equivalent Fractions Worksheets – Grade 4","Use these free printable grade 4 equivalent fractions worksheets for focused practice. The included answer key makes checking work simple at home or in class.","No","Medium"
"en/print/grade-skills/grade-4-factors-multiples-and-prime-numbers-worksheet.html","Factors, Multiples, and Prime Numbers – Grade 4 | Googoodan","Factors, Multiples, and Prime Numbers Worksheets – Grade 4 | Googoodan","grade 4 factors multiples and prime numbers worksheets","free printable factors multiples and prime numbers worksheets – grade 4; grade 4 factors multiples and prime numbers practice sheets with answer key; grade 4 factors multiples and prime numbers printable math practice","Factors, Multiples, and Prime Numbers Worksheets – Grade 4","Free printable grade 4 factors, multiples, and prime numbers worksheets. Get fresh practice and a matching answer key for home or class.","No","Medium"
"en/print/grade-skills/grade-4-fraction-measurement-line-plots-worksheet.html","Fraction Measurement Line Plots Worksheets – Grade 4 | Googoodan","Fraction Measurement Line Plots Worksheets – Grade 4 | Googoodan","grade 4 fraction measurement line plots worksheets","free printable fraction measurement line plots worksheets – grade 4; grade 4 fraction measurement line plots practice sheets with answer key; grade 4 fraction measurement line plots printable math practice","Fraction Measurement Line Plots Worksheets – Grade 4","Free printable grade 4 fraction measurement line plots worksheets. Get fresh practice and a matching answer key for home or class.","No","Medium"
"en/print/grade-skills/grade-4-lines-of-symmetry-worksheet.html","Lines of Symmetry Worksheets – Grade 4 | Googoodan","Lines of Symmetry Worksheets – Grade 4 | Googoodan","grade 4 lines of symmetry worksheets","free printable lines of symmetry worksheets – grade 4; grade 4 lines of symmetry practice sheets with answer key; grade 4 lines of symmetry printable math practice","Lines of Symmetry Worksheets – Grade 4","Practice grade 4 lines of symmetry with free printable worksheets. Each page includes a matching answer key for classroom lessons, tutoring, or homework.","No","Medium"
"en/print/grade-skills/grade-4-lines-rays-and-angles-worksheet.html","Lines, Rays, and Angles Worksheets – Grade 4 | Googoodan","Lines, Rays, and Angles Worksheets – Grade 4 | Googoodan","grade 4 lines rays and angles worksheets","free printable lines rays and angles worksheets – grade 4; grade 4 lines rays and angles practice sheets with answer key; grade 4 lines rays and angles printable math practice","Lines, Rays, and Angles Worksheets – Grade 4","Use these free printable grade 4 lines, rays, and angles worksheets for focused practice. The included answer key makes checking work simple at home or in class.","No","Medium"
"en/print/grade-skills/grade-4-long-division-worksheet.html","Long Division Worksheets – Grade 4 | Googoodan","Long Division Worksheets – Grade 4 | Googoodan","grade 4 long division worksheets","free printable long division worksheets – grade 4; grade 4 long division practice sheets with answer key; grade 4 long division printable math practice","Long Division Worksheets – Grade 4","Use these free printable grade 4 long division worksheets for focused practice. The included answer key makes checking work simple at home or in class.","Yes","High"
"en/print/grade-skills/grade-4-measurement-conversions-worksheet.html","Measurement Conversions Worksheets – Grade 4 | Googoodan","Measurement Conversions Worksheets – Grade 4 | Googoodan","grade 4 measurement conversions worksheets","free printable measurement conversions worksheets – grade 4; grade 4 measurement conversions practice sheets with answer key; grade 4 measurement conversions printable math practice","Measurement Conversions Worksheets – Grade 4","Practice grade 4 measurement conversions with free printable worksheets. Each page includes a matching answer key for classroom lessons, tutoring, or homework.","Yes","Medium"
"en/print/grade-skills/grade-4-measurement-word-problems-worksheet.html","Measurement Word Problems Worksheets – Grade 4 | Googoodan","Measurement Word Problem Worksheets – Grade 4 | Googoodan","grade 4 measurement word problem worksheets","free printable measurement word problem worksheets – grade 4; grade 4 measurement word problem practice sheets with answer key; grade 4 measurement word problem printable math practice","Measurement Word Problem Worksheets – Grade 4","Use these free printable grade 4 measurement word problem worksheets for problem-solving practice. A matching answer key supports quick review in class or at home.","Yes","High"
"en/print/grade-skills/grade-4-measuring-and-drawing-angles-worksheet.html","Measuring and Drawing Angles Worksheets – Grade 4 | Googoodan","Measuring and Drawing Angles Worksheets – Grade 4 | Googoodan","grade 4 measuring and drawing angles worksheets","free printable measuring and drawing angles worksheets – grade 4; grade 4 measuring and drawing angles practice sheets with answer key; grade 4 measuring and drawing angles printable math practice","Measuring and Drawing Angles Worksheets – Grade 4","Practice grade 4 measuring and drawing angles with free printable worksheets. Each page includes a matching answer key for classroom lessons, tutoring, or homework.","No","Medium"
"en/print/grade-skills/grade-4-measuring-angles-worksheet.html","Measuring Angles Worksheets – Grade 4 | Googoodan","Measuring Angles Worksheets – Grade 4 | Googoodan","grade 4 measuring angles worksheets","free printable measuring angles worksheets – grade 4; grade 4 measuring angles practice sheets with answer key; grade 4 measuring angles printable math practice","Measuring Angles Worksheets – Grade 4","Practice grade 4 measuring angles with free printable worksheets. Each page includes a matching answer key for classroom lessons, tutoring, or homework.","No","Medium"
"en/print/grade-skills/grade-4-multi-digit-addition-and-subtraction-worksheet.html","Multi-Digit Addition and Subtraction – Grade 4 | Googoodan","Multi-Digit Addition and Subtraction Worksheets – Grade 4 | Googoodan","grade 4 multi-digit addition and subtraction worksheets","free printable multi-digit addition and subtraction worksheets – grade 4; grade 4 multi-digit addition and subtraction practice sheets with answer key; grade 4 multi-digit addition and subtraction printable math practice","Multi-Digit Addition and Subtraction Worksheets – Grade 4","Free printable grade 4 multi-digit addition and subtraction worksheets. Get fresh practice and a matching answer key for home or class.","Yes","Medium"
"en/print/grade-skills/grade-4-multi-digit-multiplication-practice-worksheet.html","Multi-Digit Multiplication Practice – Grade 4 | Googoodan","Multi-Digit Multiplication Practice Worksheets – Grade 4 | Googoodan","grade 4 multi-digit multiplication practice worksheets","free printable multi-digit multiplication practice worksheets – grade 4; grade 4 multi-digit multiplication practice practice sheets with answer key; grade 4 multi-digit multiplication practice printable math practice","Multi-Digit Multiplication Practice Worksheets – Grade 4","Free printable grade 4 multi-digit multiplication practice worksheets. Get fresh practice and a matching answer key for home or class.","Yes","Medium"
"en/print/grade-skills/grade-4-multi-digit-multiplication-worksheet.html","Multi-Digit Multiplication Worksheets – Grade 4 | Googoodan","Multi-Digit Multiplication Worksheets – Grade 4 | Googoodan","grade 4 multi-digit multiplication worksheets","free printable multi-digit multiplication worksheets – grade 4; grade 4 multi-digit multiplication practice sheets with answer key; grade 4 multi-digit multiplication printable math practice","Multi-Digit Multiplication Worksheets – Grade 4","Use these free printable grade 4 multi-digit multiplication worksheets for focused practice. The included answer key makes checking work simple at home or in class.","Yes","Medium"
"en/print/grade-skills/grade-4-multi-step-word-problems-worksheet.html","Multi-Step Word Problems Worksheets – Grade 4 | Googoodan","Multi-Step Word Problem Worksheets – Grade 4 | Googoodan","grade 4 multi-step word problem worksheets","free printable multi-step word problem worksheets – grade 4; grade 4 multi-step word problem practice sheets with answer key; grade 4 multi-step word problem printable math practice","Multi-Step Word Problem Worksheets – Grade 4","Use these free printable grade 4 multi-step word problem worksheets for problem-solving practice. A matching answer key supports quick review in class or at home.","Yes","High"
"en/print/grade-skills/grade-4-multiplicative-comparison-worksheet.html","Multiplicative Comparison Worksheets – Grade 4 | Googoodan","Multiplicative Comparison Worksheets – Grade 4 | Googoodan","grade 4 multiplicative comparison worksheets","free printable multiplicative comparison worksheets – grade 4; grade 4 multiplicative comparison practice sheets with answer key; grade 4 multiplicative comparison printable math practice","Multiplicative Comparison Worksheets – Grade 4","Practice grade 4 multiplicative comparison with free printable worksheets. Each page includes a matching answer key for classroom lessons, tutoring, or homework.","No","Medium"
"en/print/grade-skills/grade-4-multiplying-fractions-by-whole-numbers-worksheet.html","Multiplying Fractions by Whole Numbers – Grade 4 | Googoodan","Grade 4 Multiplying Fractions by Whole Numbers Worksheets | Googoodan","grade 4 multiplying fractions by whole numbers worksheets","free printable grade 4 multiplying fractions by whole numbers worksheets; grade 4 multiplying fractions by whole numbers practice sheets with answer key; grade 4 multiplying fractions by whole numbers printable math practice","Grade 4 Multiplying Fractions by Whole Numbers Worksheets","Free printable grade 4 multiplying fractions by whole numbers worksheets. Get fresh practice and a matching answer key for home or class.","No","Medium"
"en/print/grade-skills/grade-4-number-patterns-and-rules-worksheet.html","Number Patterns and Rules Worksheets – Grade 4 | Googoodan","Number Patterns and Rules Worksheets – Grade 4 | Googoodan","grade 4 number patterns and rules worksheets","free printable number patterns and rules worksheets – grade 4; grade 4 number patterns and rules practice sheets with answer key; grade 4 number patterns and rules printable math practice","Number Patterns and Rules Worksheets – Grade 4","Use these free printable grade 4 number patterns and rules worksheets for focused practice. The included answer key makes checking work simple at home or in class.","No","Medium"
"en/print/grade-skills/grade-4-place-value-times-10-worksheet.html","Place Value Times 10 Worksheets – Grade 4 | Googoodan","Place Value Times 10 Worksheets – Grade 4 | Googoodan","grade 4 place value times 10 worksheets","free printable place value times 10 worksheets – grade 4; grade 4 place value times 10 practice sheets with answer key; grade 4 place value times 10 printable math practice","Place Value Times 10 Worksheets – Grade 4","Use these free printable grade 4 place value times 10 worksheets for focused practice. The included answer key makes checking work simple at home or in class.","Yes","High"
"en/print/grade-skills/grade-4-place-value-to-1-000-000-worksheet.html","Place Value to 1,000,000 Worksheets – Grade 4 | Googoodan","Place Value to 1,000,000 Worksheets – Grade 4 | Googoodan","grade 4 place value to 1000000 worksheets","free printable place value to 1000000 worksheets – grade 4; grade 4 place value to 1000000 practice sheets with answer key; grade 4 place value to 1000000 printable math practice","Place Value to 1,000,000 Worksheets – Grade 4","Use these free printable grade 4 place value to 1,000,000 worksheets for focused practice. The included answer key makes checking work simple at home or in class.","Yes","High"
"en/print/grade-skills/grade-4-rounding-multi-digit-numbers-worksheet.html","Rounding Multi-Digit Numbers Worksheets – Grade 4 | Googoodan","Rounding Multi-Digit Numbers Worksheets – Grade 4 | Googoodan","grade 4 rounding multi-digit numbers worksheets","free printable rounding multi-digit numbers worksheets – grade 4; grade 4 rounding multi-digit numbers practice sheets with answer key; grade 4 rounding multi-digit numbers printable math practice","Rounding Multi-Digit Numbers Worksheets – Grade 4","Practice grade 4 rounding multi-digit numbers with free printable worksheets. Each page includes a matching answer key for classroom lessons, tutoring, or homework.","Yes","High"
"en/print/grade-skills/grade-4-subtracting-fractions-and-mixed-numbers-worksheet.html","Subtracting Fractions and Mixed Numbers – Grade 4 | Googoodan","Subtracting Fractions and Mixed Numbers Worksheets | Googoodan","subtracting fractions and mixed numbers worksheets","free printable subtracting fractions and mixed numbers worksheets; subtracting fractions and mixed numbers practice sheets with answer key; subtracting fractions and mixed numbers printable math practice","Subtracting Fractions and Mixed Numbers Worksheets","Free printable grade 4 subtracting fractions and mixed numbers worksheets. Get fresh practice and a matching answer key for home or class.","No","Medium"
"en/print/grade-skills/grade-4-tenths-and-hundredths-worksheet.html","Tenths and Hundredths Worksheets – Grade 4 | Googoodan","Tenths and Hundredths Worksheets – Grade 4 | Googoodan","grade 4 tenths and hundredths worksheets","free printable tenths and hundredths worksheets – grade 4; grade 4 tenths and hundredths practice sheets with answer key; grade 4 tenths and hundredths printable math practice","Tenths and Hundredths Worksheets – Grade 4","Use these free printable grade 4 tenths and hundredths worksheets for focused practice. The included answer key makes checking work simple at home or in class.","No","Medium"
"en/print/grade-skills/grade-5-adding-fractions-with-unlike-denominators-worksheet.html","Adding Fractions With Unlike Denominators – Grade 5 | Googoodan","Grade 5 Unlike-Denominator Fraction Addition Worksheets | Googoodan","grade 5 unlike-denominator fraction addition worksheets","free printable grade 5 unlike-denominator fraction addition worksheets; grade 5 unlike-denominator fraction addition practice sheets with answer key; grade 5 unlike-denominator fraction addition printable math practice","Grade 5 Unlike-Denominator Fraction Addition Worksheets","Free printable grade 5 unlike-denominator fraction addition worksheets. Get fresh practice and a matching answer key for home or class.","No","Medium"
"en/print/grade-skills/grade-5-area-with-fractional-side-lengths-worksheet.html","Area With Fractional Side Lengths – Grade 5 | Googoodan","Area With Fractional Side Lengths Worksheets – Grade 5 | Googoodan","grade 5 area with fractional side lengths worksheets","free printable area with fractional side lengths worksheets – grade 5; grade 5 area with fractional side lengths practice sheets with answer key; grade 5 area with fractional side lengths printable math practice","Area With Fractional Side Lengths Worksheets – Grade 5","Free printable grade 5 area with fractional side lengths worksheets. Get fresh practice and a matching answer key for home or class.","Yes","Medium"
"en/print/grade-skills/grade-5-classifying-shapes-in-a-hierarchy-worksheet.html","Classifying Shapes in a Hierarchy – Grade 5 | Googoodan","Classifying Shapes in a Hierarchy Worksheets – Grade 5 | Googoodan","grade 5 classifying shapes in a hierarchy worksheets","free printable classifying shapes in a hierarchy worksheets – grade 5; grade 5 classifying shapes in a hierarchy practice sheets with answer key; grade 5 classifying shapes in a hierarchy printable math practice","Classifying Shapes in a Hierarchy Worksheets – Grade 5","Free printable grade 5 classifying shapes in a hierarchy worksheets. Get fresh practice and a matching answer key for home or class.","No","Medium"
"en/print/grade-skills/grade-5-comparing-decimals-to-thousandths-worksheet.html","Comparing Decimals to Thousandths – Grade 5 | Googoodan","Comparing Decimals to Thousandths Worksheets – Grade 5 | Googoodan","grade 5 comparing decimals to thousandths worksheets","free printable comparing decimals to thousandths worksheets – grade 5; grade 5 comparing decimals to thousandths practice sheets with answer key; grade 5 comparing decimals to thousandths printable math practice","Comparing Decimals to Thousandths Worksheets – Grade 5","Free printable grade 5 comparing decimals to thousandths worksheets. Get fresh practice and a matching answer key for home or class.","No","Medium"
"en/print/grade-skills/grade-5-coordinate-plane-worksheet.html","Coordinate Plane Worksheets – Grade 5 | Googoodan","Coordinate Plane Worksheets – Grade 5 | Googoodan","grade 5 coordinate plane worksheets","free printable coordinate plane worksheets – grade 5; grade 5 coordinate plane practice sheets with answer key; grade 5 coordinate plane printable math practice","Coordinate Plane Worksheets – Grade 5","Free printable grade 5 coordinate plane worksheets provide ready-to-use practice. A matching answer key supports lessons, tutoring, homework, or independent work.","Yes","Medium"
"en/print/grade-skills/grade-5-decimal-operations-worksheet.html","Decimal Operations Worksheets – Grade 5 | Googoodan","Decimal Operations Worksheets – Grade 5 | Googoodan","grade 5 decimal operations worksheets","free printable decimal operations worksheets – grade 5; grade 5 decimal operations practice sheets with answer key; grade 5 decimal operations printable math practice","Decimal Operations Worksheets – Grade 5","Use these free printable grade 5 decimal operations worksheets for focused practice. The included answer key makes checking work simple at home or in class.","Yes","Medium"
"en/print/grade-skills/grade-5-decimal-place-value-and-expanded-form-worksheet.html","Decimal Place Value and Expanded Form – Grade 5 | Googoodan","Decimal Place Value and Expanded Form Worksheets – Grade 5 | Googoodan","grade 5 decimal place value expanded form worksheets","free printable decimal place value and expanded form worksheets – grade 5; grade 5 decimal place value expanded form practice sheets with answer key; grade 5 decimal place value expanded form printable math practice","Decimal Place Value and Expanded Form Worksheets – Grade 5","Free printable grade 5 decimal place value and expanded form worksheets. Get fresh practice and a matching answer key for home or class.","Yes","High"
"en/print/grade-skills/grade-5-dividing-decimals-worksheet.html","Dividing Decimals Worksheets – Grade 5 | Googoodan","Dividing Decimals Worksheets – Grade 5 | Googoodan","grade 5 dividing decimals worksheets","free printable dividing decimals worksheets – grade 5; grade 5 dividing decimals practice sheets with answer key; grade 5 dividing decimals printable math practice","Dividing Decimals Worksheets – Grade 5","Use these free printable grade 5 dividing decimals worksheets for focused practice. The included answer key makes checking work simple at home or in class.","No","Medium"
"en/print/grade-skills/grade-5-dividing-unit-fractions-worksheet.html","Dividing Unit Fractions Worksheets – Grade 5 | Googoodan","Dividing Unit Fractions Worksheets – Grade 5 | Googoodan","grade 5 dividing unit fractions worksheets","free printable dividing unit fractions worksheets – grade 5; grade 5 dividing unit fractions practice sheets with answer key; grade 5 dividing unit fractions printable math practice","Dividing Unit Fractions Worksheets – Grade 5","Use these free printable grade 5 dividing unit fractions worksheets for focused practice. The included answer key makes checking work simple at home or in class.","No","Medium"
"en/print/grade-skills/grade-5-dividing-with-unit-fractions-worksheet.html","Dividing With Unit Fractions Worksheets – Grade 5 | Googoodan","Grade 5 Dividing With Unit Fractions Worksheets | Googoodan","grade 5 dividing with unit fractions worksheets","free printable grade 5 dividing with unit fractions worksheets; grade 5 dividing with unit fractions practice sheets with answer key; grade 5 dividing with unit fractions printable math practice","Grade 5 Dividing With Unit Fractions Worksheets","Practice grade 5 dividing with unit fractions with free printable worksheets. Each page includes a matching answer key for classroom lessons, tutoring, or homework.","No","Medium"
"en/print/grade-skills/grade-5-evaluating-numerical-expressions-worksheet.html","Evaluating Numerical Expressions Worksheets – Grade 5 | Googoodan","Evaluating Numerical Expressions Worksheets – Grade 5 | Googoodan","grade 5 evaluating numerical expressions worksheets","free printable evaluating numerical expressions worksheets – grade 5; grade 5 evaluating numerical expressions practice sheets with answer key; grade 5 evaluating numerical expressions printable math practice","Evaluating Numerical Expressions Worksheets – Grade 5","Free printable grade 5 evaluating numerical expressions worksheets. Get fresh practice and a matching answer key for home or class.","No","Medium"
"en/print/grade-skills/grade-5-fraction-and-mixed-number-word-problems-worksheet.html","Fraction and Mixed Number Word Problems – Grade 5 | Googoodan","Fraction & Mixed Number Word Problem Worksheets – Grade 5 | Googoodan","fraction and mixed number word problem worksheets","free printable fraction and mixed number word problem worksheets – grade 5; fraction and mixed number word problem practice sheets with answer key; fraction and mixed number word problem printable math practice","Fraction & Mixed Number Word Problem Worksheets – Grade 5","Free printable grade 5 fraction & mixed number word problem worksheets. Get fresh practice and a matching answer key for home or class.","Yes","High"
"en/print/grade-skills/grade-5-fraction-line-plots-worksheet.html","Fraction Line Plots Worksheets – Grade 5 | Googoodan","Fraction Line Plots Worksheets – Grade 5 | Googoodan","grade 5 fraction line plots worksheets","free printable fraction line plots worksheets – grade 5; grade 5 fraction line plots practice sheets with answer key; grade 5 fraction line plots printable math practice","Fraction Line Plots Worksheets – Grade 5","Use these free printable grade 5 fraction line plots worksheets for focused practice. The included answer key makes checking work simple at home or in class.","No","Medium"
"en/print/grade-skills/grade-5-fraction-multiplication-as-scaling-worksheet.html","Fraction Multiplication as Scaling – Grade 5 | Googoodan","Fraction Multiplication as Scaling Worksheets – Grade 5 | Googoodan","grade 5 fraction multiplication as scaling worksheets","free printable fraction multiplication as scaling worksheets – grade 5; grade 5 fraction multiplication as scaling practice sheets with answer key; grade 5 fraction multiplication as scaling printable math practice","Fraction Multiplication as Scaling Worksheets – Grade 5","Free printable grade 5 fraction multiplication as scaling worksheets. Get fresh practice and a matching answer key for home or class.","Yes","Medium"
"en/print/grade-skills/grade-5-fraction-word-problems-and-estimation-worksheet.html","Fraction Word Problems and Estimation – Grade 5 | Googoodan","Fraction Word Problem Worksheets and Estimation – Grade 5 | Googoodan","fraction word problem worksheets and estimation grade 5","free printable fraction word problem worksheets and estimation – grade 5; fraction word problem and estimation grade 5 practice sheets with answer key; fraction word problem and estimation grade 5 printable math practice","Fraction Word Problem Worksheets and Estimation – Grade 5","Free printable grade 5 fraction word problem and estimation worksheets. Get fresh practice and a matching answer key for home or class.","Yes","High"
"en/print/grade-skills/grade-5-fractions-as-division-worksheet.html","Fractions as Division Worksheets – Grade 5 | Googoodan","Fractions as Division Worksheets – Grade 5 | Googoodan","grade 5 fractions as division worksheets","free printable fractions as division worksheets – grade 5; grade 5 fractions as division practice sheets with answer key; grade 5 fractions as division printable math practice","Fractions as Division Worksheets – Grade 5","Use these free printable grade 5 fractions as division worksheets for focused practice. The included answer key makes checking work simple at home or in class.","No","Medium"
"en/print/grade-skills/grade-5-long-division-with-two-digit-divisors-worksheet.html","Long Division With Two-Digit Divisors – Grade 5 | Googoodan","Grade 5 Long Division With 2 Digit Divisors Worksheets | Googoodan","grade 5 2 digit divisor long division worksheets","free printable grade 5 long division with 2 digit divisors worksheets; grade 5 2 digit divisor long division practice sheets with answer key; grade 5 2 digit divisor long division printable math practice","Grade 5 Long Division With 2 Digit Divisors Worksheets","Free printable grade 5 long division with 2 digit divisors worksheets. Get fresh practice and a matching answer key for home or class.","Yes","High"
"en/print/grade-skills/grade-5-measurement-conversions-worksheet.html","Measurement Conversions Worksheets – Grade 5 | Googoodan","Measurement Conversions Worksheets – Grade 5 | Googoodan","grade 5 measurement conversions worksheets","free printable measurement conversions worksheets – grade 5; grade 5 measurement conversions practice sheets with answer key; grade 5 measurement conversions printable math practice","Measurement Conversions Worksheets – Grade 5","Use these free printable grade 5 measurement conversions worksheets for focused practice. The included answer key makes checking work simple at home or in class.","Yes","Medium"
"en/print/grade-skills/grade-5-multi-digit-multiplication-worksheet.html","Multi-Digit Multiplication Worksheets – Grade 5 | Googoodan","Grade 5 Multi-Digit Multiplication Worksheets | Googoodan","grade 5 multi-digit multiplication worksheets","free printable grade 5 multi-digit multiplication worksheets; grade 5 multi-digit multiplication practice sheets with answer key; grade 5 multi-digit multiplication printable math practice","Grade 5 Multi-Digit Multiplication Worksheets","Use these free printable grade 5 multi-digit multiplication worksheets for focused practice. The included answer key makes checking work simple at home or in class.","Yes","Medium"
"en/print/grade-skills/grade-5-multiplying-decimals-worksheet.html","Multiplying Decimals Worksheets – Grade 5 | Googoodan","Multiplying Decimals Worksheets – Grade 5 | Googoodan","grade 5 multiplying decimals worksheets","free printable multiplying decimals worksheets – grade 5; grade 5 multiplying decimals practice sheets with answer key; grade 5 multiplying decimals printable math practice","Multiplying Decimals Worksheets – Grade 5","Use these free printable grade 5 multiplying decimals worksheets for focused practice. The included answer key makes checking work simple at home or in class.","No","Medium"
"en/print/grade-skills/grade-5-multiplying-fractions-worksheet.html","Multiplying Fractions Worksheets – Grade 5 | Googoodan","Multiplying Fractions Worksheets – Grade 5 | Googoodan","grade 5 multiplying fractions worksheets","free printable multiplying fractions worksheets – grade 5; grade 5 multiplying fractions practice sheets with answer key; grade 5 multiplying fractions printable math practice","Multiplying Fractions Worksheets – Grade 5","Use these free printable grade 5 multiplying fractions worksheets for focused practice. The included answer key makes checking work simple at home or in class.","No","Medium"
"en/print/grade-skills/grade-5-numerical-patterns-and-ordered-pairs-worksheet.html","Numerical Patterns and Ordered Pairs – Grade 5 | Googoodan","Numerical Patterns and Ordered Pairs Worksheets – Grade 5 | Googoodan","grade 5 numerical patterns and ordered pairs worksheets","free printable numerical patterns and ordered pairs worksheets – grade 5; grade 5 numerical patterns and ordered pairs practice sheets with answer key; grade 5 numerical patterns and ordered pairs printable math practice","Numerical Patterns and Ordered Pairs Worksheets – Grade 5","Free printable grade 5 numerical patterns and ordered pairs worksheets. Get fresh practice and a matching answer key for home or class.","No","Medium"
"en/print/grade-skills/grade-5-place-value-patterns-worksheet.html","Place Value Patterns Worksheets – Grade 5 | Googoodan","Place Value Patterns Worksheets – Grade 5 | Googoodan","grade 5 place value patterns worksheets","free printable place value patterns worksheets – grade 5; grade 5 place value patterns practice sheets with answer key; grade 5 place value patterns printable math practice","Place Value Patterns Worksheets – Grade 5","Use these free printable grade 5 place value patterns worksheets for focused practice. The included answer key makes checking work simple at home or in class.","Yes","High"
"en/print/grade-skills/grade-5-plotting-points-on-the-coordinate-plane-worksheet.html","Plotting Points on the Coordinate Plane – Grade 5 | Googoodan","Plotting Points on the Coordinate Plane Worksheets | Googoodan","plotting points on the coordinate plane worksheets","free printable plotting points on the coordinate plane worksheets; plotting points on the coordinate plane practice sheets with answer key; plotting points on the coordinate plane printable math practice","Plotting Points on the Coordinate Plane Worksheets","Free printable grade 5 plotting points on the coordinate plane worksheets. Get fresh practice and a matching answer key for home or class.","Yes","Medium"
"en/print/grade-skills/grade-5-powers-of-10-worksheet.html","Powers of 10 Worksheets – Grade 5 | Googoodan","Powers of 10 Worksheets – Grade 5 | Googoodan","grade 5 powers of 10 worksheets","free printable powers of 10 worksheets – grade 5; grade 5 powers of 10 practice sheets with answer key; grade 5 powers of 10 printable math practice","Powers of 10 Worksheets – Grade 5","Practice grade 5 powers of 10 with free printable worksheets. Each page includes a matching answer key for classroom lessons, tutoring, or homework.","No","Medium"
"en/print/grade-skills/grade-5-properties-of-two-dimensional-shapes-worksheet.html","Properties of Two-Dimensional Shapes – Grade 5 | Googoodan","Properties of Two-Dimensional Shapes Worksheets – Grade 5 | Googoodan","grade 5 properties of two-dimensional shapes worksheets","free printable properties of two-dimensional shapes worksheets – grade 5; grade 5 properties of two-dimensional shapes practice sheets with answer key; grade 5 properties of two-dimensional shapes printable math practice","Properties of Two-Dimensional Shapes Worksheets – Grade 5","Free printable grade 5 properties of two-dimensional shapes worksheets. Get fresh practice and a matching answer key for home or class.","No","Medium"
"en/print/grade-skills/grade-5-rounding-decimals-worksheet.html","Rounding Decimals Worksheets – Grade 5 | Googoodan","Rounding Decimals Worksheets – Grade 5 | Googoodan","grade 5 rounding decimals worksheets","free printable rounding decimals worksheets – grade 5; grade 5 rounding decimals practice sheets with answer key; grade 5 rounding decimals printable math practice","Rounding Decimals Worksheets – Grade 5","Use these free printable grade 5 rounding decimals worksheets for focused practice. The included answer key makes checking work simple at home or in class.","Yes","High"
"en/print/grade-skills/grade-5-subtracting-fractions-and-mixed-numbers-worksheet.html","Subtracting Fractions and Mixed Numbers – Grade 5 | Googoodan","Grade 5 Subtracting Fractions and Mixed Numbers Worksheets | Googoodan","grade 5 subtracting fractions and mixed numbers worksheets","free printable grade 5 subtracting fractions and mixed numbers worksheets; grade 5 subtracting fractions and mixed numbers practice sheets with answer key; grade 5 subtracting fractions and mixed numbers printable math practice","Grade 5 Subtracting Fractions and Mixed Numbers Worksheets","Free printable grade 5 subtracting fractions and mixed numbers worksheets. Get fresh practice and a matching answer key for home or class.","No","Medium"
"en/print/grade-skills/grade-5-volume-of-composite-rectangular-prisms-worksheet.html","Volume of Composite Rectangular Prisms – Grade 5 | Googoodan","Composite Rectangular Prism Volume Worksheets – Grade 5 | Googoodan","grade 5 composite rectangular prism volume worksheets","free printable composite rectangular prism volume worksheets – grade 5; grade 5 composite rectangular prism volume practice sheets with answer key; grade 5 composite rectangular prism volume printable math practice","Composite Rectangular Prism Volume Worksheets – Grade 5","Free printable grade 5 composite rectangular prism volume worksheets. Get fresh practice and a matching answer key for home or class.","Yes","Medium"
"en/print/grade-skills/grade-5-volume-with-unit-cubes-worksheet.html","Volume With Unit Cubes Worksheets – Grade 5 | Googoodan","Volume With Unit Cubes Worksheets – Grade 5 | Googoodan","grade 5 volume with unit cubes worksheets","free printable volume with unit cubes worksheets – grade 5; grade 5 volume with unit cubes practice sheets with answer key; grade 5 volume with unit cubes printable math practice","Volume With Unit Cubes Worksheets – Grade 5","Use these free printable grade 5 volume with unit cubes worksheets for focused practice. The included answer key makes checking work simple at home or in class.","Yes","Medium"
"en/print/grade-skills/grade-5-volume-worksheet.html","Volume Worksheets – Grade 5 | Googoodan","Volume Worksheets – Grade 5 | Googoodan","grade 5 volume worksheets","free printable volume worksheets – grade 5; grade 5 volume practice sheets with answer key; grade 5 volume printable math practice","Volume Worksheets – Grade 5","Use these free printable grade 5 volume worksheets for focused practice. The included answer key makes checking work simple at home or in class.","Yes","Medium"
"en/print/grade-skills/grade-5-writing-numerical-expressions-worksheet.html","Writing Numerical Expressions Worksheets – Grade 5 | Googoodan","Writing Numerical Expressions Worksheets – Grade 5 | Googoodan","grade 5 writing numerical expressions worksheets","free printable writing numerical expressions worksheets – grade 5; grade 5 writing numerical expressions practice sheets with answer key; grade 5 writing numerical expressions printable math practice","Writing Numerical Expressions Worksheets – Grade 5","Practice grade 5 writing numerical expressions with free printable worksheets. Each page includes a matching answer key for classroom lessons, tutoring, or homework.","No","Medium"
"en/print/hands-on/addition-facts-to-twenty-maze.html","Addition Facts to 20 Math Maze Worksheets | Googoodan","Addition Facts to 20 Math Maze Worksheets | Googoodan","addition facts to 20 math maze worksheets","free printable addition facts to 20 math maze worksheets; addition facts to 20 math maze practice sheets with answer key; addition facts to 20 math maze printable math practice","Addition Facts to 20 Math Maze Worksheets","Free printable addition facts to 20 math maze worksheets turn the skill into hands-on practice. A matching answer key supports lessons, centers, or learning at home.","No","Medium"
"en/print/hands-on/addition-maze-within-ten.html","Addition Maze Worksheets Within 10 | Googoodan","Addition Maze Worksheets Within 10 | Googoodan","addition maze worksheets within 10","free printable addition maze worksheets within 10; addition maze within 10 practice sheets with answer key; addition maze within 10 printable math practice","Addition Maze Worksheets Within 10","Use these free printable addition maze within 10 worksheets for visual, hands-on practice. The included answer key makes checking work quick and clear.","No","Medium"
"en/print/hands-on/addition-number-line-shown-jumps.html","Addition on a Number Line with Jumps Worksheets | Googoodan","Addition on a Number Line with Jumps Worksheets | Googoodan","addition on a number line with jumps worksheets","free printable addition on a number line with jumps worksheets; addition on a number line with jumps practice sheets with answer key; addition on a number line with jumps printable math practice","Addition on a Number Line with Jumps Worksheets","Use these free printable addition on a number line with jumps worksheets for visual, hands-on practice. The included answer key makes checking work quick and clear.","No","Medium"
"en/print/hands-on/addition-subtraction-fact-families.html","Addition and Subtraction Fact Family Worksheets | Googoodan","Addition and Subtraction Fact Family Worksheets | Googoodan","addition and subtraction fact family worksheets","free printable addition and subtraction fact family worksheets; addition and subtraction fact family practice sheets with answer key; addition and subtraction fact family printable math practice","Addition and Subtraction Fact Family Worksheets","Try free printable addition and subtraction fact family worksheets for active math practice. Each activity includes a matching answer key for home or classroom use.","No","Medium"
"en/print/hands-on/build-numbers-base-ten-blocks.html","Build Numbers with Base Ten Blocks Worksheets | Googoodan","Build Numbers with Base Ten Blocks Worksheets | Googoodan","build numbers with base ten blocks worksheets","free printable build numbers with base ten blocks worksheets; build numbers with base ten blocks practice sheets with answer key; build numbers with base ten blocks printable math practice","Build Numbers with Base Ten Blocks Worksheets","Try free printable build numbers with base ten blocks worksheets for active math practice. Each activity includes a matching answer key for home or classroom use.","No","Medium"
"en/print/hands-on/color-even-numbers.html","Color the Even Numbers Worksheets | Googoodan","Color the Even Numbers Worksheets | Googoodan","color the even numbers worksheets","free printable color the even numbers worksheets; color the even numbers practice sheets with answer key; color the even numbers printable math practice","Color the Even Numbers Worksheets","Free printable color the even numbers worksheets turn the skill into hands-on practice. A matching answer key supports lessons, centers, or learning at home.","No","Medium"
"en/print/hands-on/color-odd-numbers.html","Color the Odd Numbers Worksheets | Googoodan","Color the Odd Numbers Worksheets | Googoodan","color the odd numbers worksheets","free printable color the odd numbers worksheets; color the odd numbers practice sheets with answer key; color the odd numbers printable math practice","Color the Odd Numbers Worksheets","Try free printable color the odd numbers worksheets for active math practice. Each activity includes a matching answer key for home or classroom use.","No","Medium"
"en/print/hands-on/combine-shapes-new-shapes.html","Combine Shapes to Make New Shapes Worksheets | Googoodan","Combine Shapes to Make New Shapes Worksheets | Googoodan","combine shapes to make new shapes worksheets","free printable combine shapes to make new shapes worksheets; combine shapes to make new shapes practice sheets with answer key; combine shapes to make new shapes printable math practice","Combine Shapes to Make New Shapes Worksheets","Try free printable combine shapes to make new shapes worksheets for active math practice. Each activity includes a matching answer key for home or classroom use.","No","Medium"
"en/print/hands-on/compare-lengths-first-grade.html","Compare Lengths Worksheets for 1st Grade | Googoodan","Compare Lengths Worksheets – Grade 1 | Googoodan","grade 1 compare lengths worksheets","free printable compare lengths worksheets – grade 1; grade 1 compare lengths practice sheets with answer key; grade 1 compare lengths printable math practice","Compare Lengths Worksheets – Grade 1","Use these free printable grade 1 compare lengths worksheets for visual, hands-on practice. The included answer key makes checking work quick and clear.","No","Medium"
"en/print/hands-on/complete-repeating-patterns.html","Complete the Repeating Pattern Worksheets | Googoodan","Complete the Repeating Pattern Worksheets | Googoodan","complete the repeating pattern worksheets","free printable complete the repeating pattern worksheets; complete the repeating pattern practice sheets with answer key; complete the repeating pattern printable math practice","Complete the Repeating Pattern Worksheets","Free printable complete the repeating pattern worksheets turn the skill into hands-on practice. A matching answer key supports lessons, centers, or learning at home.","No","Medium"
"en/print/hands-on/count-and-trace-numbers.html","Count and Trace Numbers Worksheets | Googoodan","Count and Trace Numbers Worksheets | Googoodan","count and trace numbers worksheets","free printable count and trace numbers worksheets; count and trace numbers practice sheets with answer key; count and trace numbers printable math practice","Count and Trace Numbers Worksheets","Try free printable count and trace numbers worksheets for active math practice. Each activity includes a matching answer key for home or classroom use.","No","Medium"
"en/print/hands-on/create-picture-graphs.html","Create Picture Graphs Worksheets | Googoodan","Create Picture Graphs Worksheets | Googoodan","create picture graphs worksheets","free printable create picture graphs worksheets; create picture graphs practice sheets with answer key; create picture graphs printable math practice","Create Picture Graphs Worksheets","Try free printable create picture graphs worksheets for active math practice. Each activity includes a matching answer key for home or classroom use.","No","Medium"
"en/print/hands-on/draw-clock-hands-five-minutes.html","Draw Clock Hands Worksheets to 5 Minutes | Googoodan","Draw Clock Hands Worksheets to 5 Minutes | Googoodan","draw clock hands worksheets to 5 minutes","free printable draw clock hands worksheets to 5 minutes; draw clock hands to 5 minutes practice sheets with answer key; draw clock hands to 5 minutes printable math practice","Draw Clock Hands Worksheets to 5 Minutes","Try free printable draw clock hands to 5 minutes worksheets for active math practice. Each activity includes a matching answer key for home or classroom use.","No","Medium"
"en/print/hands-on/draw-jumps-number-line-addition.html","Draw Jumps to Add on a Number Line Worksheets | Googoodan","Draw Jumps to Add on a Number Line Worksheets | Googoodan","draw jumps number line addition worksheets","free printable draw jumps to add on a number line worksheets; draw jumps number line addition practice sheets with answer key; draw jumps number line addition printable math practice","Draw Jumps to Add on a Number Line Worksheets","Try free printable draw jumps to add on a number line worksheets for active math practice. Each activity includes a matching answer key for home or classroom use.","No","Medium"
"en/print/hands-on/draw-jumps-number-line-subtraction.html","Draw Jumps to Subtract on a Number Line Worksheets | Googoodan","Draw Jumps to Subtract on a Number Line Worksheets | Googoodan","draw jumps number line subtraction worksheets","free printable draw jumps to subtract on a number line worksheets; draw jumps number line subtraction practice sheets with answer key; draw jumps number line subtraction printable math practice","Draw Jumps to Subtract on a Number Line Worksheets","Free printable draw jumps to subtract on a number line worksheets. Get fresh practice and a matching answer key for home or class.","No","Medium"
"en/print/hands-on/draw-missing-part-number-bonds.html","Draw the Missing Part Number Bond Worksheets | Googoodan","Draw the Missing Part Number Bond Worksheets | Googoodan","draw the missing part number bond worksheets","free printable draw the missing part number bond worksheets; draw the missing part number bond practice sheets with answer key; draw the missing part number bond printable math practice","Draw the Missing Part Number Bond Worksheets","Use free printable draw the missing part number bond worksheets for targeted practice. A matching answer key makes it easy to check work during lessons or at home.","No","Medium"
"en/print/hands-on/equal-groups-second-grade.html","Equal Groups Worksheets for 2nd Grade | Googoodan","Equal Groups Worksheets – Grade 2 | Googoodan","grade 2 equal groups worksheets","free printable equal groups worksheets – grade 2; grade 2 equal groups practice sheets with answer key; grade 2 equal groups printable math practice","Equal Groups Worksheets – Grade 2","Use these free printable grade 2 equal groups worksheets for visual, hands-on practice. The included answer key makes checking work quick and clear.","No","Medium"
"en/print/hands-on/find-and-circle-shapes.html","Find and Circle Shapes Worksheets | Googoodan","Find and Circle Shapes Worksheets | Googoodan","find and circle shapes worksheets","free printable find and circle shapes worksheets; find and circle shapes practice sheets with answer key; find and circle shapes printable math practice","Find and Circle Shapes Worksheets","Try free printable find and circle shapes worksheets for active math practice. Each activity includes a matching answer key for home or classroom use.","No","Medium"
"en/print/hands-on/find-pattern-errors.html","Find the Pattern Error Worksheets | Googoodan","Find the Pattern Error Worksheets | Googoodan","find the pattern error worksheets","free printable find the pattern error worksheets; find the pattern error practice sheets with answer key; find the pattern error printable math practice","Find the Pattern Error Worksheets","Free printable find the pattern error worksheets turn the skill into hands-on practice. A matching answer key supports lessons, centers, or learning at home.","No","Medium"
"en/print/hands-on/find-value-us-coins.html","Find the Value of US Coins Worksheets | Googoodan","Find the Value of US Coins Worksheets | Googoodan","find the value of us coins worksheets","free printable find the value of us coins worksheets; find the value of us coins practice sheets with answer key; find the value of us coins printable math practice","Find the Value of US Coins Worksheets","Free printable find the value of us coins worksheets turn the skill into hands-on practice. A matching answer key supports lessons, centers, or learning at home.","No","Medium"
"en/print/hands-on/fix-equations-first-grade.html","Fix the Equation Worksheets for 1st Grade | Googoodan","Fix the Equation Worksheets – Grade 1 | Googoodan","grade 1 fix the equation worksheets","free printable fix the equation worksheets – grade 1; grade 1 fix the equation practice sheets with answer key; grade 1 fix the equation printable math practice","Fix the Equation Worksheets – Grade 1","Try free printable grade 1 fix the equation worksheets for active math practice. Each activity includes a matching answer key for home or classroom use.","Yes","Medium"
"en/print/hands-on/hundreds-chart-skip-counting-by-10.html","Hundreds Chart Skip Counting by 10 Worksheets | Googoodan","Hundreds Chart Skip Counting by 10 Worksheets | Googoodan","hundreds chart skip counting by 10 worksheets","free printable hundreds chart skip counting by 10 worksheets; hundreds chart skip counting by 10 practice sheets with answer key; hundreds chart skip counting by 10 printable math practice","Hundreds Chart Skip Counting by 10 Worksheets","Use these free printable hundreds chart skip counting by 10 worksheets for visual, hands-on practice. The included answer key makes checking work quick and clear.","No","Medium"
"en/print/hands-on/hundreds-chart-skip-counting-by-2.html","Hundreds Chart Skip Counting by 2 Worksheets | Googoodan","Hundreds Chart Skip Counting by 2 Worksheets | Googoodan","hundreds chart skip counting by 2 worksheets","free printable hundreds chart skip counting by 2 worksheets; hundreds chart skip counting by 2 practice sheets with answer key; hundreds chart skip counting by 2 printable math practice","Hundreds Chart Skip Counting by 2 Worksheets","Use these free printable hundreds chart skip counting by 2 worksheets for visual, hands-on practice. The included answer key makes checking work quick and clear.","No","Medium"
"en/print/hands-on/hundreds-chart-skip-counting-by-5.html","Hundreds Chart Skip Counting by 5 Worksheets | Googoodan","Hundreds Chart Skip Counting by 5 Worksheets | Googoodan","hundreds chart skip counting by 5 worksheets","free printable hundreds chart skip counting by 5 worksheets; hundreds chart skip counting by 5 practice sheets with answer key; hundreds chart skip counting by 5 printable math practice","Hundreds Chart Skip Counting by 5 Worksheets","Use these free printable hundreds chart skip counting by 5 worksheets for visual, hands-on practice. The included answer key makes checking work quick and clear.","No","Medium"
"en/print/hands-on/make-amount-us-coins.html","Make an Amount with US Coins Worksheets | Googoodan","Make an Amount with US Coins Worksheets | Googoodan","make an amount with us coins worksheets","free printable make an amount with us coins worksheets; make an amount with us coins practice sheets with answer key; make an amount with us coins printable math practice","Make an Amount with US Coins Worksheets","Use these free printable make an amount with us coins worksheets for visual, hands-on practice. The included answer key makes checking work quick and clear.","No","Medium"
"en/print/hands-on/match-picture-quantities-numbers.html","Match Picture Quantities to Numbers Worksheets | Googoodan","Match Picture Quantities to Numbers Worksheets | Googoodan","match picture quantities to numbers worksheets","free printable match picture quantities to numbers worksheets; match picture quantities to numbers practice sheets with answer key; match picture quantities to numbers printable math practice","Match Picture Quantities to Numbers Worksheets","Use these free printable match picture quantities to numbers worksheets for visual, hands-on practice. The included answer key makes checking work quick and clear.","No","Medium"
"en/print/hands-on/match-ten-frames-numbers.html","Match Ten Frames to Numbers Worksheets | Googoodan","Match Ten Frames to Numbers Worksheets | Googoodan","match ten frames to numbers worksheets","free printable match ten frames to numbers worksheets; match ten frames to numbers practice sheets with answer key; match ten frames to numbers printable math practice","Match Ten Frames to Numbers Worksheets","Free printable match ten frames to numbers worksheets turn the skill into hands-on practice. A matching answer key supports lessons, centers, or learning at home.","No","Medium"
"en/print/hands-on/measure-length-unit-cubes.html","Measure Length with Cubes Worksheets | Googoodan","Measure Length with Cubes Worksheets | Googoodan","measure length with cubes worksheets","free printable measure length with cubes worksheets; measure length with cubes practice sheets with answer key; measure length with cubes printable math practice","Measure Length with Cubes Worksheets","Use these free printable measure length with cubes worksheets for visual, hands-on practice. The included answer key makes checking work quick and clear.","No","Medium"
"en/print/hands-on/missing-addends-first-grade.html","Missing Addend Worksheets for 1st Grade | Googoodan","Missing Addend Worksheets – Grade 1 | Googoodan","grade 1 missing addend worksheets","free printable missing addend worksheets – grade 1; grade 1 missing addend practice sheets with answer key; grade 1 missing addend printable math practice","Missing Addend Worksheets – Grade 1","Use free printable grade 1 missing addend worksheets for targeted practice. A matching answer key makes it easy to check work during lessons or at home.","No","Medium"
"en/print/hands-on/missing-number-fact-family-houses.html","Missing Number Fact Family House Worksheets | Googoodan","Missing Number Fact Family House Worksheets | Googoodan","missing number fact family house worksheets","free printable missing number fact family house worksheets; missing number fact family house practice sheets with answer key; missing number fact family house printable math practice","Missing Number Fact Family House Worksheets","Use free printable missing number fact family house worksheets for targeted practice. A matching answer key makes it easy to check work during lessons or at home.","No","Low"
"en/print/hands-on/missing-part-number-bonds.html","Missing Part Number Bond Worksheets | Googoodan","Missing Part Number Bond Worksheets | Googoodan","missing part number bond worksheets","free printable missing part number bond worksheets; missing part number bond practice sheets with answer key; missing part number bond printable math practice","Missing Part Number Bond Worksheets","Use free printable missing part number bond worksheets for targeted practice. A matching answer key makes it easy to check work during lessons or at home.","No","Medium"
"en/print/hands-on/missing-start-number-addition.html","Missing Start Number Addition Worksheets | Googoodan","Missing Start Number Addition Worksheets | Googoodan","missing start number addition worksheets","free printable missing start number addition worksheets; missing start number addition practice sheets with answer key; missing start number addition printable math practice","Missing Start Number Addition Worksheets","Use these free printable missing start number addition worksheets for visual, hands-on practice. The included answer key makes checking work quick and clear.","No","Medium"
"en/print/hands-on/missing-subtrahends-first-grade.html","Missing Subtrahend Worksheets for 1st Grade | Googoodan","Missing Subtrahend Worksheets – Grade 1 | Googoodan","grade 1 missing subtrahend worksheets","free printable missing subtrahend worksheets – grade 1; grade 1 missing subtrahend practice sheets with answer key; grade 1 missing subtrahend printable math practice","Missing Subtrahend Worksheets – Grade 1","Try free printable grade 1 missing subtrahend worksheets for active math practice. Each activity includes a matching answer key for home or classroom use.","No","Medium"
"en/print/hands-on/name-shaded-fractions.html","Name the Shaded Fraction Worksheets | Googoodan","Name the Shaded Fraction Worksheets | Googoodan","name the shaded fraction worksheets","free printable name the shaded fraction worksheets; name the shaded fraction practice sheets with answer key; name the shaded fraction printable math practice","Name the Shaded Fraction Worksheets","Try free printable name the shaded fraction worksheets for active math practice. Each activity includes a matching answer key for home or classroom use.","No","Medium"
"en/print/hands-on/number-dot-to-dot-one-to-ten.html","Number Dot to Dot 1 to 10 Worksheets | Googoodan","Number Dot to Dot 1 to 10 Worksheets | Googoodan","number dot to dot 1 to 10 worksheets","free printable number dot to dot 1 to 10 worksheets; number dot to dot 1 to 10 practice sheets with answer key; number dot to dot 1 to 10 printable math practice","Number Dot to Dot 1 to 10 Worksheets","Use these free printable number dot to dot 1 to 10 worksheets for visual, hands-on practice. The included answer key makes checking work quick and clear.","No","Medium"
"en/print/hands-on/number-dot-to-dot-one-to-twenty.html","Number Dot to Dot 1 to 20 Worksheets | Googoodan","Number Dot to Dot 1 to 20 Worksheets | Googoodan","number dot to dot 1 to 20 worksheets","free printable number dot to dot 1 to 20 worksheets; number dot to dot 1 to 20 practice sheets with answer key; number dot to dot 1 to 20 printable math practice","Number Dot to Dot 1 to 20 Worksheets","Try free printable number dot to dot 1 to 20 worksheets for active math practice. Each activity includes a matching answer key for home or classroom use.","No","Medium"
"en/print/hands-on/read-answer-picture-graphs.html","Read and Answer Picture Graph Worksheets | Googoodan","Read and Answer Picture Graph Worksheets | Googoodan","read and answer picture graph worksheets","free printable read and answer picture graph worksheets; read and answer picture graph practice sheets with answer key; read and answer picture graph printable math practice","Read and Answer Picture Graph Worksheets","Free printable read and answer picture graph worksheets turn the skill into hands-on practice. A matching answer key supports lessons, centers, or learning at home.","No","Medium"
"en/print/hands-on/read-base-ten-blocks.html","Read Base Ten Blocks Worksheets | Googoodan","Read Base Ten Blocks Worksheets | Googoodan","read base ten blocks worksheets","free printable read base ten blocks worksheets; read base ten blocks practice sheets with answer key; read base ten blocks printable math practice","Read Base Ten Blocks Worksheets","Free printable read base ten blocks worksheets turn the skill into hands-on practice. A matching answer key supports lessons, centers, or learning at home.","No","Medium"
"en/print/hands-on/read-clocks-five-minutes.html","Read Clock Worksheets to 5 Minutes | Googoodan","Read Clock Worksheets to 5 Minutes | Googoodan","read clock worksheets to 5 minutes","free printable read clock worksheets to 5 minutes; read clock to 5 minutes practice sheets with answer key; read clock to 5 minutes printable math practice","Read Clock Worksheets to 5 Minutes","Try free printable read clock to 5 minutes worksheets for active math practice. Each activity includes a matching answer key for home or classroom use.","No","Medium"
"en/print/hands-on/read-tally-marks.html","Read Tally Marks Worksheets | Googoodan","Read Tally Marks Worksheets | Googoodan","read tally marks worksheets","free printable read tally marks worksheets; read tally marks practice sheets with answer key; read tally marks printable math practice","Read Tally Marks Worksheets","Free printable read tally marks worksheets turn the skill into hands-on practice. A matching answer key supports lessons, centers, or learning at home.","No","Medium"
"en/print/hands-on/rows-columns-arrays-second-grade.html","Rows and Columns Array Worksheets for 2nd Grade | Googoodan","Rows and Columns Array Worksheets – Grade 2 | Googoodan","grade 2 rows and columns array worksheets","free printable rows and columns array worksheets – grade 2; grade 2 rows and columns array practice sheets with answer key; grade 2 rows and columns array printable math practice","Rows and Columns Array Worksheets – Grade 2","Free printable grade 2 rows and columns array worksheets turn the skill into hands-on practice. A matching answer key supports lessons, centers, or learning at home.","No","Medium"
"en/print/hands-on/shade-fractions-equal-parts.html","Shade Fractions Worksheets for 1st and 2nd Grade | Googoodan","Shade Fractions Worksheets for 1st and 2nd Grade | Googoodan","shade fractions worksheets for 1st and 2nd grade","free printable shade fractions worksheets for 1st and 2nd grade; shade fractions for 1st and 2nd grade practice sheets with answer key; shade fractions for 1st and 2nd grade printable math practice","Shade Fractions Worksheets for 1st and 2nd Grade","Use these free printable shade fractions for 1st and 2nd grade worksheets for visual, hands-on practice. The included answer key makes checking work quick and clear.","No","Medium"
"en/print/hands-on/shape-composition-puzzles.html","Shape Composition Puzzle Worksheets | Googoodan","Shape Composition Puzzle Worksheets | Googoodan","shape composition puzzle worksheets","free printable shape composition puzzle worksheets; shape composition puzzle practice sheets with answer key; shape composition puzzle printable math practice","Shape Composition Puzzle Worksheets","Try free printable shape composition puzzle worksheets for active math practice. Each activity includes a matching answer key for home or classroom use.","No","Medium"
"en/print/hands-on/skip-counting-by-fives-paths.html","Skip Counting by 5s Path Worksheets | Googoodan","Skip Counting by 5s Path Worksheets | Googoodan","skip counting by 5s path worksheets","free printable skip counting by 5s path worksheets; skip counting by 5s path practice sheets with answer key; skip counting by 5s path printable math practice","Skip Counting by 5s Path Worksheets","Try free printable skip counting by 5s path worksheets for active math practice. Each activity includes a matching answer key for home or classroom use.","No","Medium"
"en/print/hands-on/skip-counting-by-tens-paths.html","Skip Counting by 10s Path Worksheets | Googoodan","Skip Counting by 10s Path Worksheets | Googoodan","skip counting by 10s path worksheets","free printable skip counting by 10s path worksheets; skip counting by 10s path practice sheets with answer key; skip counting by 10s path printable math practice","Skip Counting by 10s Path Worksheets","Free printable skip counting by 10s path worksheets turn the skill into hands-on practice. A matching answer key supports lessons, centers, or learning at home.","No","Medium"
"en/print/hands-on/skip-counting-by-twos-paths.html","Skip Counting by 2s Path Worksheets | Googoodan","Skip Counting by 2s Path Worksheets | Googoodan","skip counting by 2s path worksheets","free printable skip counting by 2s path worksheets; skip counting by 2s path practice sheets with answer key; skip counting by 2s path printable math practice","Skip Counting by 2s Path Worksheets","Try free printable skip counting by 2s path worksheets for active math practice. Each activity includes a matching answer key for home or classroom use.","No","Medium"
"en/print/hands-on/sort-shapes-by-sides.html","Sort Shapes by Number of Sides Worksheets | Googoodan","Sort Shapes by Number of Sides Worksheets | Googoodan","sort shapes by number of sides worksheets","free printable sort shapes by number of sides worksheets; sort shapes by number of sides practice sheets with answer key; sort shapes by number of sides printable math practice","Sort Shapes by Number of Sides Worksheets","Try free printable sort shapes by number of sides worksheets for active math practice. Each activity includes a matching answer key for home or classroom use.","No","Medium"
"en/print/hands-on/subtraction-number-line-shown-jumps.html","Subtraction on a Number Line with Jumps Worksheets | Googoodan","Subtraction on a Number Line with Jumps Worksheets | Googoodan","subtraction on a number line with jumps worksheets","free printable subtraction on a number line with jumps worksheets; subtraction on a number line with jumps practice sheets with answer key; subtraction on a number line with jumps printable math practice","Subtraction on a Number Line with Jumps Worksheets","Free printable subtraction on a number line with jumps worksheets. Get fresh practice and a matching answer key for home or class.","No","Medium"
"en/print/hands-on/trace-numbers-zero-to-twenty.html","Trace Numbers 0 to 20 Worksheets | Googoodan","Trace Numbers 0 to 20 Worksheets | Googoodan","trace numbers 0 to 20 worksheets","free printable trace numbers 0 to 20 worksheets; trace numbers 0 to 20 practice sheets with answer key; trace numbers 0 to 20 printable math practice","Trace Numbers 0 to 20 Worksheets","Free printable trace numbers 0 to 20 worksheets turn the skill into hands-on practice. A matching answer key supports lessons, centers, or learning at home.","No","Medium"
"en/print/hands-on/true-false-equations-first-grade.html","True or False Addition and Subtraction Worksheets | Googoodan","True or False Addition and Subtraction Worksheets | Googoodan","true or false addition and subtraction worksheets","free printable true or false addition and subtraction worksheets; true or false addition and subtraction practice sheets with answer key; true or false addition and subtraction printable math practice","True or False Addition and Subtraction Worksheets","Free printable true or false addition and subtraction worksheets. Get fresh practice and a matching answer key for home or class.","Yes","Medium"
"en/print/hands-on/write-tally-marks.html","Write Tally Marks Worksheets | Googoodan","Write Tally Marks Worksheets | Googoodan","write tally marks worksheets","free printable write tally marks worksheets; write tally marks practice sheets with answer key; write tally marks printable math practice","Write Tally Marks Worksheets","Use these free printable write tally marks worksheets for visual, hands-on practice. The included answer key makes checking work quick and clear.","No","Medium"
"en/print/k-add-number-sentences-to-10.html","Addition Sentences to 10 Kindergarten Worksheets | Googoodan","Kindergarten Addition Sentences to 10 Worksheets | Googoodan","kindergarten addition sentences to 10 worksheets","free printable kindergarten addition sentences to 10 worksheets; kindergarten addition sentences to 10 practice sheets with answer key; kindergarten addition sentences to 10 printable math practice","Kindergarten Addition Sentences to 10 Worksheets","Free printable kindergarten addition sentences to 10 worksheets. Get fresh practice and a matching answer key for home or class.","No","Medium"
"en/print/k-add-number-sentences-to-5.html","Addition Sentences to 5 Kindergarten Worksheets | Googoodan","Kindergarten Addition Sentences to 5 Worksheets | Googoodan","kindergarten addition sentences to 5 worksheets","free printable kindergarten addition sentences to 5 worksheets; kindergarten addition sentences to 5 practice sheets with answer key; kindergarten addition sentences to 5 printable math practice","Kindergarten Addition Sentences to 5 Worksheets","Free printable kindergarten addition sentences to 5 worksheets. Get fresh practice and a matching answer key for home or class.","No","Medium"
"en/print/k-addition-adventure.html","Addition Adventure Kindergarten Worksheets | Googoodan","Kindergarten Addition Adventure Worksheets | Googoodan","kindergarten addition adventure worksheets","free printable kindergarten addition adventure worksheets; kindergarten addition adventure practice sheets with answer key; kindergarten addition adventure printable math practice","Kindergarten Addition Adventure Worksheets","Free printable kindergarten addition adventure worksheets support grade-level practice. A matching answer key makes them useful for classwork, homework, or tutoring.","No","Medium"
"en/print/k-break-apart-5.html","Break Apart 5 Kindergarten Worksheets | Googoodan","Kindergarten Break Apart 5 Worksheets | Googoodan","kindergarten break apart 5 worksheets","free printable kindergarten break apart 5 worksheets; kindergarten break apart 5 practice sheets with answer key; kindergarten break apart 5 printable math practice","Kindergarten Break Apart 5 Worksheets","Use these free printable kindergarten break apart 5 worksheets for focused grade-level practice. Each page includes a matching answer key for quick checking.","No","Medium"
"en/print/k-break-apart-teen-numbers.html","Break Apart Teen Numbers Kindergarten Worksheets | Googoodan","Kindergarten Break Apart Teen Numbers Worksheets | Googoodan","kindergarten break apart teen numbers worksheets","free printable kindergarten break apart teen numbers worksheets; kindergarten break apart teen numbers practice sheets with answer key; kindergarten break apart teen numbers printable math practice","Kindergarten Break Apart Teen Numbers Worksheets","Free printable kindergarten break apart teen numbers worksheets. Get fresh practice and a matching answer key for home or class.","No","Medium"
"en/print/k-build-a-teen-number.html","Build a Teen Number Kindergarten Worksheets | Googoodan","Kindergarten Build a Teen Number Worksheets | Googoodan","kindergarten build a teen number worksheets","free printable kindergarten build a teen number worksheets; kindergarten build a teen number practice sheets with answer key; kindergarten build a teen number printable math practice","Kindergarten Build a Teen Number Worksheets","Use these free printable kindergarten build a teen number worksheets for focused grade-level practice. Each page includes a matching answer key for quick checking.","No","Medium"
"en/print/k-build-with-shapes.html","Build with Shapes Kindergarten Worksheets | Googoodan","Kindergarten Build with Shapes Worksheets | Googoodan","kindergarten build with shapes worksheets","free printable kindergarten build with shapes worksheets; kindergarten build with shapes practice sheets with answer key; kindergarten build with shapes printable math practice","Kindergarten Build with Shapes Worksheets","Free printable kindergarten build with shapes worksheets support grade-level practice. A matching answer key makes them useful for classwork, homework, or tutoring.","No","Medium"
"en/print/k-compare-groups-to-10.html","Compare Groups to 10 Kindergarten Worksheets | Googoodan","Kindergarten Compare Groups to 10 Worksheets | Googoodan","kindergarten compare groups to 10 worksheets","free printable kindergarten compare groups to 10 worksheets; kindergarten compare groups to 10 practice sheets with answer key; kindergarten compare groups to 10 printable math practice","Kindergarten Compare Groups to 10 Worksheets","Use these free printable kindergarten compare groups to 10 worksheets for focused grade-level practice. Each page includes a matching answer key for quick checking.","No","Medium"
"en/print/k-compare-written-numbers.html","Compare Written Numbers Kindergarten Worksheets | Googoodan","Kindergarten Compare Written Numbers Worksheets | Googoodan","kindergarten compare written numbers worksheets","free printable kindergarten compare written numbers worksheets; kindergarten compare written numbers practice sheets with answer key; kindergarten compare written numbers printable math practice","Kindergarten Compare Written Numbers Worksheets","Free printable kindergarten compare written numbers worksheets. Get fresh practice and a matching answer key for home or class.","No","Medium"
"en/print/k-count-by-tens.html","Count by Tens Kindergarten Worksheets | Googoodan","Kindergarten Count by Tens Worksheets | Googoodan","kindergarten count by tens worksheets","free printable kindergarten count by tens worksheets; kindergarten count by tens practice sheets with answer key; kindergarten count by tens printable math practice","Kindergarten Count by Tens Worksheets","Free printable kindergarten count by tens worksheets support grade-level practice. A matching answer key makes them useful for classwork, homework, or tutoring.","No","Medium"
"en/print/k-count-on-to-100.html","Count on to 100 Kindergarten Worksheets | Googoodan","Kindergarten Count on to 100 Worksheets | Googoodan","kindergarten count on to 100 worksheets","free printable kindergarten count on to 100 worksheets; kindergarten count on to 100 practice sheets with answer key; kindergarten count on to 100 printable math practice","Kindergarten Count on to 100 Worksheets","Build grade-level skills with free printable kindergarten count on to 100 worksheets. The matching answer key supports lessons, independent practice, or homework.","No","Medium"
"en/print/k-count-to-10.html","Count to 10 Kindergarten Worksheets | Googoodan","Kindergarten Count to 10 Worksheets | Googoodan","kindergarten count to 10 worksheets","free printable kindergarten count to 10 worksheets; kindergarten count to 10 practice sheets with answer key; kindergarten count to 10 printable math practice","Kindergarten Count to 10 Worksheets","Build grade-level skills with free printable kindergarten count to 10 worksheets. The matching answer key supports lessons, independent practice, or homework.","No","Medium"
"en/print/k-count-to-20.html","Count to 20 Kindergarten Worksheets | Googoodan","Kindergarten Count to 20 Worksheets | Googoodan","kindergarten count to 20 worksheets","free printable kindergarten count to 20 worksheets; kindergarten count to 20 practice sheets with answer key; kindergarten count to 20 printable math practice","Kindergarten Count to 20 Worksheets","Build grade-level skills with free printable kindergarten count to 20 worksheets. The matching answer key supports lessons, independent practice, or homework.","No","Medium"
"en/print/k-count-to-5.html","Count to 5 Kindergarten Worksheets | Googoodan","Kindergarten Count to 5 Worksheets | Googoodan","kindergarten count to 5 worksheets","free printable kindergarten count to 5 worksheets; kindergarten count to 5 practice sheets with answer key; kindergarten count to 5 printable math practice","Kindergarten Count to 5 Worksheets","Build grade-level skills with free printable kindergarten count to 5 worksheets. The matching answer key supports lessons, independent practice, or homework.","No","Medium"
"en/print/k-cross-out-and-count-to-5.html","Cross Out and Count to 5 Kindergarten Worksheets | Googoodan","Kindergarten Cross Out and Count to 5 Worksheets | Googoodan","kindergarten cross out and count to 5 worksheets","free printable kindergarten cross out and count to 5 worksheets; kindergarten cross out and count to 5 practice sheets with answer key; kindergarten cross out and count to 5 printable math practice","Kindergarten Cross Out and Count to 5 Worksheets","Free printable kindergarten cross out and count to 5 worksheets. Get fresh practice and a matching answer key for home or class.","No","Medium"
"en/print/k-fill-the-ten-frame.html","Fill the Ten-Frame Kindergarten Worksheets | Googoodan","Kindergarten Fill the Ten-Frame Worksheets | Googoodan","kindergarten fill the ten-frame worksheets","free printable kindergarten fill the ten-frame worksheets; kindergarten fill the ten-frame practice sheets with answer key; kindergarten fill the ten-frame printable math practice","Kindergarten Fill the Ten-Frame Worksheets","Use these free printable kindergarten fill the ten-frame worksheets for focused grade-level practice. Each page includes a matching answer key for quick checking.","No","Medium"
"en/print/k-find-the-missing-part.html","Find the Missing Part Kindergarten Worksheets | Googoodan","Kindergarten Find the Missing Part Worksheets | Googoodan","kindergarten find the missing part worksheets","free printable kindergarten find the missing part worksheets; kindergarten find the missing part practice sheets with answer key; kindergarten find the missing part printable math practice","Kindergarten Find the Missing Part Worksheets","Use free printable kindergarten find the missing part worksheets for targeted practice. A matching answer key makes it easy to check work during lessons or at home.","No","Medium"
"en/print/k-heavier-and-lighter.html","Heavier and Lighter Kindergarten Worksheets | Googoodan","Kindergarten Heavier and Lighter Worksheets | Googoodan","kindergarten heavier and lighter worksheets","free printable kindergarten heavier and lighter worksheets; kindergarten heavier and lighter practice sheets with answer key; kindergarten heavier and lighter printable math practice","Kindergarten Heavier and Lighter Worksheets","Use these free printable kindergarten heavier and lighter worksheets for focused grade-level practice. Each page includes a matching answer key for quick checking.","No","Medium"
"en/print/k-join-little-groups.html","Join Little Groups Kindergarten Worksheets | Googoodan","Kindergarten Join Little Groups Worksheets | Googoodan","kindergarten join little groups worksheets","free printable kindergarten join little groups worksheets; kindergarten join little groups practice sheets with answer key; kindergarten join little groups printable math practice","Kindergarten Join Little Groups Worksheets","Use these free printable kindergarten join little groups worksheets for focused grade-level practice. Each page includes a matching answer key for quick checking.","No","Medium"
"en/print/k-little-addition-stories.html","Little Addition Stories Kindergarten Worksheets | Googoodan","Kindergarten Little Addition Stories Worksheets | Googoodan","kindergarten little addition stories worksheets","free printable kindergarten little addition stories worksheets; kindergarten little addition stories practice sheets with answer key; kindergarten little addition stories printable math practice","Kindergarten Little Addition Stories Worksheets","Free printable kindergarten little addition stories worksheets. Get fresh practice and a matching answer key for home or class.","No","Medium"
"en/print/k-little-subtraction-stories.html","Subtraction Stories to 10 Kindergarten Worksheets | Googoodan","Kindergarten Subtraction Stories to 10 Worksheets | Googoodan","kindergarten subtraction stories to 10 worksheets","free printable kindergarten subtraction stories to 10 worksheets; kindergarten subtraction stories to 10 practice sheets with answer key; kindergarten subtraction stories to 10 printable math practice","Kindergarten Subtraction Stories to 10 Worksheets","Free printable kindergarten subtraction stories to 10 worksheets. Get fresh practice and a matching answer key for home or class.","No","Medium"
"en/print/k-longer-and-shorter.html","Longer and Shorter Kindergarten Worksheets | Googoodan","Kindergarten Longer and Shorter Worksheets | Googoodan","kindergarten longer and shorter worksheets","free printable kindergarten longer and shorter worksheets; kindergarten longer and shorter practice sheets with answer key; kindergarten longer and shorter printable math practice","Kindergarten Longer and Shorter Worksheets","Free printable kindergarten longer and shorter worksheets support grade-level practice. A matching answer key makes them useful for classwork, homework, or tutoring.","No","Medium"
"en/print/k-match-and-compare.html","Match and Compare Kindergarten Worksheets | Googoodan","Kindergarten Match and Compare Worksheets | Googoodan","kindergarten match and compare worksheets","free printable kindergarten match and compare worksheets; kindergarten match and compare practice sheets with answer key; kindergarten match and compare printable math practice","Kindergarten Match and Compare Worksheets","Build grade-level skills with free printable kindergarten match and compare worksheets. The matching answer key supports lessons, independent practice, or homework.","No","Medium"
"en/print/k-meet-0-5.html","Meet 0–5 Kindergarten Worksheets | Googoodan","Kindergarten Meet 0–5 Worksheets | Googoodan","kindergarten meet 0 5 worksheets","free printable kindergarten meet 0–5 worksheets; kindergarten meet 0 5 practice sheets with answer key; kindergarten meet 0 5 printable math practice","Kindergarten Meet 0–5 Worksheets","Use these free printable kindergarten meet 0–5 worksheets for focused grade-level practice. Each page includes a matching answer key for quick checking.","No","Medium"
"en/print/k-meet-11-15.html","Meet 11–15 Kindergarten Worksheets | Googoodan","Kindergarten Meet 11–15 Worksheets | Googoodan","kindergarten meet 11 15 worksheets","free printable kindergarten meet 11–15 worksheets; kindergarten meet 11 15 practice sheets with answer key; kindergarten meet 11 15 printable math practice","Kindergarten Meet 11–15 Worksheets","Free printable kindergarten meet 11–15 worksheets support grade-level practice. A matching answer key makes them useful for classwork, homework, or tutoring.","No","Medium"
"en/print/k-meet-16-20.html","Meet 16–20 Kindergarten Worksheets | Googoodan","Kindergarten Meet 16–20 Worksheets | Googoodan","kindergarten meet 16 20 worksheets","free printable kindergarten meet 16–20 worksheets; kindergarten meet 16 20 practice sheets with answer key; kindergarten meet 16 20 printable math practice","Kindergarten Meet 16–20 Worksheets","Use these free printable kindergarten meet 16–20 worksheets for focused grade-level practice. Each page includes a matching answer key for quick checking.","No","Medium"
"en/print/k-meet-6-10.html","Meet 6–10 Kindergarten Worksheets | Googoodan","Kindergarten Meet 6–10 Worksheets | Googoodan","kindergarten meet 6 10 worksheets","free printable kindergarten meet 6–10 worksheets; kindergarten meet 6 10 practice sheets with answer key; kindergarten meet 6 10 printable math practice","Kindergarten Meet 6–10 Worksheets","Build grade-level skills with free printable kindergarten meet 6–10 worksheets. The matching answer key supports lessons, independent practice, or homework.","No","Medium"
"en/print/k-meet-flat-shapes.html","Meet Flat Shapes Kindergarten Worksheets | Googoodan","Kindergarten Meet Flat Shapes Worksheets | Googoodan","kindergarten meet flat shapes worksheets","free printable kindergarten meet flat shapes worksheets; kindergarten meet flat shapes practice sheets with answer key; kindergarten meet flat shapes printable math practice","Kindergarten Meet Flat Shapes Worksheets","Build grade-level skills with free printable kindergarten meet flat shapes worksheets. The matching answer key supports lessons, independent practice, or homework.","No","Medium"
"en/print/k-more-or-fewer-to-5.html","More or Fewer to 5 Kindergarten Worksheets | Googoodan","Kindergarten More or Fewer to 5 Worksheets | Googoodan","kindergarten more or fewer to 5 worksheets","free printable kindergarten more or fewer to 5 worksheets; kindergarten more or fewer to 5 practice sheets with answer key; kindergarten more or fewer to 5 printable math practice","Kindergarten More or Fewer to 5 Worksheets","Build grade-level skills with free printable kindergarten more or fewer to 5 worksheets. The matching answer key supports lessons, independent practice, or homework.","No","Medium"
"en/print/k-next-numbers-to-10.html","Next Numbers to 10 Kindergarten Worksheets | Googoodan","Kindergarten Next Numbers to 10 Worksheets | Googoodan","kindergarten next numbers to 10 worksheets","free printable kindergarten next numbers to 10 worksheets; kindergarten next numbers to 10 practice sheets with answer key; kindergarten next numbers to 10 printable math practice","Kindergarten Next Numbers to 10 Worksheets","Use these free printable kindergarten next numbers to 10 worksheets for focused grade-level practice. Each page includes a matching answer key for quick checking.","No","Medium"
"en/print/k-number-bonds-to-10.html","Number Bonds to 10 Kindergarten Worksheets | Googoodan","Kindergarten Number Bonds to 10 Worksheets | Googoodan","kindergarten number bonds to 10 worksheets","free printable kindergarten number bonds to 10 worksheets; kindergarten number bonds to 10 practice sheets with answer key; kindergarten number bonds to 10 printable math practice","Kindergarten Number Bonds to 10 Worksheets","Free printable kindergarten number bonds to 10 worksheets support grade-level practice. A matching answer key makes them useful for classwork, homework, or tutoring.","No","Medium"
"en/print/k-number-paths-to-20.html","Number Paths to 20 Kindergarten Worksheets | Googoodan","Kindergarten Number Paths to 20 Worksheets | Googoodan","kindergarten number paths to 20 worksheets","free printable kindergarten number paths to 20 worksheets; kindergarten number paths to 20 practice sheets with answer key; kindergarten number paths to 20 printable math practice","Kindergarten Number Paths to 20 Worksheets","Use these free printable kindergarten number paths to 20 worksheets for focused grade-level practice. Each page includes a matching answer key for quick checking.","No","Medium"
"en/print/k-parts-and-wholes.html","Parts and Wholes Kindergarten Worksheets | Googoodan","Kindergarten Parts and Wholes Worksheets | Googoodan","kindergarten parts and wholes worksheets","free printable kindergarten parts and wholes worksheets; kindergarten parts and wholes practice sheets with answer key; kindergarten parts and wholes printable math practice","Kindergarten Parts and Wholes Worksheets","Use these free printable kindergarten parts and wholes worksheets for focused grade-level practice. Each page includes a matching answer key for quick checking.","No","Medium"
"en/print/k-picture-addition-to-10.html","Picture Addition to 10 Kindergarten Worksheets | Googoodan","Kindergarten Picture Addition to 10 Worksheets | Googoodan","kindergarten picture addition to 10 worksheets","free printable kindergarten picture addition to 10 worksheets; kindergarten picture addition to 10 practice sheets with answer key; kindergarten picture addition to 10 printable math practice","Kindergarten Picture Addition to 10 Worksheets","Free printable kindergarten picture addition to 10 worksheets. Get fresh practice and a matching answer key for home or class.","No","Medium"
"en/print/k-picture-addition-to-5.html","Picture Addition to 5 Kindergarten Worksheets | Googoodan","Kindergarten Picture Addition to 5 Worksheets | Googoodan","kindergarten picture addition to 5 worksheets","free printable kindergarten picture addition to 5 worksheets; kindergarten picture addition to 5 practice sheets with answer key; kindergarten picture addition to 5 printable math practice","Kindergarten Picture Addition to 5 Worksheets","Use these free printable kindergarten picture addition to 5 worksheets for focused grade-level practice. Each page includes a matching answer key for quick checking.","No","Medium"
"en/print/k-same-number-new-arrangement.html","Same Number, New Arrangement Kindergarten Worksheets | Googoodan","Kindergarten Same Number, New Arrangement Worksheets | Googoodan","kindergarten same number new arrangement worksheets","free printable kindergarten same number new arrangement worksheets; kindergarten same number new arrangement practice sheets with answer key; kindergarten same number new arrangement printable math practice","Kindergarten Same Number, New Arrangement Worksheets","Free printable kindergarten same number, new arrangement worksheets. Get fresh practice and a matching answer key for home or class.","No","Medium"
"en/print/k-scattered-treasures.html","Scattered Treasures Kindergarten Worksheets | Googoodan","Kindergarten Scattered Treasures Worksheets | Googoodan","kindergarten scattered treasures worksheets","free printable kindergarten scattered treasures worksheets; kindergarten scattered treasures practice sheets with answer key; kindergarten scattered treasures printable math practice","Kindergarten Scattered Treasures Worksheets","Use these free printable kindergarten scattered treasures worksheets for focused grade-level practice. Each page includes a matching answer key for quick checking.","No","Medium"
"en/print/k-shape-detectives.html","Shape Detectives Kindergarten Worksheets | Googoodan","Kindergarten Shape Detectives Worksheets | Googoodan","kindergarten shape detectives worksheets","free printable kindergarten shape detectives worksheets; kindergarten shape detectives practice sheets with answer key; kindergarten shape detectives printable math practice","Kindergarten Shape Detectives Worksheets","Use these free printable kindergarten shape detectives worksheets for focused grade-level practice. Each page includes a matching answer key for quick checking.","No","Medium"
"en/print/k-solid-shape-explorers.html","Solid-Shape Explorers Kindergarten Worksheets | Googoodan","Kindergarten Solid-Shape Explorers Worksheets | Googoodan","kindergarten solid-shape explorers worksheets","free printable kindergarten solid-shape explorers worksheets; kindergarten solid-shape explorers practice sheets with answer key; kindergarten solid-shape explorers printable math practice","Kindergarten Solid-Shape Explorers Worksheets","Use these free printable kindergarten solid-shape explorers worksheets for focused grade-level practice. Each page includes a matching answer key for quick checking.","No","Medium"
"en/print/k-sort-by-color.html","Sort by Color Kindergarten Worksheets | Googoodan","Kindergarten Sort by Color Worksheets | Googoodan","kindergarten sort by color worksheets","free printable kindergarten sort by color worksheets; kindergarten sort by color practice sheets with answer key; kindergarten sort by color printable math practice","Kindergarten Sort by Color Worksheets","Use these free printable kindergarten sort by color worksheets for focused grade-level practice. Each page includes a matching answer key for quick checking.","No","Medium"
"en/print/k-sort-by-shape.html","Sort by Shape Kindergarten Worksheets | Googoodan","Kindergarten Sort by Shape Worksheets | Googoodan","kindergarten sort by shape worksheets","free printable kindergarten sort by shape worksheets; kindergarten sort by shape practice sheets with answer key; kindergarten sort by shape printable math practice","Kindergarten Sort by Shape Worksheets","Free printable kindergarten sort by shape worksheets support grade-level practice. A matching answer key makes them useful for classwork, homework, or tutoring.","No","Medium"
"en/print/k-sort-by-size.html","Sort by Size Kindergarten Worksheets | Googoodan","Kindergarten Sort by Size Worksheets | Googoodan","kindergarten sort by size worksheets","free printable kindergarten sort by size worksheets; kindergarten sort by size practice sheets with answer key; kindergarten sort by size printable math practice","Kindergarten Sort by Size Worksheets","Build grade-level skills with free printable kindergarten sort by size worksheets. The matching answer key supports lessons, independent practice, or homework.","No","Medium"
"en/print/k-sorting-detective.html","Sorting Detective Kindergarten Worksheets | Googoodan","Kindergarten Sorting Detective Worksheets | Googoodan","kindergarten sorting detective worksheets","free printable kindergarten sorting detective worksheets; kindergarten sorting detective practice sheets with answer key; kindergarten sorting detective printable math practice","Kindergarten Sorting Detective Worksheets","Build grade-level skills with free printable kindergarten sorting detective worksheets. The matching answer key supports lessons, independent practice, or homework.","No","Medium"
"en/print/k-sub-number-sentences-to-10.html","Subtraction Sentences to 10 Kindergarten Worksheets | Googoodan","Kindergarten Subtraction Sentences to 10 Worksheets | Googoodan","kindergarten subtraction sentences to 10 worksheets","free printable kindergarten subtraction sentences to 10 worksheets; kindergarten subtraction sentences to 10 practice sheets with answer key; kindergarten subtraction sentences to 10 printable math practice","Kindergarten Subtraction Sentences to 10 Worksheets","Free printable kindergarten subtraction sentences to 10 worksheets. Get fresh practice and a matching answer key for home or class.","No","Medium"
"en/print/k-sub-number-sentences-to-5.html","Subtraction Sentences to 5 Kindergarten Worksheets | Googoodan","Kindergarten Subtraction Sentences to 5 Worksheets | Googoodan","kindergarten subtraction sentences to 5 worksheets","free printable kindergarten subtraction sentences to 5 worksheets; kindergarten subtraction sentences to 5 practice sheets with answer key; kindergarten subtraction sentences to 5 printable math practice","Kindergarten Subtraction Sentences to 5 Worksheets","Free printable kindergarten subtraction sentences to 5 worksheets. Get fresh practice and a matching answer key for home or class.","No","Medium"
"en/print/k-subtraction-adventure.html","Subtraction Adventure Kindergarten Worksheets | Googoodan","Kindergarten Subtraction Adventure Worksheets | Googoodan","kindergarten subtraction adventure worksheets","free printable kindergarten subtraction adventure worksheets; kindergarten subtraction adventure practice sheets with answer key; kindergarten subtraction adventure printable math practice","Kindergarten Subtraction Adventure Worksheets","Use these free printable kindergarten subtraction adventure worksheets for focused grade-level practice. Each page includes a matching answer key for quick checking.","No","Medium"
"en/print/k-take-away-to-10.html","Take Away to 10 Kindergarten Worksheets | Googoodan","Kindergarten Take Away to 10 Worksheets | Googoodan","kindergarten take away to 10 worksheets","free printable kindergarten take away to 10 worksheets; kindergarten take away to 10 practice sheets with answer key; kindergarten take away to 10 printable math practice","Kindergarten Take Away to 10 Worksheets","Build grade-level skills with free printable kindergarten take away to 10 worksheets. The matching answer key supports lessons, independent practice, or homework.","No","Medium"
"en/print/k-taller-and-shorter.html","Taller and Shorter Kindergarten Worksheets | Googoodan","Kindergarten Taller and Shorter Worksheets | Googoodan","kindergarten taller and shorter worksheets","free printable kindergarten taller and shorter worksheets; kindergarten taller and shorter practice sheets with answer key; kindergarten taller and shorter printable math practice","Kindergarten Taller and Shorter Worksheets","Free printable kindergarten taller and shorter worksheets support grade-level practice. A matching answer key makes them useful for classwork, homework, or tutoring.","No","Medium"
"en/print/k-teen-number-adventure.html","Teen-Number Adventure Kindergarten Worksheets | Googoodan","Kindergarten Teen-Number Adventure Worksheets | Googoodan","kindergarten teen-number adventure worksheets","free printable kindergarten teen-number adventure worksheets; kindergarten teen-number adventure practice sheets with answer key; kindergarten teen-number adventure printable math practice","Kindergarten Teen-Number Adventure Worksheets","Use these free printable kindergarten teen-number adventure worksheets for focused grade-level practice. Each page includes a matching answer key for quick checking.","No","Medium"
"en/print/k-ten-and-some-more.html","Ten and Some More Kindergarten Worksheets | Googoodan","Kindergarten Ten and Some More Worksheets | Googoodan","kindergarten ten and some more worksheets","free printable kindergarten ten and some more worksheets; kindergarten ten and some more practice sheets with answer key; kindergarten ten and some more printable math practice","Kindergarten Ten and Some More Worksheets","Build grade-level skills with free printable kindergarten ten and some more worksheets. The matching answer key supports lessons, independent practice, or homework.","No","Medium"
"en/print/k-ten-little-treasures.html","Ten Little Treasures Kindergarten Worksheets | Googoodan","Kindergarten Ten Little Treasures Worksheets | Googoodan","kindergarten ten little treasures worksheets","free printable kindergarten ten little treasures worksheets; kindergarten ten little treasures practice sheets with answer key; kindergarten ten little treasures printable math practice","Kindergarten Ten Little Treasures Worksheets","Use these free printable kindergarten ten little treasures worksheets for focused grade-level practice. Each page includes a matching answer key for quick checking.","No","Medium"
"en/print/k-turn-a-shape-around.html","Turn a Shape Around Kindergarten Worksheets | Googoodan","Kindergarten Turn a Shape Around Worksheets | Googoodan","kindergarten turn a shape around worksheets","free printable kindergarten turn a shape around worksheets; kindergarten turn a shape around practice sheets with answer key; kindergarten turn a shape around printable math practice","Kindergarten Turn a Shape Around Worksheets","Use these free printable kindergarten turn a shape around worksheets for focused grade-level practice. Each page includes a matching answer key for quick checking.","No","Medium"
"en/print/k-two-ways-to-make-a-number.html","Two Ways to Make a Number Kindergarten Worksheets | Googoodan","Kindergarten Two Ways to Make a Number Worksheets | Googoodan","kindergarten two ways to make a number worksheets","free printable kindergarten two ways to make a number worksheets; kindergarten two ways to make a number practice sheets with answer key; kindergarten two ways to make a number printable math practice","Kindergarten Two Ways to Make a Number Worksheets","Free printable kindergarten two ways to make a number worksheets. Get fresh practice and a matching answer key for home or class.","No","Medium"
"en/print/k-where-is-the-star.html","Where Is the Star? Kindergarten Worksheets | Googoodan","Kindergarten Where Is the Star? Worksheets | Googoodan","kindergarten where is the star? worksheets","free printable kindergarten where is the star? worksheets; kindergarten where is the star? practice sheets with answer key; kindergarten where is the star? printable math practice","Kindergarten Where Is the Star? Worksheets","Build grade-level skills with free printable kindergarten where is the star? worksheets. The matching answer key supports lessons, independent practice, or homework.","No","Medium"
"en/print/level-skills-upper/grade-3-div-facts-missing-number-division-facts-worksheets.html","Missing Number Division Facts - Grade 3 | Googoodan","Missing Number Division Facts Worksheets – Grade 3 | Googoodan","grade 3 missing number division facts worksheets","free printable missing number division facts worksheets – grade 3; grade 3 missing number division facts practice sheets with answer key; grade 3 missing number division facts printable math practice","Missing Number Division Facts Worksheets – Grade 3","Free printable grade 3 missing number division facts worksheets. Get fresh practice and a matching answer key for home or class.","No","Low"
"en/print/level-skills-upper/grade-3-tables-2-3-and-4-times-tables-worksheets.html","2, 3, and 4 Times Tables - Grade 3 | Googoodan","2, 3, and 4 Times Tables Worksheets – Grade 3 | Googoodan","2 3 and 4 times tables worksheets","free printable 2 3 and 4 times tables worksheets – grade 3; 2 3 and 4 times tables practice sheets with answer key; 2 3 and 4 times tables printable math practice","2, 3, and 4 Times Tables Worksheets – Grade 3","Practice grade 3 2, 3, and 4 times tables with free printable worksheets. Each page includes a matching answer key for classroom lessons, tutoring, or homework.","No","High"
"en/print/level-skills-upper/grade-3-tables-2-times-table-worksheets.html","2 Times Table - Grade 3 | Googoodan","2 Times Table Worksheets – Grade 3 | Googoodan","grade 3 2 times table worksheets","free printable 2 times table worksheets – grade 3; grade 3 2 times table practice sheets with answer key; grade 3 2 times table printable math practice","2 Times Table Worksheets – Grade 3","Use these free printable grade 3 2 times table worksheets for focused practice. The included answer key makes checking work simple at home or in class.","No","High"
"en/print/level-skills-upper/grade-3-tables-3-times-table-worksheets.html","3 Times Table - Grade 3 | Googoodan","3 Times Table Worksheets – Grade 3 | Googoodan","grade 3 3 times table worksheets","free printable 3 times table worksheets – grade 3; grade 3 3 times table practice sheets with answer key; grade 3 3 times table printable math practice","3 Times Table Worksheets – Grade 3","Use these free printable grade 3 3 times table worksheets for focused practice. The included answer key makes checking work simple at home or in class.","No","High"
"en/print/level-skills-upper/grade-3-tables-4-5-and-6-times-tables-worksheets.html","4, 5, and 6 Times Tables - Grade 3 | Googoodan","4, 5, and 6 Times Tables Worksheets – Grade 3 | Googoodan","4 5 and 6 times tables worksheets","free printable 4 5 and 6 times tables worksheets – grade 3; 4 5 and 6 times tables practice sheets with answer key; 4 5 and 6 times tables printable math practice","4, 5, and 6 Times Tables Worksheets – Grade 3","Use these free printable grade 3 4, 5, and 6 times tables worksheets for focused practice. The included answer key makes checking work simple at home or in class.","No","High"
"en/print/level-skills-upper/grade-3-tables-4-times-table-worksheets.html","4 Times Table - Grade 3 | Googoodan","4 Times Table Worksheets – Grade 3 | Googoodan","grade 3 4 times table worksheets","free printable 4 times table worksheets – grade 3; grade 3 4 times table practice sheets with answer key; grade 3 4 times table printable math practice","4 Times Table Worksheets – Grade 3","Use these free printable grade 3 4 times table worksheets for focused practice. The included answer key makes checking work simple at home or in class.","No","High"
"en/print/level-skills-upper/grade-3-tables-5-times-table-worksheets.html","5 Times Table - Grade 3 | Googoodan","5 Times Table Worksheets – Grade 3 | Googoodan","grade 3 5 times table worksheets","free printable 5 times table worksheets – grade 3; grade 3 5 times table practice sheets with answer key; grade 3 5 times table printable math practice","5 Times Table Worksheets – Grade 3","Free printable grade 3 5 times table worksheets provide ready-to-use practice. A matching answer key supports lessons, tutoring, homework, or independent work.","No","High"
"en/print/level-skills-upper/grade-3-tables-6-7-8-and-9-times-tables-worksheets.html","6, 7, 8, and 9 Times Tables - Grade 3 | Googoodan","6, 7, 8, and 9 Times Tables Worksheets – Grade 3 | Googoodan","6 7 8 and 9 times tables worksheets","free printable 6 7 8 and 9 times tables worksheets – grade 3; 6 7 8 and 9 times tables practice sheets with answer key; 6 7 8 and 9 times tables printable math practice","6, 7, 8, and 9 Times Tables Worksheets – Grade 3","Use these free printable grade 3 6, 7, 8, and 9 times tables worksheets for focused practice. The included answer key makes checking work simple at home or in class.","No","High"
"en/print/level-skills-upper/grade-3-tables-6-times-table-worksheets.html","6 Times Table - Grade 3 | Googoodan","6 Times Table Worksheets – Grade 3 | Googoodan","grade 3 6 times table worksheets","free printable 6 times table worksheets – grade 3; grade 3 6 times table practice sheets with answer key; grade 3 6 times table printable math practice","6 Times Table Worksheets – Grade 3","Free printable grade 3 6 times table worksheets provide ready-to-use practice. A matching answer key supports lessons, tutoring, homework, or independent work.","No","High"
"en/print/level-skills-upper/grade-3-tables-7-times-table-worksheets.html","7 Times Table - Grade 3 | Googoodan","7 Times Table Worksheets – Grade 3 | Googoodan","grade 3 7 times table worksheets","free printable 7 times table worksheets – grade 3; grade 3 7 times table practice sheets with answer key; grade 3 7 times table printable math practice","7 Times Table Worksheets – Grade 3","Free printable grade 3 7 times table worksheets provide ready-to-use practice. A matching answer key supports lessons, tutoring, homework, or independent work.","No","High"
"en/print/level-skills-upper/grade-3-tables-8-times-table-worksheets.html","8 Times Table - Grade 3 | Googoodan","8 Times Table Worksheets – Grade 3 | Googoodan","grade 3 8 times table worksheets","free printable 8 times table worksheets – grade 3; grade 3 8 times table practice sheets with answer key; grade 3 8 times table printable math practice","8 Times Table Worksheets – Grade 3","Free printable grade 3 8 times table worksheets provide ready-to-use practice. A matching answer key supports lessons, tutoring, homework, or independent work.","No","High"
"en/print/level-skills-upper/grade-3-tables-9-times-table-worksheets.html","9 Times Table - Grade 3 | Googoodan","9 Times Table Worksheets – Grade 3 | Googoodan","grade 3 9 times table worksheets","free printable 9 times table worksheets – grade 3; grade 3 9 times table practice sheets with answer key; grade 3 9 times table printable math practice","9 Times Table Worksheets – Grade 3","Free printable grade 3 9 times table worksheets provide ready-to-use practice. A matching answer key supports lessons, tutoring, homework, or independent work.","No","High"
"en/print/level-skills-upper/grade-3-tables-missing-factor-2-times-table-worksheets.html","Missing Factor 2 Times Table - Grade 3 | Googoodan","Missing Factor 2 Times Table Worksheets – Grade 3 | Googoodan","grade 3 missing factor 2 times table worksheets","free printable missing factor 2 times table worksheets – grade 3; grade 3 missing factor 2 times table practice sheets with answer key; grade 3 missing factor 2 times table printable math practice","Missing Factor 2 Times Table Worksheets – Grade 3","Free printable grade 3 missing factor 2 times table worksheets. Get fresh practice and a matching answer key for home or class.","No","High"
"en/print/level-skills-upper/grade-3-tables-missing-factor-multiplication-facts-worksheets.html","Missing Factor Multiplication Facts - Grade 3 | Googoodan","Missing Factor Multiplication Facts Worksheets – Grade 3 | Googoodan","grade 3 missing factor multiplication facts worksheets","free printable missing factor multiplication facts worksheets – grade 3; grade 3 missing factor multiplication facts practice sheets with answer key; grade 3 missing factor multiplication facts printable math practice","Missing Factor Multiplication Facts Worksheets – Grade 3","Free printable grade 3 missing factor multiplication facts worksheets. Get fresh practice and a matching answer key for home or class.","No","Medium"
"en/print/level-skills-upper/grade-3-tables-multiplication-facts-2-9-worksheets.html","Multiplication Facts 2-9 - Grade 3 | Googoodan","Multiplication Facts 2-9 Worksheets – Grade 3 | Googoodan","grade 3 multiplication facts 2-9 worksheets","free printable multiplication facts 2-9 worksheets – grade 3; grade 3 multiplication facts 2-9 practice sheets with answer key; grade 3 multiplication facts 2-9 printable math practice","Multiplication Facts 2-9 Worksheets – Grade 3","Use these free printable grade 3 multiplication facts 2-9 worksheets for focused practice. The included answer key makes checking work simple at home or in class.","No","Medium"
"en/print/level-skills-upper/grade-4-div-1-missing-digit-two-digit-by-one-digit-division-worksheets.html","Missing Digit 2-Digit by 1-Digit Division - Grade 4 | Googoodan","Missing Digit 2 Digit by 1 Digit Division Worksheets | Googoodan","missing digit 2 by 1 digit division worksheets","free printable missing digit 2 digit by 1 digit division worksheets; missing digit 2 by 1 digit division practice sheets with answer key; missing digit 2 by 1 digit division printable math practice","Missing Digit 2 Digit by 1 Digit Division Worksheets","Free printable grade 4 missing digit 2 digit by 1 digit division worksheets. Get fresh practice and a matching answer key for home or class.","No","Low"
"en/print/level-skills-upper/grade-4-div-1-missing-number-two-digit-by-one-digit-division-worksheets.html","Missing Number 2-Digit by 1-Digit Division - Grade 4 | Googoodan","Missing Number 2 Digit by 1 Digit Division Worksheets | Googoodan","missing number 2 by 1 digit division worksheets","free printable missing number 2 digit by 1 digit division worksheets; missing number 2 by 1 digit division practice sheets with answer key; missing number 2 by 1 digit division printable math practice","Missing Number 2 Digit by 1 Digit Division Worksheets","Free printable grade 4 missing number 2 digit by 1 digit division worksheets. Get fresh practice and a matching answer key for home or class.","No","Low"
"en/print/level-skills-upper/grade-4-div-1-three-digit-by-one-digit-division-with-remainders-worksheets-horizontal-practice.html","3-Digit by 1-Digit Division With Remainders - Grade 4 - Horizontal | Googoodan","3 Digit by 1 Digit Division With Remainders Worksheets | Googoodan","3 by 1 digit division with remainders worksheets","free printable 3 digit by 1 digit division with remainders worksheets; 3 by 1 digit division with remainders practice sheets with answer key; 3 by 1 digit division with remainders printable math practice","3 Digit by 1 Digit Division With Remainders Worksheets","Free printable grade 4 horizontal 3 digit by 1 digit division with remainders worksheets. Get fresh practice and a matching answer key for home or class.","No","Low"
"en/print/level-skills-upper/grade-4-div-1-three-digit-by-one-digit-division-with-remainders-worksheets-long-division-format.html","1-Digit Divisor Long Division with Remainders | Googoodan","Division With Remainders: 3 Digit by 1 Digit Worksheets | Googoodan","3 by 1 long division with remainders worksheets","free printable division with remainders: 3 digit by 1 digit worksheets; 3 by 1 long division with remainders practice sheets with answer key; 3 by 1 long division with remainders printable math practice","Division With Remainders: 3 Digit by 1 Digit Worksheets","Free printable grade 4 long division division with remainders: 3 digit by 1 digit worksheets. Get fresh practice and a matching answer key for home or class.","No","High"
"en/print/level-skills-upper/grade-4-div-1-three-digit-by-one-digit-division-without-remainders-worksheets-horizontal-practice.html","3-Digit by 1-Digit Division No Remainders - Grade 4 - Horizontal | Googoodan","3 Digit by 1 Digit Division Without Remainders Worksheets | Googoodan","3 by 1 digit division without remainders worksheets","free printable 3 digit by 1 digit division without remainders worksheets; 3 by 1 digit division without remainders practice sheets with answer key; 3 by 1 digit division without remainders printable math practice","3 Digit by 1 Digit Division Without Remainders Worksheets","Free printable grade 4 horizontal 3 digit by 1 digit division without remainders worksheets. Get fresh practice and a matching answer key for home or class.","No","Low"
"en/print/level-skills-upper/grade-4-div-1-three-digit-by-one-digit-division-without-remainders-worksheets-long-division-format.html","1-Digit Divisor Long Division without Remainders | Googoodan","Division Without Remainders: 3 Digit by 1 Digit Worksheets | Googoodan","3 by 1 long division without remainders worksheets","free printable division without remainders: 3 digit by 1 digit worksheets; 3 by 1 long division without remainders practice sheets with answer key; 3 by 1 long division without remainders printable math practice","Division Without Remainders: 3 Digit by 1 Digit Worksheets","Free printable grade 4 long division division without remainders: 3 digit by 1 digit worksheets. Get fresh practice and a matching answer key for home or class.","No","High"
"en/print/level-skills-upper/grade-4-div-1-three-digit-by-one-digit-division-worksheets-horizontal-practice.html","3-Digit by 1-Digit Division - Grade 4 - Horizontal | Googoodan","3 Digit by 1 Digit Division Worksheets – Horizontal | Googoodan","horizontal 3 digit by 1 digit division worksheets","free printable 3 digit by 1 digit division worksheets – horizontal; horizontal 3 digit by 1 digit division practice sheets with answer key; horizontal 3 digit by 1 digit division printable math practice","3 Digit by 1 Digit Division Worksheets – Horizontal","Free printable grade 4 horizontal 3 digit by 1 digit division worksheets. Get fresh practice and a matching answer key for home or class.","No","Low"
"en/print/level-skills-upper/grade-4-div-1-two-digit-by-one-digit-division-with-remainders-worksheets-horizontal-practice.html","2-Digit by 1-Digit Division With Remainders - Grade 4 - Horizontal | Googoodan","2 Digit by 1 Digit Division With Remainders Worksheets | Googoodan","2 by 1 digit division with remainders worksheets","free printable 2 digit by 1 digit division with remainders worksheets; 2 by 1 digit division with remainders practice sheets with answer key; 2 by 1 digit division with remainders printable math practice","2 Digit by 1 Digit Division With Remainders Worksheets","Free printable grade 4 horizontal 2 digit by 1 digit division with remainders worksheets. Get fresh practice and a matching answer key for home or class.","No","Low"
"en/print/level-skills-upper/grade-4-div-1-two-digit-by-one-digit-division-with-remainders-worksheets-long-division-format.html","2-Digit by 1-Digit Division With Remainders - Grade 4 - Vertical | Googoodan","Division With Remainders: 2 Digit by 1 Digit Worksheets | Googoodan","2 by 1 long division with remainders worksheets","free printable division with remainders: 2 digit by 1 digit worksheets; 2 by 1 long division with remainders practice sheets with answer key; 2 by 1 long division with remainders printable math practice","Division With Remainders: 2 Digit by 1 Digit Worksheets","Free printable grade 4 long division division with remainders: 2 digit by 1 digit worksheets. Get fresh practice and a matching answer key for home or class.","No","High"
"en/print/level-skills-upper/grade-4-div-1-two-digit-by-one-digit-division-without-remainders-worksheets-horizontal-practice.html","2-Digit by 1-Digit Division No Remainders - Grade 4 - Horizontal | Googoodan","2 Digit by 1 Digit Division Without Remainders Worksheets | Googoodan","2 by 1 digit division without remainders worksheets","free printable 2 digit by 1 digit division without remainders worksheets; 2 by 1 digit division without remainders practice sheets with answer key; 2 by 1 digit division without remainders printable math practice","2 Digit by 1 Digit Division Without Remainders Worksheets","Free printable grade 4 horizontal 2 digit by 1 digit division without remainders worksheets. Get fresh practice and a matching answer key for home or class.","No","Low"
"en/print/level-skills-upper/grade-4-div-1-two-digit-by-one-digit-division-without-remainders-worksheets-long-division-format.html","2-Digit by 1-Digit Division No Remainders - Grade 4 - Vertical | Googoodan","Division Without Remainders: 2 Digit by 1 Digit Worksheets | Googoodan","2 by 1 long division without remainders worksheets","free printable division without remainders: 2 digit by 1 digit worksheets; 2 by 1 long division without remainders practice sheets with answer key; 2 by 1 long division without remainders printable math practice","Division Without Remainders: 2 Digit by 1 Digit Worksheets","Free printable grade 4 long division division without remainders: 2 digit by 1 digit worksheets. Get fresh practice and a matching answer key for home or class.","No","High"
"en/print/level-skills-upper/grade-4-div-1-two-digit-by-one-digit-division-worksheets-horizontal-practice.html","2-Digit by 1-Digit Division - Grade 4 - Horizontal | Googoodan","2 Digit by 1 Digit Division Worksheets – Horizontal | Googoodan","horizontal 2 digit by 1 digit division worksheets","free printable 2 digit by 1 digit division worksheets – horizontal; horizontal 2 digit by 1 digit division practice sheets with answer key; horizontal 2 digit by 1 digit division printable math practice","2 Digit by 1 Digit Division Worksheets – Horizontal","Free printable grade 4 horizontal 2 digit by 1 digit division worksheets. Get fresh practice and a matching answer key for home or class.","No","Low"
"en/print/level-skills-upper/grade-4-fraction-forms-improper-fractions-to-mixed-numbers-worksheets.html","Improper Fractions to Mixed Numbers - Grade 4 | Googoodan","Improper Fractions to Mixed Numbers Worksheets – Grade 4 | Googoodan","grade 4 improper fractions to mixed numbers worksheets","free printable improper fractions to mixed numbers worksheets – grade 4; grade 4 improper fractions to mixed numbers practice sheets with answer key; grade 4 improper fractions to mixed numbers printable math practice","Improper Fractions to Mixed Numbers Worksheets – Grade 4","Free printable grade 4 improper fractions to mixed numbers worksheets. Get fresh practice and a matching answer key for home or class.","No","Medium"
"en/print/level-skills-upper/grade-4-fraction-forms-mixed-numbers-to-improper-fractions-worksheets.html","Mixed Numbers to Improper Fractions - Grade 4 | Googoodan","Mixed Numbers to Improper Fractions Worksheets – Grade 4 | Googoodan","grade 4 mixed numbers to improper fractions worksheets","free printable mixed numbers to improper fractions worksheets – grade 4; grade 4 mixed numbers to improper fractions practice sheets with answer key; grade 4 mixed numbers to improper fractions printable math practice","Mixed Numbers to Improper Fractions Worksheets – Grade 4","Free printable grade 4 mixed numbers to improper fractions worksheets. Get fresh practice and a matching answer key for home or class.","No","Medium"
"en/print/level-skills-upper/grade-4-fraction-forms-writing-one-as-a-fraction-worksheets.html","Writing One as a Fraction - Grade 4 | Googoodan","Writing One as a Fraction Worksheets – Grade 4 | Googoodan","grade 4 writing one as a fraction worksheets","free printable writing one as a fraction worksheets – grade 4; grade 4 writing one as a fraction practice sheets with answer key; grade 4 writing one as a fraction printable math practice","Writing One as a Fraction Worksheets – Grade 4","Practice grade 4 writing one as a fraction with free printable worksheets. Each page includes a matching answer key for classroom lessons, tutoring, or homework.","No","Medium"
"en/print/level-skills-upper/grade-4-fraction-same-adding-improper-fractions-and-proper-fractions-with-like-denominators-worksheets.html","Add Improper and Proper Fractions, Like Denominators - Grade 4 | Googoodan","Like-Denominator Improper & Proper Fraction Addition Worksheets | Googoodan","improper plus proper fraction addition worksheets","free printable like-denominator improper and proper fraction addition worksheets; improper plus proper fraction addition practice sheets with answer key; improper plus proper fraction addition printable math practice","Like-Denominator Improper & Proper Fraction Addition Worksheets","Free printable grade 4 like-denominator improper & proper fraction addition worksheets. Get fresh practice and a matching answer key for home or class.","No","Medium"
"en/print/level-skills-upper/grade-4-fraction-same-adding-two-mixed-numbers-with-like-denominators-worksheets.html","Add Two Mixed Numbers, Like Denominators - Grade 4 | Googoodan","Add Two Mixed Numbers, Like Denominators Worksheets | Googoodan","add two mixed numbers like denominators worksheets","free printable add two mixed numbers like denominators worksheets; add two mixed numbers like denominators practice sheets with answer key; add two mixed numbers like denominators printable math practice","Add Two Mixed Numbers, Like Denominators Worksheets","Free printable grade 4 add two mixed numbers, like denominators worksheets. Get fresh practice and a matching answer key for home or class.","No","Medium"
"en/print/level-skills-upper/grade-4-fraction-same-missing-number-fraction-addition-with-like-denominators-worksheets.html","Missing Number Fraction Addition, Like Denominators - Grade 4 | Googoodan","Missing Number Like-Denominator Addition Worksheets | Googoodan","missing number like-denominator addition worksheets","free printable missing number like-denominator addition worksheets; missing number like-denominator addition practice sheets with answer key; missing number like-denominator addition printable math practice","Missing Number Like-Denominator Addition Worksheets","Free printable grade 4 missing number like-denominator addition worksheets. Get fresh practice and a matching answer key for home or class.","Yes","Low"
"en/print/level-skills-upper/grade-4-fraction-same-missing-number-fraction-subtraction-with-like-denominators-worksheets.html","Missing Number Fraction Subtraction, Like Denominators - Grade 4 | Googoodan","Missing Number Like-Denominator Subtraction Worksheets | Googoodan","missing number like-denominator subtraction worksheets","free printable missing number like-denominator subtraction worksheets; missing number like-denominator subtraction practice sheets with answer key; missing number like-denominator subtraction printable math practice","Missing Number Like-Denominator Subtraction Worksheets","Free printable grade 4 missing number like-denominator subtraction worksheets. Get fresh practice and a matching answer key for home or class.","Yes","Low"
"en/print/level-skills-upper/grade-4-fraction-same-subtracting-improper-fractions-and-proper-fractions-with-like-denominators-worksheets.html","Subtract Improper and Proper Fractions, Like Denominators - Grade 4 | Googoodan","Improper Minus Proper Like-Denominator Fraction Worksheets | Googoodan","improper minus proper like-denominator fraction worksheets","free printable improper minus proper like-denominator fraction worksheets; improper minus proper like-denominator fraction practice sheets with answer key; improper minus proper like-denominator fraction printable math practice","Improper Minus Proper Like-Denominator Fraction Worksheets","Free printable grade 4 improper minus proper like-denominator fraction worksheets. Get fresh practice and a matching answer key for home or class.","No","Medium"
"en/print/level-skills-upper/grade-4-fraction-same-subtracting-two-mixed-numbers-with-like-denominators-worksheets.html","Subtract Two Mixed Numbers, Like Denominators - Grade 4 | Googoodan","Subtract Two Mixed Numbers, Like Denominators Worksheets | Googoodan","subtract two mixed numbers like denominators worksheets","free printable subtract two mixed numbers like denominators worksheets; subtract two mixed numbers like denominators practice sheets with answer key; subtract two mixed numbers like denominators printable math practice","Subtract Two Mixed Numbers, Like Denominators Worksheets","Free printable grade 4 subtract two mixed numbers, like denominators worksheets. Get fresh practice and a matching answer key for home or class.","No","Medium"
"en/print/level-skills-upper/grade-5-decimal-add-missing-number-decimal-addition-with-whole-numbers-and-tenths-worksheets.html","Missing Number Decimal Addition with Whole Numbers and Tenths - Grade 5 | Googoodan","Missing Addend: Whole Numbers and Tenths Worksheets | Googoodan","missing addend whole numbers and tenths worksheets","free printable missing addend: whole numbers and tenths worksheets; missing addend whole numbers and tenths practice sheets with answer key; missing addend whole numbers and tenths printable math practice","Missing Addend: Whole Numbers and Tenths Worksheets","Free printable grade 5 missing addend: whole numbers and tenths worksheets. Get fresh practice and a matching answer key for home or class.","Yes","Low"
"en/print/level-skills-upper/grade-5-decimal-add-missing-number-decimal-subtraction-with-whole-numbers-and-tenths-worksheets.html","Missing Number Decimal Subtraction with Whole Numbers and Tenths - Grade 5 | Googoodan","Missing Number: Whole Numbers Minus Tenths Worksheets | Googoodan","missing number whole numbers minus tenths worksheets","free printable missing number: whole numbers minus tenths worksheets; missing number whole numbers minus tenths practice sheets with answer key; missing number whole numbers minus tenths printable math practice","Missing Number: Whole Numbers Minus Tenths Worksheets","Free printable grade 5 missing number: whole numbers minus tenths worksheets. Get fresh practice and a matching answer key for home or class.","Yes","Low"
"en/print/level-skills-upper/grade-5-decimal-add-vertical-decimal-addition-with-hundredths-worksheets.html","Vertical Decimal Addition with Hundredths - Grade 5 | Googoodan","Vertical Decimal Addition: Hundredths Worksheets | Googoodan","vertical addition hundredths worksheets","free printable vertical decimal addition: hundredths worksheets; vertical addition hundredths practice sheets with answer key; vertical addition hundredths printable math practice","Vertical Decimal Addition: Hundredths Worksheets","Free printable grade 5 vertical decimal addition: hundredths worksheets. Get fresh practice and a matching answer key for home or class.","Yes","Low"
"en/print/level-skills-upper/grade-5-decimal-add-vertical-decimal-addition-with-tenths-and-hundredths-worksheets.html","Vertical Decimal Addition with Tenths and Hundredths - Grade 5 | Googoodan","Vertical Decimal Addition: Tenths and Hundredths Worksheets | Googoodan","vertical addition tenths and hundredths worksheets","free printable vertical decimal addition: tenths and hundredths worksheets; vertical addition tenths and hundredths practice sheets with answer key; vertical addition tenths and hundredths printable math practice","Vertical Decimal Addition: Tenths and Hundredths Worksheets","Free printable grade 5 vertical decimal addition: tenths and hundredths worksheets. Get fresh practice and a matching answer key for home or class.","Yes","Low"
"en/print/level-skills-upper/grade-5-decimal-add-vertical-decimal-addition-with-tenths-worksheets.html","Vertical Decimal Addition with Tenths - Grade 5 | Googoodan","Vertical Decimal Addition: Tenths Worksheets | Googoodan","vertical addition tenths worksheets","free printable vertical decimal addition: tenths worksheets; vertical addition tenths practice sheets with answer key; vertical addition tenths printable math practice","Vertical Decimal Addition: Tenths Worksheets","Practice grade 5 vertical decimal addition: tenths with free printable worksheets in a clear layout. The included answer key helps students check each completed set.","Yes","Low"
"en/print/level-skills-upper/grade-5-decimal-add-vertical-decimal-addition-with-whole-numbers-and-hundredths-worksheets.html","Vertical Decimal Addition with Whole Numbers and Hundredths - Grade 5 | Googoodan","Vertical Addition: Whole Numbers and Hundredths Worksheets | Googoodan","vertical addition whole numbers and hundredths worksheets","free printable vertical addition: whole numbers and hundredths worksheets; vertical addition whole numbers and hundredths practice sheets with answer key; vertical addition whole numbers and hundredths printable math practice","Vertical Addition: Whole Numbers and Hundredths Worksheets","Free printable grade 5 vertical addition: whole numbers and hundredths worksheets. Get fresh practice and a matching answer key for home or class.","Yes","Low"
"en/print/level-skills-upper/grade-5-decimal-add-vertical-decimal-addition-with-whole-numbers-and-tenths-worksheets.html","Vertical Decimal Addition with Whole Numbers and Tenths - Grade 5 | Googoodan","Vertical Decimal Addition: Whole Numbers and Tenths Worksheets | Googoodan","vertical addition whole numbers and tenths worksheets","free printable vertical decimal addition: whole numbers and tenths worksheets; vertical addition whole numbers and tenths practice sheets with answer key; vertical addition whole numbers and tenths printable math practice","Vertical Decimal Addition: Whole Numbers and Tenths Worksheets","Free printable grade 5 vertical decimal addition: whole numbers and tenths worksheets. Get fresh practice and a matching answer key for home or class.","Yes","Low"
"en/print/level-skills-upper/grade-5-decimal-add-vertical-decimal-subtraction-with-hundredths-worksheets.html","Vertical Decimal Subtraction with Hundredths - Grade 5 | Googoodan","Vertical Decimal Subtraction: Hundredths Worksheets | Googoodan","vertical subtraction hundredths worksheets","free printable vertical decimal subtraction: hundredths worksheets; vertical subtraction hundredths practice sheets with answer key; vertical subtraction hundredths printable math practice","Vertical Decimal Subtraction: Hundredths Worksheets","Free printable grade 5 vertical decimal subtraction: hundredths worksheets. Get fresh practice and a matching answer key for home or class.","Yes","Low"
"en/print/level-skills-upper/grade-5-decimal-add-vertical-decimal-subtraction-with-tenths-and-hundredths-worksheets.html","Vertical Decimal Subtraction with Tenths and Hundredths - Grade 5 | Googoodan","Vertical Subtraction: Tenths Minus Hundredths Worksheets | Googoodan","vertical subtraction tenths minus hundredths worksheets","free printable vertical subtraction: tenths minus hundredths worksheets; vertical subtraction tenths minus hundredths practice sheets with answer key; vertical subtraction tenths minus hundredths printable math practice","Vertical Subtraction: Tenths Minus Hundredths Worksheets","Free printable grade 5 vertical subtraction: tenths minus hundredths worksheets. Get fresh practice and a matching answer key for home or class.","Yes","Low"
"en/print/level-skills-upper/grade-5-decimal-add-vertical-decimal-subtraction-with-tenths-worksheets.html","Vertical Decimal Subtraction with Tenths - Grade 5 | Googoodan","Vertical Decimal Subtraction: Tenths Worksheets | Googoodan","vertical subtraction tenths worksheets","free printable vertical decimal subtraction: tenths worksheets; vertical subtraction tenths practice sheets with answer key; vertical subtraction tenths printable math practice","Vertical Decimal Subtraction: Tenths Worksheets","Free printable grade 5 vertical decimal subtraction: tenths worksheets. Get fresh practice and a matching answer key for home or class.","Yes","Low"
"en/print/level-skills-upper/grade-5-decimal-add-vertical-decimal-subtraction-with-whole-numbers-and-hundredths-worksheets.html","Vertical Decimal Subtraction with Whole Numbers and Hundredths - Grade 5 | Googoodan","Vertical Subtraction: Whole Numbers Minus Hundredths Worksheets | Googoodan","vertical subtraction whole minus hundredths worksheets","free printable vertical subtraction: whole numbers minus hundredths worksheets; vertical subtraction whole minus hundredths practice sheets with answer key; vertical subtraction whole minus hundredths printable math practice","Vertical Subtraction: Whole Numbers Minus Hundredths Worksheets","Free printable grade 5 vertical subtraction: whole numbers minus hundredths worksheets. Get fresh practice and a matching answer key for home or class.","Yes","Low"
"en/print/level-skills-upper/grade-5-decimal-add-vertical-decimal-subtraction-with-whole-numbers-and-tenths-worksheets.html","Vertical Decimal Subtraction with Whole Numbers and Tenths - Grade 5 | Googoodan","Vertical Subtraction: Whole Numbers Minus Tenths Worksheets | Googoodan","vertical subtraction whole minus tenths worksheets","free printable vertical subtraction: whole numbers minus tenths worksheets; vertical subtraction whole minus tenths practice sheets with answer key; vertical subtraction whole minus tenths printable math practice","Vertical Subtraction: Whole Numbers Minus Tenths Worksheets","Free printable grade 5 vertical subtraction: whole numbers minus tenths worksheets. Get fresh practice and a matching answer key for home or class.","Yes","Low"
"en/print/level-skills-upper/grade-5-decimal-div-whole-missing-number-decimal-division-tenths-divided-by-whole-numbers-worksheets.html","Missing Number Decimal Division: Tenths Divided by Whole Numbers - Grade 5 | Googoodan","Missing Number Division: Tenths by Whole Numbers Worksheets | Googoodan","missing number division tenths by whole numbers worksheets","free printable missing number division: tenths by whole numbers worksheets; missing number division tenths by whole numbers practice sheets with answer key; missing number division tenths by whole numbers printable math practice","Missing Number Division: Tenths by Whole Numbers Worksheets","Free printable grade 5 missing number division: tenths by whole numbers worksheets. Get fresh practice and a matching answer key for home or class.","Yes","Low"
"en/print/level-skills-upper/grade-5-decimal-div-whole-vertical-decimal-division-hundredths-divided-by-whole-numbers-worksheets.html","Vertical Decimal Division: Hundredths Divided by Whole Numbers - Grade 5 | Googoodan","Vertical Division: Hundredths by Whole Numbers Worksheets | Googoodan","vertical division hundredths by whole numbers worksheets","free printable vertical division: hundredths by whole numbers worksheets; vertical division hundredths by whole numbers practice sheets with answer key; vertical division hundredths by whole numbers printable math practice","Vertical Division: Hundredths by Whole Numbers Worksheets","Free printable grade 5 vertical division: hundredths by whole numbers worksheets. Get fresh practice and a matching answer key for home or class.","Yes","Low"
"en/print/level-skills-upper/grade-5-decimal-div-whole-vertical-decimal-division-tenths-divided-by-whole-numbers-worksheets.html","Vertical Decimal Division: Tenths Divided by Whole Numbers - Grade 5 | Googoodan","Vertical Decimal Division: Tenths by Whole Numbers Worksheets | Googoodan","vertical division tenths by whole numbers worksheets","free printable vertical decimal division: tenths by whole numbers worksheets; vertical division tenths by whole numbers practice sheets with answer key; vertical division tenths by whole numbers printable math practice","Vertical Decimal Division: Tenths by Whole Numbers Worksheets","Free printable grade 5 vertical decimal division: tenths by whole numbers worksheets. Get fresh practice and a matching answer key for home or class.","Yes","Low"
"en/print/level-skills-upper/grade-5-decimal-mul-missing-number-decimal-multiplication-with-whole-numbers-and-tenths-worksheets.html","Missing Number Decimal Multiplication with Whole Numbers and Tenths - Grade 5 | Googoodan","Missing Factor: Whole Numbers by Tenths Worksheets | Googoodan","missing factor whole numbers by tenths worksheets","free printable missing factor: whole numbers by tenths worksheets; missing factor whole numbers by tenths practice sheets with answer key; missing factor whole numbers by tenths printable math practice","Missing Factor: Whole Numbers by Tenths Worksheets","Free printable grade 5 missing factor: whole numbers by tenths worksheets. Get fresh practice and a matching answer key for home or class.","Yes","Low"
"en/print/level-skills-upper/grade-5-decimal-mul-vertical-decimal-multiplication-with-hundredths-worksheets.html","Vertical Decimal Multiplication with Hundredths - Grade 5 | Googoodan","Vertical Decimal Multiplication: Hundredths Worksheets | Googoodan","vertical multiplication hundredths worksheets","free printable vertical decimal multiplication: hundredths worksheets; vertical multiplication hundredths practice sheets with answer key; vertical multiplication hundredths printable math practice","Vertical Decimal Multiplication: Hundredths Worksheets","Free printable grade 5 vertical decimal multiplication: hundredths worksheets. Get fresh practice and a matching answer key for home or class.","Yes","Low"
"en/print/level-skills-upper/grade-5-decimal-mul-vertical-decimal-multiplication-with-tenths-and-hundredths-worksheets.html","Vertical Decimal Multiplication with Tenths and Hundredths - Grade 5 | Googoodan","Vertical Multiplication: Tenths by Hundredths Worksheets | Googoodan","vertical multiplication tenths by hundredths worksheets","free printable vertical multiplication: tenths by hundredths worksheets; vertical multiplication tenths by hundredths practice sheets with answer key; vertical multiplication tenths by hundredths printable math practice","Vertical Multiplication: Tenths by Hundredths Worksheets","Free printable grade 5 vertical multiplication: tenths by hundredths worksheets. Get fresh practice and a matching answer key for home or class.","Yes","Low"
"en/print/level-skills-upper/grade-5-decimal-mul-vertical-decimal-multiplication-with-tenths-worksheets.html","Vertical Decimal Multiplication with Tenths - Grade 5 | Googoodan","Vertical Decimal Multiplication: Tenths Worksheets | Googoodan","vertical multiplication tenths worksheets","free printable vertical decimal multiplication: tenths worksheets; vertical multiplication tenths practice sheets with answer key; vertical multiplication tenths printable math practice","Vertical Decimal Multiplication: Tenths Worksheets","Free printable grade 5 vertical decimal multiplication: tenths worksheets. Get fresh practice and a matching answer key for home or class.","Yes","Low"
"en/print/level-skills-upper/grade-5-decimal-mul-vertical-decimal-multiplication-with-whole-numbers-and-hundredths-worksheets.html","Vertical Decimal Multiplication with Whole Numbers and Hundredths - Grade 5 | Googoodan","Vertical Multiplication: Whole Numbers by Hundredths Worksheets | Googoodan","vertical multiplication whole by hundredths worksheets","free printable vertical multiplication: whole numbers by hundredths worksheets; vertical multiplication whole by hundredths practice sheets with answer key; vertical multiplication whole by hundredths printable math practice","Vertical Multiplication: Whole Numbers by Hundredths Worksheets","Free printable grade 5 vertical multiplication: whole numbers by hundredths worksheets. Get fresh practice and a matching answer key for home or class.","Yes","Low"
"en/print/level-skills-upper/grade-5-decimal-mul-vertical-decimal-multiplication-with-whole-numbers-and-tenths-worksheets.html","Vertical Decimal Multiplication with Whole Numbers and Tenths - Grade 5 | Googoodan","Vertical Multiplication: Whole Numbers by Tenths Worksheets | Googoodan","vertical multiplication whole by tenths worksheets","free printable vertical multiplication: whole numbers by tenths worksheets; vertical multiplication whole by tenths practice sheets with answer key; vertical multiplication whole by tenths printable math practice","Vertical Multiplication: Whole Numbers by Tenths Worksheets","Free printable grade 5 vertical multiplication: whole numbers by tenths worksheets. Get fresh practice and a matching answer key for home or class.","Yes","Low"
"en/print/level-skills-upper/grade-5-div-2-missing-digit-two-digit-by-two-digit-division-worksheets.html","Missing Digit 2-Digit by 2-Digit Division - Grade 5 | Googoodan","Missing Digit 2 Digit by 2 Digit Division Worksheets | Googoodan","missing digit 2 by 2 digit division worksheets","free printable missing digit 2 digit by 2 digit division worksheets; missing digit 2 by 2 digit division practice sheets with answer key; missing digit 2 by 2 digit division printable math practice","Missing Digit 2 Digit by 2 Digit Division Worksheets","Free printable grade 5 missing digit 2 digit by 2 digit division worksheets. Get fresh practice and a matching answer key for home or class.","No","Low"
"en/print/level-skills-upper/grade-5-div-2-missing-number-two-digit-by-two-digit-division-worksheets.html","Missing Number 2-Digit by 2-Digit Division - Grade 5 | Googoodan","Missing Number 2 Digit by 2 Digit Division Worksheets | Googoodan","missing number 2 by 2 digit division worksheets","free printable missing number 2 digit by 2 digit division worksheets; missing number 2 by 2 digit division practice sheets with answer key; missing number 2 by 2 digit division printable math practice","Missing Number 2 Digit by 2 Digit Division Worksheets","Free printable grade 5 missing number 2 digit by 2 digit division worksheets. Get fresh practice and a matching answer key for home or class.","No","Low"
"en/print/level-skills-upper/grade-5-div-2-three-digit-by-two-digit-division-with-remainders-worksheets-horizontal-practice.html","3-Digit by 2-Digit Division With Remainders - Grade 5 - Horizontal | Googoodan","3 Digit by 2 Digit Division With Remainders Worksheets | Googoodan","3 by 2 digit division with remainders worksheets","free printable 3 digit by 2 digit division with remainders worksheets; 3 by 2 digit division with remainders practice sheets with answer key; 3 by 2 digit division with remainders printable math practice","3 Digit by 2 Digit Division With Remainders Worksheets","Free printable grade 5 horizontal 3 digit by 2 digit division with remainders worksheets. Get fresh practice and a matching answer key for home or class.","No","Low"
"en/print/level-skills-upper/grade-5-div-2-three-digit-by-two-digit-division-with-remainders-worksheets-long-division-format.html","2-Digit Divisor Long Division with Remainders | Googoodan","Division With Remainders: 3 Digit by 2 Digit Worksheets | Googoodan","3 by 2 long division with remainders worksheets","free printable division with remainders: 3 digit by 2 digit worksheets; 3 by 2 long division with remainders practice sheets with answer key; 3 by 2 long division with remainders printable math practice","Division With Remainders: 3 Digit by 2 Digit Worksheets","Free printable grade 5 long division division with remainders: 3 digit by 2 digit worksheets. Get fresh practice and a matching answer key for home or class.","No","High"
"en/print/level-skills-upper/grade-5-div-2-three-digit-by-two-digit-division-without-remainders-worksheets-horizontal-practice.html","3-Digit by 2-Digit Division No Remainders - Grade 5 - Horizontal | Googoodan","3 Digit by 2 Digit Division Without Remainders Worksheets | Googoodan","3 by 2 digit division without remainders worksheets","free printable 3 digit by 2 digit division without remainders worksheets; 3 by 2 digit division without remainders practice sheets with answer key; 3 by 2 digit division without remainders printable math practice","3 Digit by 2 Digit Division Without Remainders Worksheets","Free printable grade 5 horizontal 3 digit by 2 digit division without remainders worksheets. Get fresh practice and a matching answer key for home or class.","No","Low"
"en/print/level-skills-upper/grade-5-div-2-three-digit-by-two-digit-division-without-remainders-worksheets-long-division-format.html","2-Digit Divisor Long Division without Remainders | Googoodan","Division Without Remainders: 3 Digit by 2 Digit Worksheets | Googoodan","3 by 2 long division without remainders worksheets","free printable division without remainders: 3 digit by 2 digit worksheets; 3 by 2 long division without remainders practice sheets with answer key; 3 by 2 long division without remainders printable math practice","Division Without Remainders: 3 Digit by 2 Digit Worksheets","Free printable grade 5 long division division without remainders: 3 digit by 2 digit worksheets. Get fresh practice and a matching answer key for home or class.","No","High"
"en/print/level-skills-upper/grade-5-div-2-three-digit-by-two-digit-division-worksheets-horizontal-practice.html","3-Digit by 2-Digit Division - Grade 5 - Horizontal | Googoodan","3 Digit by 2 Digit Division Worksheets – Horizontal | Googoodan","horizontal 3 digit by 2 digit division worksheets","free printable 3 digit by 2 digit division worksheets – horizontal; horizontal 3 digit by 2 digit division practice sheets with answer key; horizontal 3 digit by 2 digit division printable math practice","3 Digit by 2 Digit Division Worksheets – Horizontal","Free printable grade 5 horizontal 3 digit by 2 digit division worksheets. Get fresh practice and a matching answer key for home or class.","No","Low"
"en/print/level-skills-upper/grade-5-div-2-two-digit-by-two-digit-division-with-remainders-worksheets-horizontal-practice.html","2-Digit by 2-Digit Division With Remainders - Grade 5 - Horizontal | Googoodan","2 Digit by 2 Digit Division With Remainders Worksheets | Googoodan","2 by 2 digit division with remainders worksheets","free printable 2 digit by 2 digit division with remainders worksheets; 2 by 2 digit division with remainders practice sheets with answer key; 2 by 2 digit division with remainders printable math practice","2 Digit by 2 Digit Division With Remainders Worksheets","Free printable grade 5 horizontal 2 digit by 2 digit division with remainders worksheets. Get fresh practice and a matching answer key for home or class.","No","Low"
"en/print/level-skills-upper/grade-5-div-2-two-digit-by-two-digit-division-with-remainders-worksheets-long-division-format.html","2-Digit by 2-Digit Division With Remainders - Grade 5 - Vertical | Googoodan","Division With Remainders: 2 Digit by 2 Digit Worksheets | Googoodan","2 by 2 long division with remainders worksheets","free printable division with remainders: 2 digit by 2 digit worksheets; 2 by 2 long division with remainders practice sheets with answer key; 2 by 2 long division with remainders printable math practice","Division With Remainders: 2 Digit by 2 Digit Worksheets","Free printable grade 5 long division division with remainders: 2 digit by 2 digit worksheets. Get fresh practice and a matching answer key for home or class.","No","High"
"en/print/level-skills-upper/grade-5-div-2-two-digit-by-two-digit-division-without-remainders-worksheets-horizontal-practice.html","2-Digit by 2-Digit Division No Remainders - Grade 5 - Horizontal | Googoodan","2 Digit by 2 Digit Division Without Remainders Worksheets | Googoodan","2 by 2 digit division without remainders worksheets","free printable 2 digit by 2 digit division without remainders worksheets; 2 by 2 digit division without remainders practice sheets with answer key; 2 by 2 digit division without remainders printable math practice","2 Digit by 2 Digit Division Without Remainders Worksheets","Free printable grade 5 horizontal 2 digit by 2 digit division without remainders worksheets. Get fresh practice and a matching answer key for home or class.","No","Low"
"en/print/level-skills-upper/grade-5-div-2-two-digit-by-two-digit-division-without-remainders-worksheets-long-division-format.html","2-Digit by 2-Digit Division No Remainders - Grade 5 - Vertical | Googoodan","Division Without Remainders: 2 Digit by 2 Digit Worksheets | Googoodan","2 by 2 long division without remainders worksheets","free printable division without remainders: 2 digit by 2 digit worksheets; 2 by 2 long division without remainders practice sheets with answer key; 2 by 2 long division without remainders printable math practice","Division Without Remainders: 2 Digit by 2 Digit Worksheets","Free printable grade 5 long division division without remainders: 2 digit by 2 digit worksheets. Get fresh practice and a matching answer key for home or class.","No","High"
"en/print/level-skills-upper/grade-5-div-2-two-digit-by-two-digit-division-worksheets-horizontal-practice.html","2-Digit by 2-Digit Division - Grade 5 - Horizontal | Googoodan","2 Digit by 2 Digit Division Worksheets – Horizontal | Googoodan","horizontal 2 digit by 2 digit division worksheets","free printable 2 digit by 2 digit division worksheets – horizontal; horizontal 2 digit by 2 digit division practice sheets with answer key; horizontal 2 digit by 2 digit division printable math practice","2 Digit by 2 Digit Division Worksheets – Horizontal","Free printable grade 5 horizontal 2 digit by 2 digit division worksheets. Get fresh practice and a matching answer key for home or class.","No","Low"
"en/print/level-skills-upper/grade-5-fraction-mul-missing-number-fraction-multiplication-worksheets.html","Missing Number Fraction Multiplication - Grade 5 | Googoodan","Missing Number Fraction Multiplication Worksheets | Googoodan","missing number fraction multiplication worksheets","free printable missing number fraction multiplication worksheets; missing number fraction multiplication practice sheets with answer key; missing number fraction multiplication printable math practice","Missing Number Fraction Multiplication Worksheets","Free printable grade 5 missing number fraction multiplication worksheets. Get fresh practice and a matching answer key for home or class.","Yes","Low"
"en/print/level-skills-upper/grade-5-fraction-unlike-missing-number-fraction-addition-with-unlike-denominators-worksheets.html","Missing Number Fraction Addition, Unlike Denominators - Grade 5 | Googoodan","Missing Number Unlike-Denominator Addition Worksheets | Googoodan","missing number unlike-denominator addition worksheets","free printable missing number unlike-denominator addition worksheets; missing number unlike-denominator addition practice sheets with answer key; missing number unlike-denominator addition printable math practice","Missing Number Unlike-Denominator Addition Worksheets","Free printable grade 5 missing number unlike-denominator addition worksheets. Get fresh practice and a matching answer key for home or class.","Yes","Low"
"en/print/level-skills-upper/grade-5-fraction-unlike-missing-number-fraction-subtraction-with-unlike-denominators-worksheets.html","Missing Number Fraction Subtraction, Unlike Denominators - Grade 5 | Googoodan","Missing Number Unlike-Denominator Subtraction Worksheets | Googoodan","missing number unlike-denominator subtraction worksheets","free printable missing number unlike-denominator subtraction worksheets; missing number unlike-denominator subtraction practice sheets with answer key; missing number unlike-denominator subtraction printable math practice","Missing Number Unlike-Denominator Subtraction Worksheets","Free printable grade 5 missing number unlike-denominator subtraction worksheets. Get fresh practice and a matching answer key for home or class.","Yes","Low"
"en/print/level-skills-upper/grade-6-decimal-add-horizontal-decimal-addition-with-hundredths-and-thousandths-worksheets.html","Horizontal Decimal Addition with Hundredths and Thousandths - Grade 6 | Googoodan","Horizontal Addition: Hundredths and Thousandths Worksheets | Googoodan","horizontal addition hundredths and thousandths worksheets","free printable horizontal addition: hundredths and thousandths worksheets; horizontal addition hundredths and thousandths practice sheets with answer key; horizontal addition hundredths and thousandths printable math practice","Horizontal Addition: Hundredths and Thousandths Worksheets","Free printable grade 6 horizontal addition: hundredths and thousandths worksheets. Get fresh practice and a matching answer key for home or class.","Yes","Low"
"en/print/level-skills-upper/grade-6-decimal-add-horizontal-decimal-addition-with-tenths-and-thousandths-worksheets.html","Horizontal Decimal Addition with Tenths and Thousandths - Grade 6 | Googoodan","Horizontal Decimal Addition: Tenths and Thousandths Worksheets | Googoodan","horizontal addition tenths and thousandths worksheets","free printable horizontal decimal addition: tenths and thousandths worksheets; horizontal addition tenths and thousandths practice sheets with answer key; horizontal addition tenths and thousandths printable math practice","Horizontal Decimal Addition: Tenths and Thousandths Worksheets","Free printable grade 6 horizontal decimal addition: tenths and thousandths worksheets. Get fresh practice and a matching answer key for home or class.","Yes","Low"
"en/print/level-skills-upper/grade-6-decimal-add-horizontal-decimal-addition-with-thousandths-worksheets.html","Horizontal Decimal Addition with Thousandths - Grade 6 | Googoodan","Horizontal Decimal Addition: Thousandths Worksheets | Googoodan","horizontal addition thousandths worksheets","free printable horizontal decimal addition: thousandths worksheets; horizontal addition thousandths practice sheets with answer key; horizontal addition thousandths printable math practice","Horizontal Decimal Addition: Thousandths Worksheets","Free printable grade 6 horizontal decimal addition: thousandths worksheets. Get fresh practice and a matching answer key for home or class.","Yes","Low"
"en/print/level-skills-upper/grade-6-decimal-add-horizontal-decimal-addition-with-whole-numbers-and-thousandths-worksheets.html","Horizontal Decimal Addition with Whole Numbers and Thousandths - Grade 6 | Googoodan","Horizontal Addition: Whole Numbers and Thousandths Worksheets | Googoodan","horizontal addition whole numbers and thousandths worksheets","free printable horizontal addition: whole numbers and thousandths worksheets; horizontal addition whole numbers and thousandths practice sheets with answer key; horizontal addition whole numbers and thousandths printable math practice","Horizontal Addition: Whole Numbers and Thousandths Worksheets","Free printable grade 6 horizontal addition: whole numbers and thousandths worksheets. Get fresh practice and a matching answer key for home or class.","Yes","Low"
"en/print/level-skills-upper/grade-6-decimal-add-horizontal-decimal-subtraction-with-hundredths-and-thousandths-worksheets.html","Horizontal Decimal Subtraction with Hundredths and Thousandths - Grade 6 | Googoodan","Horizontal Subtraction: Hundredths Minus Thousandths Worksheets | Googoodan","horizontal hundredths minus thousandths worksheets","free printable horizontal subtraction: hundredths minus thousandths worksheets; horizontal hundredths minus thousandths practice sheets with answer key; horizontal hundredths minus thousandths printable math practice","Horizontal Subtraction: Hundredths Minus Thousandths Worksheets","Free printable grade 6 horizontal subtraction: hundredths minus thousandths worksheets. Get fresh practice and a matching answer key for home or class.","Yes","Low"
"en/print/level-skills-upper/grade-6-decimal-add-horizontal-decimal-subtraction-with-tenths-and-thousandths-worksheets.html","Horizontal Decimal Subtraction with Tenths and Thousandths - Grade 6 | Googoodan","Horizontal Subtraction: Tenths Minus Thousandths Worksheets | Googoodan","horizontal tenths minus thousandths worksheets","free printable horizontal subtraction: tenths minus thousandths worksheets; horizontal tenths minus thousandths practice sheets with answer key; horizontal tenths minus thousandths printable math practice","Horizontal Subtraction: Tenths Minus Thousandths Worksheets","Free printable grade 6 horizontal subtraction: tenths minus thousandths worksheets. Get fresh practice and a matching answer key for home or class.","Yes","Low"
"en/print/level-skills-upper/grade-6-decimal-add-horizontal-decimal-subtraction-with-thousandths-worksheets.html","Horizontal Decimal Subtraction with Thousandths - Grade 6 | Googoodan","Horizontal Decimal Subtraction: Thousandths Worksheets | Googoodan","horizontal subtraction thousandths worksheets","free printable horizontal decimal subtraction: thousandths worksheets; horizontal subtraction thousandths practice sheets with answer key; horizontal subtraction thousandths printable math practice","Horizontal Decimal Subtraction: Thousandths Worksheets","Free printable grade 6 horizontal decimal subtraction: thousandths worksheets. Get fresh practice and a matching answer key for home or class.","Yes","Low"
"en/print/level-skills-upper/grade-6-decimal-add-horizontal-decimal-subtraction-with-whole-numbers-and-thousandths-worksheets.html","Horizontal Decimal Subtraction with Whole Numbers and Thousandths - Grade 6 | Googoodan","Horizontal Subtraction: Whole Minus Thousandths Worksheets | Googoodan","horizontal subtraction whole minus thousandths worksheets","free printable horizontal subtraction: whole minus thousandths worksheets; horizontal subtraction whole minus thousandths practice sheets with answer key; horizontal subtraction whole minus thousandths printable math practice","Horizontal Subtraction: Whole Minus Thousandths Worksheets","Free printable grade 6 horizontal subtraction: whole minus thousandths worksheets. Get fresh practice and a matching answer key for home or class.","Yes","Low"
"en/print/level-skills-upper/grade-6-decimal-add-vertical-decimal-addition-with-hundredths-and-thousandths-worksheets.html","Vertical Decimal Addition with Hundredths and Thousandths - Grade 6 | Googoodan","Vertical Addition: Hundredths and Thousandths Worksheets | Googoodan","vertical addition hundredths and thousandths worksheets","free printable vertical addition: hundredths and thousandths worksheets; vertical addition hundredths and thousandths practice sheets with answer key; vertical addition hundredths and thousandths printable math practice","Vertical Addition: Hundredths and Thousandths Worksheets","Free printable grade 6 vertical addition: hundredths and thousandths worksheets. Get fresh practice and a matching answer key for home or class.","Yes","Low"
"en/print/level-skills-upper/grade-6-decimal-add-vertical-decimal-addition-with-tenths-and-thousandths-worksheets.html","Vertical Decimal Addition with Tenths and Thousandths - Grade 6 | Googoodan","Vertical Decimal Addition: Tenths and Thousandths Worksheets | Googoodan","vertical addition tenths and thousandths worksheets","free printable vertical decimal addition: tenths and thousandths worksheets; vertical addition tenths and thousandths practice sheets with answer key; vertical addition tenths and thousandths printable math practice","Vertical Decimal Addition: Tenths and Thousandths Worksheets","Free printable grade 6 vertical decimal addition: tenths and thousandths worksheets. Get fresh practice and a matching answer key for home or class.","Yes","Low"
"en/print/level-skills-upper/grade-6-decimal-add-vertical-decimal-addition-with-thousandths-worksheets.html","Vertical Decimal Addition with Thousandths - Grade 6 | Googoodan","Vertical Decimal Addition: Thousandths Worksheets | Googoodan","vertical addition thousandths worksheets","free printable vertical decimal addition: thousandths worksheets; vertical addition thousandths practice sheets with answer key; vertical addition thousandths printable math practice","Vertical Decimal Addition: Thousandths Worksheets","Free printable grade 6 vertical decimal addition: thousandths worksheets. Get fresh practice and a matching answer key for home or class.","Yes","Low"
"en/print/level-skills-upper/grade-6-decimal-add-vertical-decimal-addition-with-whole-numbers-and-thousandths-worksheets.html","Vertical Decimal Addition with Whole Numbers and Thousandths - Grade 6 | Googoodan","Vertical Addition: Whole Numbers and Thousandths Worksheets | Googoodan","vertical addition whole numbers and thousandths worksheets","free printable vertical addition: whole numbers and thousandths worksheets; vertical addition whole numbers and thousandths practice sheets with answer key; vertical addition whole numbers and thousandths printable math practice","Vertical Addition: Whole Numbers and Thousandths Worksheets","Free printable grade 6 vertical addition: whole numbers and thousandths worksheets. Get fresh practice and a matching answer key for home or class.","Yes","Low"
"en/print/level-skills-upper/grade-6-decimal-add-vertical-decimal-subtraction-with-hundredths-and-thousandths-worksheets.html","Vertical Decimal Subtraction with Hundredths and Thousandths - Grade 6 | Googoodan","Vertical Subtraction: Hundredths Minus Thousandths Worksheets | Googoodan","vertical subtraction hundredths minus thousandths worksheets","free printable vertical subtraction: hundredths minus thousandths worksheets; vertical subtraction hundredths minus thousandths practice sheets with answer key; vertical subtraction hundredths minus thousandths printable math practice","Vertical Subtraction: Hundredths Minus Thousandths Worksheets","Free printable grade 6 vertical subtraction: hundredths minus thousandths worksheets. Get fresh practice and a matching answer key for home or class.","Yes","Low"
"en/print/level-skills-upper/grade-6-decimal-add-vertical-decimal-subtraction-with-tenths-and-thousandths-worksheets.html","Vertical Decimal Subtraction with Tenths and Thousandths - Grade 6 | Googoodan","Vertical Subtraction: Tenths Minus Thousandths Worksheets | Googoodan","vertical subtraction tenths minus thousandths worksheets","free printable vertical subtraction: tenths minus thousandths worksheets; vertical subtraction tenths minus thousandths practice sheets with answer key; vertical subtraction tenths minus thousandths printable math practice","Vertical Subtraction: Tenths Minus Thousandths Worksheets","Free printable grade 6 vertical subtraction: tenths minus thousandths worksheets. Get fresh practice and a matching answer key for home or class.","Yes","Low"
"en/print/level-skills-upper/grade-6-decimal-add-vertical-decimal-subtraction-with-thousandths-worksheets.html","Vertical Decimal Subtraction with Thousandths - Grade 6 | Googoodan","Vertical Decimal Subtraction: Thousandths Worksheets | Googoodan","vertical subtraction thousandths worksheets","free printable vertical decimal subtraction: thousandths worksheets; vertical subtraction thousandths practice sheets with answer key; vertical subtraction thousandths printable math practice","Vertical Decimal Subtraction: Thousandths Worksheets","Free printable grade 6 vertical decimal subtraction: thousandths worksheets. Get fresh practice and a matching answer key for home or class.","Yes","Low"
"en/print/level-skills-upper/grade-6-decimal-add-vertical-decimal-subtraction-with-whole-numbers-and-thousandths-worksheets.html","Vertical Decimal Subtraction with Whole Numbers and Thousandths - Grade 6 | Googoodan","Vertical Subtraction: Whole Minus Thousandths Worksheets | Googoodan","vertical subtraction whole minus thousandths worksheets","free printable vertical subtraction: whole minus thousandths worksheets; vertical subtraction whole minus thousandths practice sheets with answer key; vertical subtraction whole minus thousandths printable math practice","Vertical Subtraction: Whole Minus Thousandths Worksheets","Free printable grade 6 vertical subtraction: whole minus thousandths worksheets. Get fresh practice and a matching answer key for home or class.","Yes","Low"
"en/print/level-skills-upper/grade-6-decimal-div-missing-number-decimal-division-whole-numbers-divided-by-tenths-worksheets.html","Missing Number Decimal Division: Whole Numbers Divided by Tenths - Grade 6 | Googoodan","Missing Number Division: Whole Numbers by Tenths Worksheets | Googoodan","missing number division whole numbers by tenths worksheets","free printable missing number division: whole numbers by tenths worksheets; missing number division whole numbers by tenths practice sheets with answer key; missing number division whole numbers by tenths printable math practice","Missing Number Division: Whole Numbers by Tenths Worksheets","Free printable grade 6 missing number division: whole numbers by tenths worksheets. Get fresh practice and a matching answer key for home or class.","Yes","Low"
"en/print/level-skills-upper/grade-6-decimal-div-vertical-decimal-division-hundredths-divided-by-hundredths-worksheets.html","Vertical Decimal Division: Hundredths Divided by Hundredths - Grade 6 | Googoodan","Vertical Decimal Division: Hundredths by Hundredths Worksheets | Googoodan","vertical division hundredths by hundredths worksheets","free printable vertical decimal division: hundredths by hundredths worksheets; vertical division hundredths by hundredths practice sheets with answer key; vertical division hundredths by hundredths printable math practice","Vertical Decimal Division: Hundredths by Hundredths Worksheets","Free printable grade 6 vertical decimal division: hundredths by hundredths worksheets. Get fresh practice and a matching answer key for home or class.","Yes","Low"
"en/print/level-skills-upper/grade-6-decimal-div-vertical-decimal-division-hundredths-divided-by-tenths-worksheets.html","Vertical Decimal Division: Hundredths Divided by Tenths - Grade 6 | Googoodan","Vertical Decimal Division: Hundredths by Tenths Worksheets | Googoodan","vertical division hundredths by tenths worksheets","free printable vertical decimal division: hundredths by tenths worksheets; vertical division hundredths by tenths practice sheets with answer key; vertical division hundredths by tenths printable math practice","Vertical Decimal Division: Hundredths by Tenths Worksheets","Free printable grade 6 vertical decimal division: hundredths by tenths worksheets. Get fresh practice and a matching answer key for home or class.","Yes","Low"
"en/print/level-skills-upper/grade-6-decimal-div-vertical-decimal-division-tenths-divided-by-hundredths-worksheets.html","Vertical Decimal Division: Tenths Divided by Hundredths - Grade 6 | Googoodan","Vertical Decimal Division: Tenths by Hundredths Worksheets | Googoodan","vertical division tenths by hundredths worksheets","free printable vertical decimal division: tenths by hundredths worksheets; vertical division tenths by hundredths practice sheets with answer key; vertical division tenths by hundredths printable math practice","Vertical Decimal Division: Tenths by Hundredths Worksheets","Free printable grade 6 vertical decimal division: tenths by hundredths worksheets. Get fresh practice and a matching answer key for home or class.","Yes","Low"
"en/print/level-skills-upper/grade-6-decimal-div-vertical-decimal-division-tenths-divided-by-tenths-worksheets.html","Vertical Decimal Division: Tenths Divided by Tenths - Grade 6 | Googoodan","Vertical Decimal Division: Tenths by Tenths Worksheets | Googoodan","vertical division tenths by tenths worksheets","free printable vertical decimal division: tenths by tenths worksheets; vertical division tenths by tenths practice sheets with answer key; vertical division tenths by tenths printable math practice","Vertical Decimal Division: Tenths by Tenths Worksheets","Free printable grade 6 vertical decimal division: tenths by tenths worksheets. Get fresh practice and a matching answer key for home or class.","Yes","Low"
"en/print/level-skills-upper/grade-6-decimal-div-vertical-decimal-division-whole-numbers-divided-by-hundredths-worksheets.html","Vertical Decimal Division: Whole Numbers Divided by Hundredths - Grade 6 | Googoodan","Vertical Division: Whole Numbers by Hundredths Worksheets | Googoodan","vertical division whole numbers by hundredths worksheets","free printable vertical division: whole numbers by hundredths worksheets; vertical division whole numbers by hundredths practice sheets with answer key; vertical division whole numbers by hundredths printable math practice","Vertical Division: Whole Numbers by Hundredths Worksheets","Free printable grade 6 vertical division: whole numbers by hundredths worksheets. Get fresh practice and a matching answer key for home or class.","Yes","Low"
"en/print/level-skills-upper/grade-6-decimal-div-vertical-decimal-division-whole-numbers-divided-by-tenths-worksheets.html","Vertical Decimal Division: Whole Numbers Divided by Tenths - Grade 6 | Googoodan","Vertical Decimal Division: Whole Numbers by Tenths Worksheets | Googoodan","vertical division whole numbers by tenths worksheets","free printable vertical decimal division: whole numbers by tenths worksheets; vertical division whole numbers by tenths practice sheets with answer key; vertical division whole numbers by tenths printable math practice","Vertical Decimal Division: Whole Numbers by Tenths Worksheets","Free printable grade 6 vertical decimal division: whole numbers by tenths worksheets. Get fresh practice and a matching answer key for home or class.","Yes","Low"
"en/print/level-skills-upper/grade-6-fraction-div-missing-number-fraction-division-worksheets.html","Missing Number Fraction Division - Grade 6 | Googoodan","Missing Number Fraction Division Worksheets – Grade 6 | Googoodan","grade 6 missing number fraction division worksheets","free printable missing number fraction division worksheets – grade 6; grade 6 missing number fraction division practice sheets with answer key; grade 6 missing number fraction division printable math practice","Missing Number Fraction Division Worksheets – Grade 6","Free printable grade 6 missing number fraction division worksheets. Get fresh practice and a matching answer key for home or class.","Yes","Low"
"en/print/level-skills-upper/grade-6-fraction-div-whole-missing-number-dividing-proper-fractions-and-whole-numbers-worksheets.html","Missing Number: Divide Proper Fractions and Whole Numbers - Grade 6 | Googoodan","Missing Number: Proper Fraction by Whole Number Worksheets | Googoodan","missing number proper fraction by whole number worksheets","free printable missing number: proper fraction by whole number worksheets; missing number proper fraction by whole number practice sheets with answer key; missing number proper fraction by whole number printable math practice","Missing Number: Proper Fraction by Whole Number Worksheets","Free printable grade 6 missing number: proper fraction by whole number worksheets. Get fresh practice and a matching answer key for home or class.","Yes","Low"
"en/probability.html","Probability Worksheets: Impossible, Certain and Even Chance | Googoodan","Probability and Chance Worksheets | Googoodan","probability and chance worksheets","free printable probability and chance worksheets; probability and chance practice sheets with answer key; probability and chance printable math practice","Probability and Chance Worksheets","Free printable probability and chance worksheets with a matching answer key. Generate a fresh practice set for home, tutoring, or classroom use.","No","Low"
"en/ratio.html","Ratio and Proportion Worksheets | Googoodan","Ratio and Proportion Worksheets | Googoodan","ratio and proportion worksheets","free printable ratio and proportion worksheets; ratio and proportion practice sheets with answer key; ratio and proportion printable math practice","Ratio and Proportion Worksheets","Build skills with free printable ratio and proportion worksheets. Generate new practice questions and a matching answer key for lessons or home.","Yes","Medium"
"en/repeating-patterns.html","Repeating Pattern Worksheets for Kindergarten | Googoodan","Repeating Pattern Worksheets for Kindergarten | Googoodan","repeating pattern worksheets for kindergarten","free printable repeating pattern worksheets for kindergarten; repeating pattern for kindergarten practice sheets with answer key; repeating pattern for kindergarten printable math practice","Repeating Pattern Worksheets for Kindergarten","Free printable repeating pattern for kindergarten worksheets with a matching answer key. Generate a fresh practice set for home, tutoring, or classroom use.","No","Low"
"en/rounding.html","Rounding Worksheets | Googoodan","Rounding Worksheets | Googoodan","rounding worksheets","free printable rounding worksheets; rounding practice sheets with answer key; rounding printable math practice","Rounding Worksheets","Build skills with free printable rounding worksheets. Generate new practice questions and a matching answer key for lessons or home.","Yes","High"
"en/shape-sorting.html","Shape Sorting Worksheets for Kindergarten | Googoodan","Shape Sorting Worksheets for Kindergarten | Googoodan","shape sorting worksheets for kindergarten","free printable shape sorting worksheets for kindergarten; shape sorting for kindergarten practice sheets with answer key; shape sorting for kindergarten printable math practice","Shape Sorting Worksheets for Kindergarten","Free printable shape sorting for kindergarten worksheets with a matching answer key. Generate a fresh practice set for home, tutoring, or classroom use.","No","Low"
"en/simplifying-fractions.html","Simplifying Fractions Worksheets | Googoodan","Simplifying Fractions Worksheets | Googoodan","simplifying fractions worksheets","free printable simplifying fractions worksheets; simplifying fractions practice sheets with answer key; simplifying fractions printable math practice","Simplifying Fractions Worksheets","Build skills with free printable simplifying fractions worksheets. Generate new practice questions and a matching answer key for lessons or home.","No","Medium"
"en/skip-counting-missing-numbers-to-1000.html","Skip Counting Missing Numbers to 1,000 Worksheets | Googoodan","Skip Counting Missing Numbers to 1,000 Worksheets | Googoodan","skip counting missing numbers to 1000 worksheets","free printable skip counting missing numbers to 1000 worksheets; skip counting missing numbers to 1000 practice sheets with answer key; skip counting missing numbers to 1000 printable math practice","Skip Counting Missing Numbers to 1,000 Worksheets","Free printable missing number skip counting missing numbers to 1,000 worksheets. Get fresh practice and a matching answer key for home or class.","No","Medium"
"en/skip-counting-paths.html","Skip Counting Paths Worksheets | Googoodan","Skip Counting Paths Worksheets | Googoodan","skip counting paths worksheets","free printable skip counting paths worksheets; skip counting paths practice sheets with answer key; skip counting paths printable math practice","Skip Counting Paths Worksheets","Free printable skip counting paths worksheets with a matching answer key. Generate a fresh practice set for home, tutoring, or classroom use.","No","Low"
"en/subtract-borrow.html","Subtraction With Borrowing Worksheets | Googoodan","2 Digit Subtraction With Regrouping Worksheets | Googoodan","2 digit subtraction with regrouping worksheets","free printable 2 digit subtraction with regrouping worksheets; 2 digit subtraction with regrouping practice sheets with answer key; 2 digit subtraction with regrouping printable math practice","2 Digit Subtraction With Regrouping Worksheets","Build skills with free printable 2 digit subtraction with regrouping worksheets. Generate new practice questions and a matching answer key for lessons or home.","Yes","High"
"en/subtract-small.html","Subtraction Within 10 Worksheets | Googoodan","Subtraction Within 10 Worksheets | Googoodan","subtraction within 10 worksheets","free printable subtraction within 10 worksheets; subtraction within 10 practice sheets with answer key; subtraction within 10 printable math practice","Subtraction Within 10 Worksheets","Build skills with free printable subtraction within 10 worksheets. Generate new practice questions and a matching answer key for lessons or home.","No","Medium"
"en/subtract-two.html","Two Digit Subtraction Without Regrouping Worksheets | Googoodan","2 Digit Subtraction Without Regrouping Worksheets | Googoodan","2 digit subtraction no regrouping worksheets","free printable 2 digit subtraction without regrouping worksheets; 2 digit subtraction no regrouping practice sheets with answer key; 2 digit subtraction no regrouping printable math practice","2 Digit Subtraction Without Regrouping Worksheets","Free printable 2 digit subtraction without regrouping worksheets with a matching answer key. Generate a fresh practice set for home, tutoring, or classroom use.","Yes","High"
"en/subtracting-three-numbers.html","Subtracting Three Numbers Worksheets | Googoodan","Subtracting Three Numbers Worksheets | Googoodan","subtracting three numbers worksheets","free printable subtracting three numbers worksheets; subtracting three numbers practice sheets with answer key; subtracting three numbers printable math practice","Subtracting Three Numbers Worksheets","Free printable subtracting three numbers worksheets with a matching answer key. Generate a fresh practice set for home, tutoring, or classroom use.","No","Medium"
"en/subtraction-color-by-number.html","Subtraction Color by Number Worksheets | Googoodan","Subtraction Color by Number Worksheets | Googoodan","subtraction color by number worksheets","free printable subtraction color by number worksheets; subtraction color by number practice sheets with answer key; subtraction color by number printable math practice","Subtraction Color by Number Worksheets","Use free printable subtraction color by number worksheets for focused practice. Create another set with its matching answer key whenever more practice is needed.","No","Medium"
"en/subtraction-worksheets.html","Subtraction Worksheets - Free Printable | Googoodan","Subtraction Worksheets - Free Printable | Googoodan","subtraction worksheets","free printable subtraction worksheets - free printable; subtraction practice sheets with answer key; subtraction printable math practice","Subtraction Worksheets - Free Printable","Use free printable subtraction worksheets for focused practice. Create another set with its matching answer key whenever more practice is needed.","No","High"
"en/surface-area.html","Surface Area Worksheets | Googoodan","Surface Area Worksheets | Googoodan","surface area worksheets","free printable surface area worksheets; surface area practice sheets with answer key; surface area printable math practice","Surface Area Worksheets","Free printable surface area worksheets with a matching answer key. Generate a fresh practice set for home, tutoring, or classroom use.","Yes","Medium"
"en/tally-mark-activities.html","Tally Marks Worksheets for Kids | Googoodan","Tally Marks Worksheets for Kids | Googoodan","tally marks worksheets for kids","free printable tally marks worksheets for kids; tally marks for kids practice sheets with answer key; tally marks for kids printable math practice","Tally Marks Worksheets for Kids","Build skills with free printable tally marks for kids worksheets. Generate new practice questions and a matching answer key for lessons or home.","No","Low"
"en/tape-diagram-word-problems.html","Tape Diagram Word Problems Worksheets | Googoodan","Tape Diagram Word Problem Worksheets | Googoodan","tape diagram word problem worksheets","free printable tape diagram word problem worksheets; tape diagram word problem practice sheets with answer key; tape diagram word problem printable math practice","Tape Diagram Word Problem Worksheets","Build reasoning with free printable tape diagram word problem worksheets. The included answer key helps check practice during lessons, tutoring, or homework.","Yes","High"
"en/telling-time-5-minutes.html","Telling Time to 5 Minutes Worksheets | Googoodan","Telling Time to 5 Minutes Worksheets | Googoodan","telling time to 5 minutes worksheets","free printable telling time to 5 minutes worksheets; telling time to 5 minutes practice sheets with answer key; telling time to 5 minutes printable math practice","Telling Time to 5 Minutes Worksheets","Use free printable telling time to 5 minutes worksheets for focused practice. Create another set with its matching answer key whenever more practice is needed.","No","High"
"en/telling-time.html","Telling Time Worksheets | Googoodan","Telling Time Worksheets | Googoodan","telling time worksheets","free printable telling time worksheets; telling time practice sheets with answer key; telling time printable math practice","Telling Time Worksheets","Free printable telling time worksheets with a matching answer key. Generate a fresh practice set for home, tutoring, or classroom use.","No","High"
"en/ten-frame-activities.html","Ten Frame and Make 10 Worksheets | Googoodan","Ten Frame and Make 10 Worksheets | Googoodan","ten frame and make 10 worksheets","free printable ten frame and make 10 worksheets; ten frame and make 10 practice sheets with answer key; ten frame and make 10 printable math practice","Ten Frame and Make 10 Worksheets","Use free printable ten frame and make 10 worksheets for focused practice. Create another set with its matching answer key whenever more practice is needed.","No","Low"
"en/ten-hundred-more-less-within-1000.html","10 and 100 More or Less Worksheets | Googoodan","10 and 100 More or Less Worksheets | Googoodan","10 and 100 more or less worksheets","free printable 10 and 100 more or less worksheets; 10 and 100 more or less practice sheets with answer key; 10 and 100 more or less printable math practice","10 and 100 More or Less Worksheets","Use free printable 10 and 100 more or less worksheets for focused practice. Create another set with its matching answer key whenever more practice is needed.","No","Low"
"en/ten-more-ten-less-within-100.html","10 More and 10 Less Within 100 Worksheets | Googoodan","10 More and 10 Less Within 100 Worksheets | Googoodan","10 more and 10 less within 100 worksheets","free printable 10 more and 10 less within 100 worksheets; 10 more and 10 less within 100 practice sheets with answer key; 10 more and 10 less within 100 printable math practice","10 More and 10 Less Within 100 Worksheets","Free printable 10 more and 10 less within 100 worksheets with a matching answer key. Generate a fresh practice set for home, tutoring, or classroom use.","No","Low"
"en/tens-and-ones.html","Tens and Ones Worksheets with Base Ten Blocks | Googoodan","Tens and Ones Worksheets with Base Ten Blocks | Googoodan","tens and ones worksheets with base ten blocks","free printable tens and ones worksheets with base ten blocks; tens and ones with base ten blocks practice sheets with answer key; tens and ones with base ten blocks printable math practice","Tens and Ones Worksheets with Base Ten Blocks","Free printable tens and ones with base ten blocks worksheets with a matching answer key. Generate a fresh practice set for home, tutoring, or classroom use.","No","Low"
"en/transformations.html","Geometry Transformations Worksheets - Slides, Flips and Turns | Googoodan","Geometry Transformations Worksheets | Googoodan","geometry transformations worksheets","free printable geometry transformations worksheets; geometry transformations practice sheets with answer key; geometry transformations printable math practice","Geometry Transformations Worksheets","Use free printable geometry transformations worksheets for focused practice. Create another set with its matching answer key whenever more practice is needed.","No","Medium"
"en/true-false-equations.html","True or False Math Equations Worksheets | Googoodan","True or False Math Equations Worksheets | Googoodan","true or false math equations worksheets","free printable true or false math equations worksheets; true or false math equations practice sheets with answer key; true or false math equations printable math practice","True or False Math Equations Worksheets","Build skills with free printable true or false math equations worksheets. Generate new practice questions and a matching answer key for lessons or home.","Yes","Medium"
"en/us-arithmetic.html","Common Core arithmetic | Googoodan","Common Core Arithmetic Worksheets | Googoodan","common core arithmetic worksheets","free printable common core arithmetic worksheets; common core arithmetic practice sheets with answer key; common core arithmetic printable math practice","Common Core Arithmetic Worksheets","Use free printable Common Core arithmetic worksheets for focused practice. Create another set with its matching answer key whenever more practice is needed.","No","Low"
"en/word-problems-with-extra-information.html","Word Problems with Extra Information Worksheets | Googoodan","Word Problems with Extra Information Worksheets | Googoodan","word problems with extra information worksheets","free printable word problems with extra information worksheets; word problems with extra information practice sheets with answer key; word problems with extra information printable math practice","Word Problems with Extra Information Worksheets","Free printable word problems with extra information worksheets. Get fresh practice and a matching answer key for home or class.","Yes","High"
"en/word-problems.html","Math Word Problems Worksheets | Googoodan","Math Word Problem Worksheets | Googoodan","math word problem worksheets","free printable math word problem worksheets; math word problem practice sheets with answer key; math word problem printable math practice","Math Word Problem Worksheets","Build reasoning with free printable math word problem worksheets. The included answer key helps check practice during lessons, tutoring, or homework.","Yes","High"
"en/worksheets.html","All Printable Math Worksheets with Answer Keys | Googoodan","Math Worksheets With Answer Keys | Googoodan","math worksheets with answer keys","free printable math worksheets with answer keys; math with answer keys practice sheets with answer key; math with answer keys printable math practice","Math Worksheets With Answer Keys","Find free printable math worksheets with answer keys for focused practice in arithmetic, fractions, decimals, measurement, geometry, and more.","No","High"
